100.0000000000 0.6700116098 0.9961673453
200.0000000000 0.6854216052 1.0874524373
300.0000000000 0.7575271893 1.3912200483
400.0000000000 0.8798950253 1.7013531407
500.0000000000 0.9884842246 1.8998456583
600.0000000000 1.0395363144 1.9744860610
700.0000000000 1.0229916333 1.9403039965
800.0000000000 0.9632875813 1.8244728705
900.0000000000 0.9042934126 1.6993873867
1000.0000000000 0.8678794415 1.6153431804
1100.0000000000 0.8473385403 1.5732244314
1200.0000000000 0.8319725972 1.5385176600
1300.0000000000 0.8178536979 1.5040639104
1400.0000000000 0.8047190429 1.4706669737
1500.0000000000 0.7928880839 1.4391862143
1600.0000000000 0.7779102487 1.4056758274
1700.0000000000 0.7739048181 1.3798891418
1800.0000000000 0.7663964011 1.3645691984
1900.0000000000 0.7599505992 1.3513417357
2000.0000000000 0.7544387402 1.3411383634
2100.0000000000 0.7445524470 1.3195965861
2200.0000000000 0.7494118662 1.3361917659
2300.0000000000 0.7460715443 1.3292269510
2400.0000000000 0.7424302180 1.3205095155
2500.0000000000 0.7414024927 1.3134096786
2600.0000000000 0.7399100634 1.3078688186
2700.0000000000 0.7384603560 1.3017895227
2800.0000000000 0.7372951969 1.2963917558
2900.0000000000 0.7377548630 1.2881726334
3000.0000000000 0.7368499058 1.2837263057
3100.0000000000 0.7349581085 1.2878700802
3200.0000000000 0.7381686060 1.2842399785
3300.0000000000 0.7378422563 1.2807633290
3400.0000000000 0.7431412813 1.2976380894
3500.0000000000 0.7458636991 1.3019449912
3600.0000000000 0.7467806286 1.3079381786
3700.0000000000 0.7473921900 1.3027863405
3800.0000000000 0.7506201356 1.3073212407
3900.0000000000 0.7509958766 1.3068309329
4000.0000000000 0.7529263215 1.3084864817
4100.0000000000 0.7558485628 1.3172207426
4200.0000000000 0.7611852730 1.3324863862
4300.0000000000 0.7621357747 1.3346087884
4400.0000000000 0.7610623893 1.3358865630
4500.0000000000 0.7608582254 1.3341948043
4600.0000000000 0.7657457740 1.3433125343
4700.0000000000 0.7692440240 1.3569590177
4800.0000000000 0.7719993597 1.3688675191
4900.0000000000 0.7706976241 1.3609148588
5000.0000000000 0.7748885266 1.3721509601
5100.0000000000 0.7753224719 1.3741768028
5200.0000000000 0.7765943496 1.3784751620
5300.0000000000 0.7867256824 1.3956083780
5400.0000000000 0.7791423889 1.3817705935
5500.0000000000 0.7795862199 1.3740537291
5600.0000000000 0.7814120292 1.3774547702
5700.0000000000 0.7920471314 1.3999213403
5800.0000000000 0.7930769870 1.4039722210
5900.0000000000 0.7939252817 1.4027679362
6000.0000000000 0.7941001584 1.4054142930
6100.0000000000 0.7963587390 1.4079595306
6200.0000000000 0.7951518775 1.4110508659
6300.0000000000 0.7988983989 1.4169804253
6400.0000000000 0.7964581561 1.4134372570
6500.0000000000 0.8059677949 1.4303264417
6600.0000000000 0.8068435281 1.4333063760
6700.0000000000 0.8068049826 1.4299822353
6800.0000000000 0.8079684855 1.4347583256
6900.0000000000 0.8074714184 1.4326334499
7000.0000000000 0.8108681433 1.4379940532
7100.0000000000 0.8132768127 1.4431488715
7200.0000000000 0.8178306956 1.4529534779
7300.0000000000 0.8174808216 1.4566718243
7400.0000000000 0.8161253428 1.4501024196
7500.0000000000 0.8165165348 1.4501015553
7600.0000000000 0.8193375432 1.4538994441
7700.0000000000 0.8188563416 1.4461338823
7800.0000000000 0.8196340578 1.4486636822
7900.0000000000 0.8206962912 1.4489115482
8000.0000000000 0.8250095848 1.4605602329
8100.0000000000 0.8265161780 1.4653441017
8200.0000000000 0.8251680245 1.4647301142
8300.0000000000 0.8336450867 1.4804523294
8400.0000000000 0.8279811318 1.4689198737
8500.0000000000 0.8305128084 1.4725113516
8600.0000000000 0.8270547414 1.4681161945
8700.0000000000 0.8571417063 1.0600156806
8800.0000000000 0.8379050577 1.6662371638
8900.0000000000 0.8714652302 1.7257474133
9000.0000000000 0.8856413369 1.7733915002
9100.0000000000 0.8888309440 1.7861999055
9200.0000000000 0.8856567943 1.7820108314
9300.0000000000 0.8786483598 1.7706526299
9400.0000000000 0.8694363172 1.7569699301
9500.0000000000 0.8583757942 1.7322323336
9600.0000000000 0.8480141837 1.7187871265
9700.0000000000 0.8386508951 1.7073411359
9800.0000000000 0.8302103193 1.6970462352
9900.0000000000 0.8225813612 1.6871985942
10000.0000000000 0.8125181262 1.6638993770
10100.0000000000 0.8121701481 1.6560183317
10200.0000000000 0.8091126492 1.6497696787
10300.0000000000 0.8059655596 1.6422100216
10400.0000000000 0.8026561660 1.6334404498
10500.0000000000 0.7992538132 1.6236945540
10600.0000000000 0.7958487601 1.6132353097
10700.0000000000 0.7925166002 1.6023086458
10800.0000000000 0.7917423158 1.5931635648
10900.0000000000 0.7967023623 1.5798542053
11000.0000000000 0.7986595079 1.5818454784
11100.0000000000 0.7972665542 1.5768959683
11200.0000000000 0.7948701998 1.5701436562
11300.0000000000 0.7920877222 1.5625025195
11400.0000000000 0.7891455227 1.5541505975
11500.0000000000 0.7861553411 1.5451597136
11600.0000000000 0.7831806005 1.5356050295
11700.0000000000 0.7928065737 1.5375783605
11800.0000000000 0.7978969701 1.5536477727
11900.0000000000 0.7867685725 1.5272739402
12000.0000000000 0.7818382925 1.5121313206
12100.0000000000 0.7786910152 1.5015013246
12200.0000000000 0.7741398057 1.4775451470
12300.0000000000 0.7816291394 1.4912572254
12400.0000000000 0.7872508517 1.4907915343
12500.0000000000 0.7905620876 1.4972089109
12600.0000000000 0.7775267650 1.4632448134
12700.0000000000 0.7766358516 1.4479643699
12800.0000000000 0.7747135381 1.4358767566
12900.0000000000 0.7739021891 1.4180894974
13000.0000000000 0.8001509841 1.4659976431
13100.0000000000 0.8001283299 1.4576712020
13200.0000000000 0.7971856151 1.4440574713
13300.0000000000 0.7893049011 1.4218168218
13400.0000000000 0.7945510082 1.4227232582
13500.0000000000 0.7968490937 1.4182076998
13600.0000000000 0.8174242123 1.4474570286
13700.0000000000 0.8339145241 1.4804721741
13800.0000000000 0.8313489215 1.4742868673
13900.0000000000 0.8294574869 1.4685921203
14000.0000000000 0.8297180223 1.4687512464
14100.0000000000 0.8333916247 1.4597244146
14200.0000000000 0.8349344734 1.4640119821
14300.0000000000 0.8566049585 1.5086969515
14400.0000000000 0.8596171660 1.5173195154
14500.0000000000 0.8606055041 1.5208110363
14600.0000000000 0.8667659441 1.5349811699
14700.0000000000 0.8650144157 1.5296379115
14800.0000000000 0.8847071826 1.5763593700
14900.0000000000 0.8903367914 1.5939829137
15000.0000000000 0.8875059553 1.5944363858
15100.0000000000 0.8881195989 1.6000131156
15200.0000000000 0.8871543306 1.6026747014
15300.0000000000 0.8803038845 1.6005003006
15400.0000000000 0.8969851090 1.6160284664
15500.0000000000 0.9029122505 1.6150548246
15600.0000000000 0.8993916871 1.6039790895
15700.0000000000 0.9068356034 1.6109149085
15800.0000000000 0.9097541340 1.6123574005
15900.0000000000 0.9285242412 1.6441477762
16000.0000000000 0.9129177293 1.6307969914
16100.0000000000 0.9296673835 1.6476848193
16200.0000000000 0.9297965573 1.6567792960
16300.0000000000 0.9252192821 1.6489116021
16400.0000000000 0.9224539462 1.6453424164
16500.0000000000 0.9300785625 1.6634809816
16600.0000000000 0.9328542598 1.6718278968
16700.0000000000 0.9331270355 1.6738012278
16800.0000000000 0.9471407287 1.6800410611
16900.0000000000 0.9446676959 1.6797587139
17000.0000000000 0.9391857614 1.6777562958
17100.0000000000 0.9455397471 1.6780579550
17200.0000000000 0.9461606137 1.6861276490
17300.0000000000 0.9461142032 1.6970592601
17400.0000000000 0.9443678950 1.6999315104
17500.0000000000 0.9395725606 1.7008964500
17600.0000000000 0.9293711437 1.6893266520
17700.0000000000 0.9492240229 1.7158734662
17800.0000000000 0.9458555288 1.7102183780
17900.0000000000 0.9489530066 1.7220497212
18000.0000000000 0.9466209824 1.7331896747
18100.0000000000 0.9302112576 1.7211943591
18200.0000000000 0.9564054850 1.7545968971
18300.0000000000 0.9402247562 1.7389744843
18400.0000000000 0.9318885394 1.7317053402
18500.0000000000 0.9414459758 1.7425175036
18600.0000000000 0.9368358361 1.7414442027
18700.0000000000 0.9449095026 1.7462148747
18800.0000000000 0.9313974312 1.7341307482
18900.0000000000 0.9112295851 1.6996027895
19000.0000000000 0.8936513221 1.7154217443
19100.0000000000 0.8878595485 1.7249400342
19200.0000000000 0.8713434819 1.7163603032
19300.0000000000 0.8545779352 1.7033238852
19400.0000000000 0.8412559610 1.6915430272
19500.0000000000 0.8326571469 1.6841161096
19600.0000000000 0.8290415828 1.6824202979
19700.0000000000 0.8300832740 1.6863090837
19800.0000000000 0.8705935694 1.7282748899
19900.0000000000 0.8779301654 1.7389521083
20000.0000000000 0.8735657836 1.7358811578
20100.0000000000 0.8736185704 1.7365862808
20200.0000000000 0.8772231981 1.7404295069
20300.0000000000 0.8832166437 1.7461894614
20400.0000000000 0.8902753602 1.7525238425
20500.0000000000 0.8972674598 1.7583772172
20600.0000000000 0.9151501817 1.7686523131
20700.0000000000 0.9443526333 1.7910191062
20800.0000000000 0.9314431459 1.7819492462
20900.0000000000 0.9092888711 1.7631234945
21000.0000000000 0.8994067594 1.7548522771
21100.0000000000 0.8982547783 1.7562258065
21200.0000000000 0.9225782400 1.7736616078
21300.0000000000 0.9342462637 1.7908873976
21400.0000000000 0.9136498169 1.7716234866
21500.0000000000 0.8975734675 1.7596837700
21600.0000000000 0.9001405563 1.7690450770
21700.0000000000 0.8912080660 1.7556053621
21800.0000000000 0.8906399303 1.7562214649
21900.0000000000 0.8884052545 1.7564704335
22000.0000000000 0.8769693343 1.7466956294
22100.0000000000 0.8760142308 1.7536132849
22200.0000000000 0.8652107519 1.7470465801
22300.0000000000 0.8627194071 1.7426431082
22400.0000000000 0.8689365378 1.7485827720
22500.0000000000 0.8481026904 1.7299855850
22600.0000000000 0.8375302807 1.7188294433
22700.0000000000 0.8463085558 1.7273958838
22800.0000000000 0.8347504671 1.7157816790
22900.0000000000 0.8393647581 1.7254016302
23000.0000000000 0.8748103546 1.7629848621
23100.0000000000 0.8237312311 1.7100999258
23200.0000000000 0.8595147273 1.7497940576
23300.0000000000 0.8173917088 1.7073594845
23400.0000000000 0.8358922184 1.7251563585
23500.0000000000 0.8125566122 1.7027575290
23600.0000000000 0.8207384295 1.7197224719
23700.0000000000 0.8148650910 1.7130348904
23800.0000000000 0.8019013016 1.6963540738
23900.0000000000 0.7848607895 1.6744615858
24000.0000000000 0.7765584727 1.6629736250
24100.0000000000 0.7758891838 1.6670976103
24200.0000000000 0.7815203193 1.6785059989
24300.0000000000 0.7520590422 1.6350566092
24400.0000000000 0.7523599125 1.6385772768
24500.0000000000 0.7444826724 1.6347069684
24600.0000000000 0.7278543839 1.6130285206
24700.0000000000 0.7124744897 1.5843356238
24800.0000000000 0.7183236214 1.6019714461
24900.0000000000 0.7114287725 1.5928086028
25000.0000000000 0.7107590005 1.5951035605
25100.0000000000 0.6922308574 1.5718349204
25200.0000000000 0.6827620492 1.5589006529
25300.0000000000 0.6759095201 1.5477356301
25400.0000000000 0.6584442596 1.5266719446
25500.0000000000 0.6582092961 1.5367333875
25600.0000000000 0.6482662517 1.5227876291
25700.0000000000 0.6461013656 1.5205600844
25800.0000000000 0.6252227328 1.4851991520
25900.0000000000 0.6257534433 1.4973896728
26000.0000000000 0.6092570544 1.4796730862
26100.0000000000 0.6720237023 1.5635187706
26200.0000000000 0.6615315946 1.5247411550
26300.0000000000 0.6458443620 1.5114869893
26400.0000000000 0.6268366443 1.4869837108
26500.0000000000 0.6053614516 1.4521996918
26600.0000000000 0.5861325816 1.4195373002
26700.0000000000 0.5702816823 1.3935583475
26800.0000000000 0.5614823509 1.3815333787
26900.0000000000 0.5515964576 1.3709467593
27000.0000000000 0.5410077819 1.3563124779
27100.0000000000 0.5323317415 1.3364483104
27200.0000000000 0.5226791667 1.3252991126
27300.0000000000 0.5107541747 1.2946587191
27400.0000000000 0.4987042918 1.2752088592
27500.0000000000 0.4880167145 1.2510776804
27600.0000000000 0.4759066543 1.2285154150
27700.0000000000 0.4608471937 1.1962975548
27800.0000000000 0.4607068751 1.1936910436
27900.0000000000 0.4451671523 1.1636732505
28000.0000000000 0.4283874794 1.1261285931
28100.0000000000 0.4118864850 1.0996141226
28200.0000000000 0.4194599200 1.1456640453
28300.0000000000 0.4002561683 1.1231171609
28400.0000000000 0.3814741496 1.0915281744
28500.0000000000 0.3872260985 1.1143054039
28600.0000000000 0.3627914279 1.0754467667
28700.0000000000 0.3449092713 1.0603134723
28800.0000000000 0.3238109467 1.0276199223
28900.0000000000 0.3145603836 1.0263127030
29000.0000000000 0.2982915926 1.0151674540
29100.0000000000 0.2818294368 0.9969230162
29200.0000000000 0.2768425660 1.0043558048
29300.0000000000 0.2568195175 0.9792736495
29400.0000000000 0.2446801439 0.9746925110
29500.0000000000 0.2317454900 0.9649775127
29600.0000000000 0.2179513201 0.9479156980
29700.0000000000 0.2095780767 0.9581825087
29800.0000000000 0.1969380697 0.9414784113
29900.0000000000 0.5655058150 1.3491444872
30000.0000000000 0.4695859870 1.0941582266
30100.0000000000 0.4312731585 1.0535945600
30200.0000000000 0.3981280308 1.0301513082
30300.0000000000 0.3658774608 1.0072831209
30400.0000000000 0.3330905561 0.9908947812
30500.0000000000 0.3136393626 0.9922485532
30600.0000000000 0.2771805232 0.9568054245
30700.0000000000 0.2606788769 0.9578453095
30800.0000000000 0.2334426371 0.9287862272
30900.0000000000 0.2065672423 0.9145320372
31000.0000000000 0.1870719055 0.9083842949
31100.0000000000 0.1864978012 0.9234511571
31200.0000000000 0.1683290411 0.8989555927
31300.0000000000 0.1576097102 0.8892085162
31400.0000000000 0.1564699349 0.8703750317
31500.0000000000 0.1443205306 0.8507503588
31600.0000000000 0.1405850585 0.8551415746
31700.0000000000 0.1323642232 0.8249743283
31800.0000000000 0.1226828400 0.7914998513
31900.0000000000 0.1231389675 0.7850947623
32000.0000000000 0.1222926017 0.7798986473
32100.0000000000 0.1060045046 0.7096426868
32200.0000000000 0.1059406655 0.7104780757
32300.0000000000 0.0958000434 0.6540092760
32400.0000000000 0.0992608550 0.6571882152
32500.0000000000 0.0876742125 0.5988800568
32600.0000000000 0.0841629195 0.5947786791
32700.0000000000 0.0760262358 0.5331771125
32800.0000000000 0.0750489186 0.5359755208
32900.0000000000 0.0707524907 0.5144002189
33000.0000000000 0.0656572181 0.4853497197
33100.0000000000 0.0605999629 0.4325133313
33200.0000000000 0.0613551098 0.4678699423
33300.0000000000 0.0559700257 0.4185637881
33400.0000000000 0.0529688908 0.4106698383
33500.0000000000 0.0516076550 0.3976184179
33600.0000000000 0.0470256295 0.3591328611
33700.0000000000 0.0453656832 0.3542589296
33800.0000000000 0.0445274042 0.3527486076
33900.0000000000 0.0406182213 0.3144745578
34000.0000000000 0.0394554653 0.3103493203
34100.0000000000 0.0374948089 0.2972677399
34200.0000000000 0.0363207958 0.2853329827
34300.0000000000 0.0350276210 0.2719810654
34400.0000000000 0.0311812574 0.2510531296
34500.0000000000 0.0316557131 0.2280592372
34600.0000000000 0.0308597352 0.2115729061
34700.0000000000 0.0303438764 0.2083032635
34800.0000000000 0.0306175656 0.2080048950
34900.0000000000 0.0302090476 0.2015793442
35000.0000000000 0.0284073901 0.1925137161
35100.0000000000 0.0277356327 0.1819898008
35200.0000000000 0.0264309928 0.1755722879
35300.0000000000 0.0261491005 0.1693835376
35400.0000000000 0.0261457580 0.1696491955
35500.0000000000 0.0252395507 0.1611880778
35600.0000000000 0.0254275501 0.1642356633
35700.0000000000 0.0243314926 0.1543540477
35800.0000000000 0.0245626152 0.1526597856
35900.0000000000 0.0243139236 0.1402162950
36000.0000000000 0.0231059382 0.1473634594
36100.0000000000 0.0237138319 0.1390353559
36200.0000000000 0.0233123305 0.1376581310
36300.0000000000 0.0221114485 0.1303137295
36400.0000000000 0.0221250295 0.1237600564
36500.0000000000 0.0212965109 0.1248666995
36600.0000000000 0.0259535681 0.1193594687
36700.0000000000 0.0204129746 0.1147686274
36800.0000000000 0.0204998235 0.1136904710
36900.0000000000 0.0207019903 0.1162234576
37000.0000000000 0.0199839286 0.1146209271
37100.0000000000 0.0188566903 0.1055727632
37200.0000000000 0.0190024928 0.1080555351
37300.0000000000 0.0177949217 0.1078374004
37400.0000000000 0.0182486251 0.1098702132
37500.0000000000 0.0174814330 0.1113821482
37600.0000000000 0.0178223407 0.1076630270
37700.0000000000 0.0189288796 0.1308708852
37800.0000000000 0.0223488748 0.1146448584
37900.0000000000 0.0165374509 0.1139031267
38000.0000000000 0.0213833368 0.1153915853
38100.0000000000 0.0177210131 0.1228079837
38200.0000000000 0.0182067557 0.1303504919
38300.0000000000 0.0173473273 0.1050201421
38400.0000000000 0.0196517570 0.1103810874
38500.0000000000 0.0222675406 0.1165331808
38600.0000000000 0.0153388858 0.1228853976
38700.0000000000 0.0171089744 0.1251477962
38800.0000000000 0.0155775862 0.1238001203
38900.0000000000 0.0195708435 0.1052268659
39000.0000000000 0.0154265891 0.1268191552
39100.0000000000 0.0153304873 0.1229892289
39200.0000000000 0.0163434328 0.1370416498
39300.0000000000 0.0155810073 0.1257062619
39400.0000000000 0.0148456700 0.1299990630
39500.0000000000 0.0210372299 0.1413044696
39600.0000000000 0.0257186144 0.1198883982
39700.0000000000 0.0166657549 0.1376994615
39800.0000000000 0.0163130703 0.1557070529
39900.0000000000 0.0227412230 0.1241856431
40000.0000000000 0.0207427498 0.1184569960
40100.0000000000 0.0149978625 0.1436870014
40200.0000000000 0.0145531811 0.1424634224
40300.0000000000 0.0143966526 0.1404768890
40400.0000000000 0.0140554174 0.1414676821
40500.0000000000 0.0177443519 0.1496041780
40600.0000000000 0.0139862673 0.1397821223
40700.0000000000 0.0139697134 0.1372295981
40800.0000000000 0.0142816343 0.1329971915
40900.0000000000 0.0158017207 0.1465949034
41000.0000000000 0.0164261280 0.1478547668
41100.0000000000 0.0132077877 0.1324262833
41200.0000000000 0.0129339573 0.1262876456
41300.0000000000 0.0135391341 0.1429323023
41400.0000000000 0.0130250028 0.1332950657
41500.0000000000 0.0126469796 0.1302794432
41600.0000000000 0.0126047830 0.1288022464
41700.0000000000 0.0129399366 0.1281815683
41800.0000000000 0.0125687390 0.1273941016
41900.0000000000 0.0120842659 0.1263511097
42000.0000000000 0.0118915558 0.1254600053
42100.0000000000 0.0122877952 0.1337341880
42200.0000000000 0.0118105770 0.1264839535
42300.0000000000 0.0141907945 0.1168251401
42400.0000000000 0.6783406578 1.6631074852
42500.0000000000 0.5781008636 1.4057099851
42600.0000000000 0.5482458118 1.2368775655
42700.0000000000 0.5348612240 1.1303878458
42800.0000000000 0.5274230989 1.0680528283
42900.0000000000 0.5227547857 1.0489465301
43000.0000000000 0.5195619713 1.0353602171
43100.0000000000 0.5172306893 1.0249737549
43200.0000000000 0.5154386414 1.0166353920
43300.0000000000 0.5140032536 1.0097183895
43400.0000000000 0.5128138255 1.0038588059
43500.0000000000 0.5117901957 0.9987719873
43600.0000000000 0.5115341105 0.9977395603
43700.0000000000 0.5105808465 0.9925300156
43800.0000000000 0.5097196966 0.9882390698
43900.0000000000 0.5090421519 0.9846699102
44000.0000000000 0.5087446365 0.9844814123
44100.0000000000 0.5080204331 0.9803893206
44200.0000000000 0.5072507922 0.9773268653
44300.0000000000 0.5065342001 0.9751564622
44400.0000000000 0.5058567430 0.9736005565
44500.0000000000 0.5055881998 0.9709481725
44600.0000000000 0.5047637354 0.9685432704
44700.0000000000 0.5039427933 0.9661340520
44800.0000000000 0.5009853235 0.9599489447
44900.0000000000 0.5027209970 0.9615830339
45000.0000000000 0.5015486987 0.9585201030
45100.0000000000 0.5004373034 0.9558043982
45200.0000000000 0.4991508973 0.9527667188
45300.0000000000 0.4976022362 0.9491813541
45400.0000000000 0.4967468111 0.9471447290
45500.0000000000 0.4938256817 0.9401534595
45600.0000000000 0.4910145264 0.9340865867
45700.0000000000 0.4868680705 0.9241801207
45800.0000000000 0.4809285662 0.9131173012
45900.0000000000 0.4736717297 0.8948479992
46000.0000000000 0.4624468331 0.8745974778
46100.0000000000 0.4402532776 0.8392626002
46200.0000000000 0.3660451032 0.7293077146
46300.0000000000 0.0677024572 0.4283052705
46400.0000000000 0.0590214917 0.4230950079
46500.0000000000 0.0559284262 0.4153840742
46600.0000000000 0.0534926001 0.4092210710
46700.0000000000 0.0511204074 0.4054203510
46800.0000000000 0.0483155853 0.4021808684
46900.0000000000 0.0460877905 0.3979185104
47000.0000000000 0.0441646891 0.3954504609
47100.0000000000 0.0436413407 0.4033701896
47200.0000000000 0.0402538536 0.3906330233
47300.0000000000 0.0387671437 0.3869036501
47400.0000000000 0.0374712425 0.3834057813
47500.0000000000 0.0382400069 0.3788901632
47600.0000000000 0.0354046258 0.3762997454
47700.0000000000 0.0342983400 0.3699025875
47800.0000000000 0.0332696289 0.3631909555
47900.0000000000 0.0323325689 0.3547870284
48000.0000000000 0.0333657703 0.3540335178
48100.0000000000 0.0306844757 0.3402404964
48200.0000000000 0.0296969032 0.3316377878
48300.0000000000 0.0301605149 0.2987638890
48400.0000000000 0.0285864836 0.3015028119
48500.0000000000 0.0272652046 0.3060371458
48600.0000000000 0.0262892588 0.2948163628
48700.0000000000 0.0260511316 0.2919103682
48800.0000000000 0.0252416813 0.2877509176
48900.0000000000 0.0255701495 0.2885301292
49000.0000000000 0.0239578314 0.2699290395
49100.0000000000 0.0233205036 0.2670129716
49200.0000000000 0.0271619904 0.2298775494
49300.0000000000 0.0219591534 0.2496530294
49400.0000000000 0.0229029868 0.2350337386
49500.0000000000 0.0208951947 0.2389904737
49600.0000000000 0.0206588401 0.2318626225
49700.0000000000 0.0203259562 0.2267527163
49800.0000000000 0.0201055712 0.2211481213
49900.0000000000 0.0226873504 0.2013320505
50000.0000000000 0.0200060408 0.2123515486
50100.0000000000 0.0188608350 0.2177012443
50200.0000000000 0.0184536385 0.2150574654
50300.0000000000 0.0182786630 0.2121853858
50400.0000000000 0.0184363643 0.2128846526
50500.0000000000 0.0173691081 0.2051183760
50600.0000000000 0.0170688730 0.2031092524
50700.0000000000 0.0170120649 0.2002791792
50800.0000000000 0.0201337695 0.1796732276
50900.0000000000 0.0163762759 0.1947622031
51000.0000000000 0.0161740544 0.1917278498
51100.0000000000 0.0157824257 0.1882253468
51200.0000000000 0.0157588816 0.1894018382
51300.0000000000 0.0153727896 0.1856024891
51400.0000000000 0.0153199379 0.1780289441
51500.0000000000 0.0147875494 0.1786516636
51600.0000000000 0.0147287572 0.1810417950
51700.0000000000 0.0145875078 0.1705227822
51800.0000000000 0.0143446928 0.1717397749
51900.0000000000 0.0139326472 0.1696978539
52000.0000000000 0.0141789150 0.1629612922
52100.0000000000 0.0137741838 0.1630425483
52200.0000000000 0.0188997011 0.1438760489
52300.0000000000 0.0157689080 0.1530914783
52400.0000000000 0.0163618061 0.1487092256
52500.0000000000 0.0141863975 0.1619896322
52600.0000000000 0.0137719507 0.1579706400
52700.0000000000 0.0140684950 0.1551154583
52800.0000000000 0.0152780661 0.1526572436
52900.0000000000 0.0135909386 0.1560702502
53000.0000000000 0.0140491590 0.1528094738
53100.0000000000 0.0138163009 0.1520454615
53200.0000000000 0.0132690515 0.1529882729
53300.0000000000 0.0128466025 0.1538258522
53400.0000000000 0.0124045298 0.1535672426
53500.0000000000 0.0119726895 0.1527440279
53600.0000000000 0.0117772058 0.1501702696
53700.0000000000 0.0117831812 0.1500270843
53800.0000000000 0.0116660124 0.1497054279
53900.0000000000 0.0120497647 0.1548558652
54000.0000000000 0.0115557449 0.1499146402
54100.0000000000 0.0113813653 0.1486302793
54200.0000000000 0.0113867200 0.1453534841
54300.0000000000 0.0109945813 0.1431311100
54400.0000000000 0.0110403367 0.1444543332
54500.0000000000 0.0108884028 0.1424096405
54600.0000000000 0.0112627227 0.1378427028
54700.0000000000 0.0105848025 0.1366764486
54800.0000000000 0.0106525850 0.1402175009
54900.0000000000 0.0113878494 0.1355930596
55000.0000000000 0.0103496816 0.1359597921
55100.0000000000 0.0102274521 0.1334909826
55200.0000000000 0.0101054966 0.1313314467
55300.0000000000 0.0100069465 0.1284978866
55400.0000000000 0.0099249106 0.1285903930
55500.0000000000 0.0098209749 0.1276738226
55600.0000000000 0.0098596354 0.1282269686
55700.0000000000 0.0096167560 0.1252172768
55800.0000000000 0.0096342185 0.1237702101
55900.0000000000 0.0094109946 0.1213289678
56000.0000000000 0.0092969708 0.1187726140
56100.0000000000 0.0095720888 0.1225663900
56200.0000000000 0.0103188951 0.1187424540
56300.0000000000 0.0090141277 0.1176146447
56400.0000000000 0.0098426561 0.1206843137
56500.0000000000 0.0087619604 0.1146338612
56600.0000000000 0.0087088541 0.1146744370
56700.0000000000 0.0088544180 0.1135028779
56800.0000000000 0.0085203231 0.1104611486
56900.0000000000 0.0085410714 0.1120963275
57000.0000000000 0.0105868576 0.1199825138
57100.0000000000 0.0084080315 0.1087024390
57200.0000000000 0.0082608928 0.1072496950
57300.0000000000 0.0085209728 0.1056857288
57400.0000000000 0.0112165595 0.0983074635
57500.0000000000 0.0087965710 0.1051275015
57600.0000000000 0.0094351222 0.1040495962
57700.0000000000 0.0090342984 0.1032086640
57800.0000000000 0.0088278916 0.1060163408
57900.0000000000 0.0110398383 0.0986602336
58000.0000000000 0.0094326681 0.1039067536
58100.0000000000 0.0097205741 0.1048651367
58200.0000000000 0.0090441767 0.1088632226
58300.0000000000 0.0086858138 0.1082907349
58400.0000000000 0.0104687704 0.1029581308
58500.0000000000 0.0085144871 0.1089000135
58600.0000000000 0.0145936671 0.0945447266
58700.0000000000 0.0131157366 0.0976188063
58800.0000000000 0.0080487944 0.1071488142
58900.0000000000 0.0078747242 0.1060244024
59000.0000000000 0.0078393120 0.1048755228
59100.0000000000 0.0142968644 0.0887409106
59200.0000000000 0.0097033603 0.0984171211
59300.0000000000 0.0083173290 0.1007145226
59400.0000000000 0.0078812414 0.1048743009
59500.0000000000 0.0077714566 0.1025391996
59600.0000000000 0.0075548526 0.1027569055
59700.0000000000 0.0074483748 0.1000569641
59800.0000000000 0.0089035947 0.1037053346
59900.0000000000 0.0072872691 0.1003819585
60000.0000000000 0.0073122847 0.1000431359
60100.0000000000 0.0072058944 0.0992713451
60200.0000000000 0.0071894300 0.0991366833
60300.0000000000 0.0071523783 0.0981793135
60400.0000000000 0.0070486779 0.0952184379
60500.0000000000 0.0070674523 0.0980264276
60600.0000000000 0.0070132305 0.0964524328
60700.0000000000 0.0070067632 0.0948526740
60800.0000000000 0.0069222806 0.0944244444
60900.0000000000 0.0069096040 0.0948601097
61000.0000000000 0.0068360286 0.0912504673
61100.0000000000 0.0074210113 0.0910426110
61200.0000000000 0.0068073797 0.0904061600
61300.0000000000 0.0066991766 0.0916413992
61400.0000000000 0.0065977235 0.0890264168
61500.0000000000 0.0064868197 0.0884357458
61600.0000000000 0.0065415177 0.0869451418
61700.0000000000 0.0065835004 0.0876557037
61800.0000000000 0.0063948333 0.0860282436
61900.0000000000 0.0067413925 0.0878122365
62000.0000000000 0.0062890085 0.0853571808
62100.0000000000 0.0064649825 0.0865949124
62200.0000000000 0.0061464220 0.0833480647
62300.0000000000 0.0061560666 0.0825825250
62400.0000000000 0.0061281825 0.0820425516
62500.0000000000 0.0061839767 0.0816372772
62600.0000000000 0.0062443908 0.0832898086
62700.0000000000 0.0062197014 0.0779865226
62800.0000000000 0.0058958345 0.0800966238
62900.0000000000 0.0062080193 0.0811395189
63000.0000000000 0.0060475252 0.0789689114
63100.0000000000 0.0058871510 0.0798836639
63200.0000000000 0.0069593123 0.0851035481
63300.0000000000 0.0057876323 0.0768658360
63400.0000000000 0.0057819196 0.0776222860
63500.0000000000 0.0058552135 0.0753178959
63600.0000000000 0.0057631618 0.0731522431
63700.0000000000 0.0063497360 0.0723168542
63800.0000000000 0.0107241588 0.0641896045
63900.0000000000 0.0065711886 0.0740674203
64000.0000000000 0.0062786657 0.0774467503
64100.0000000000 0.0061728227 0.0783933317
64200.0000000000 0.0063441017 0.0788004165
64300.0000000000 0.0076053156 0.0754443621
64400.0000000000 0.0072206353 0.0773943281
64500.0000000000 0.0067678502 0.0801796159
64600.0000000000 0.0096501514 0.0732553517
64700.0000000000 0.0080318084 0.0789059987
64800.0000000000 0.0081282237 0.0762265091
64900.0000000000 0.0061371888 0.0802287822
65000.0000000000 0.0058651311 0.0794825693
65100.0000000000 0.0057482519 0.0796259781
65200.0000000000 0.0056673086 0.0788706755
65300.0000000000 0.0055803064 0.0763441538
65400.0000000000 0.0054802834 0.0753315976
65500.0000000000 0.0054682098 0.0745531535
65600.0000000000 0.0053500423 0.0746931052
65700.0000000000 0.0054899213 0.0757279983
65800.0000000000 0.0052984954 0.0722647374
65900.0000000000 0.0053775615 0.0714769428
66000.0000000000 0.0070792371 0.0739525920
66100.0000000000 0.0051293461 0.0707306480
66200.0000000000 0.0051332781 0.0705030178
66300.0000000000 0.0051023738 0.0694817668
66400.0000000000 0.0050752843 0.0683427667
66500.0000000000 0.0049671104 0.0669916114
66600.0000000000 0.0050378687 0.0673954030
66700.0000000000 0.0052106862 0.0682370355
66800.0000000000 0.0049181474 0.0668545281
66900.0000000000 0.0050367309 0.0665852939
67000.0000000000 0.0049293032 0.0657968437
67100.0000000000 0.0048492176 0.0643676733
67200.0000000000 0.0048397074 0.0675218170
67300.0000000000 0.0051864298 0.0672066724
67400.0000000000 0.0047754588 0.0636143377
67500.0000000000 0.0047325776 0.0628222814
67600.0000000000 0.0047055763 0.0636779135
67700.0000000000 0.0046389267 0.0624349629
67800.0000000000 0.0047758739 0.0642064130
67900.0000000000 0.0048831185 0.0624374365
68000.0000000000 0.0045657163 0.0618157973
68100.0000000000 0.0047063491 0.0605752831
68200.0000000000 0.0044900681 0.0608912920
68300.0000000000 0.0045729900 0.0590565642
68400.0000000000 0.0044258760 0.0589870279
68500.0000000000 0.0049013833 0.0592811694
68600.0000000000 0.0050275536 0.0535050472
68700.0000000000 0.0043290090 0.0580494320
68800.0000000000 0.0044551387 0.0557965552
68900.0000000000 0.0044431806 0.0583318090
69000.0000000000 0.0042992891 0.0579884862
69100.0000000000 0.0042803220 0.0562765589
69200.0000000000 0.0043455950 0.0554837575
69300.0000000000 0.0042567726 0.0559587395
69400.0000000000 0.0043929479 0.0521844169
69500.0000000000 0.0043451639 0.0547914197
69600.0000000000 0.0067260066 0.0503096496
69700.0000000000 0.0055982004 0.0525970747
69800.0000000000 0.0046009116 0.0556736504
69900.0000000000 0.0054275249 0.0605839109
70000.0000000000 0.0087845447 0.0528732454
70100.0000000000 0.0043968376 0.0601135632
70200.0000000000 0.0042935763 0.0598969524
70300.0000000000 0.0042480963 0.0585338091
70400.0000000000 0.0042534740 0.0559130227
70500.0000000000 0.0064888042 0.0510546034
70600.0000000000 0.0045563597 0.0557300066
70700.0000000000 0.0059187860 0.0541603481
70800.0000000000 0.0045773360 0.0596980145
70900.0000000000 0.0047495001 0.0591101562
71000.0000000000 0.0044577440 0.0599071001
71100.0000000000 0.0044175603 0.0599878421
71200.0000000000 0.0043483585 0.0586218005
71300.0000000000 0.0041775937 0.0578377684
71400.0000000000 0.0040808169 0.0560845202
71500.0000000000 0.0039922603 0.0558078652
71600.0000000000 0.0045847142 0.0521306758
71700.0000000000 0.0038444772 0.0540027683
71800.0000000000 0.0038513922 0.0525026535
71900.0000000000 0.0038726238 0.0537347784
72000.0000000000 0.0038583053 0.0529944217
72100.0000000000 0.0037764074 0.0521682640
72200.0000000000 0.0037510257 0.0508421873
72300.0000000000 0.0037720676 0.0515942266
72400.0000000000 0.0045395300 0.0462838551
72500.0000000000 0.0038542439 0.0506106531
72600.0000000000 0.0037637590 0.0506088352
72700.0000000000 0.0037145023 0.0503198346
72800.0000000000 0.0037373819 0.0482599353
72900.0000000000 0.0045785184 0.0541531434
73000.0000000000 0.0037681148 0.0513123935
73100.0000000000 0.0040574324 0.0466952687
73200.0000000000 0.0036704814 0.0492195850
73300.0000000000 0.0036188842 0.0477858847
73400.0000000000 0.0038019113 0.0496750315
73500.0000000000 0.0036017459 0.0492657041
73600.0000000000 0.0035713122 0.0477135097
73700.0000000000 0.0036014347 0.0456378748
73800.0000000000 0.0035081543 0.0461255153
73900.0000000000 0.0035656091 0.0468402719
74000.0000000000 0.0037178215 0.0451161926
74100.0000000000 0.0034219021 0.0444229310
74200.0000000000 0.0034063823 0.0452378159
74300.0000000000 0.0034363176 0.0451049497
74400.0000000000 0.0034395438 0.0429549282
74500.0000000000 0.0034375594 0.0436481079
74600.0000000000 0.0034722883 0.0432843705
74700.0000000000 0.0034852412 0.0436667716
74800.0000000000 0.0034807906 0.0417586332
74900.0000000000 0.0034471547 0.0437767124
75000.0000000000 0.0034454120 0.0421941792
75100.0000000000 0.0034367933 0.0433535119
75200.0000000000 0.0034253013 0.0443621343
75300.0000000000 0.0041087201 0.0414512669
75400.0000000000 0.0034643797 0.0443309163
75500.0000000000 0.0035337402 0.0451491317
75600.0000000000 0.0035228215 0.0431874459
75700.0000000000 0.0035458343 0.0446068113
75800.0000000000 0.0039705636 0.0437329774
75900.0000000000 0.0038161046 0.0457216194
76000.0000000000 0.0092616655 0.0422393698
76100.0000000000 0.0037868624 0.0463536000
76200.0000000000 0.0037433132 0.0475867307
76300.0000000000 0.0036975053 0.0493481075
76400.0000000000 0.0032567881 0.0445458879
76500.0000000000 0.0032057649 0.0439059799
76600.0000000000 0.0031972242 0.0442911153
76700.0000000000 0.0031715561 0.0441724127
76800.0000000000 0.0032099139 0.0447810655
76900.0000000000 0.0031492035 0.0429247683
77000.0000000000 0.0031511366 0.0438164612
77100.0000000000 0.0031392476 0.0425025364
77200.0000000000 0.0031871091 0.0430900296
77300.0000000000 0.0030230602 0.0405779918
77400.0000000000 0.0030159995 0.0417266255
77500.0000000000 0.0030940595 0.0418644910
77600.0000000000 0.0030118539 0.0414294740
77700.0000000000 0.0030588563 0.0398847004
77800.0000000000 0.0029898186 0.0418773954
77900.0000000000 0.0030345338 0.0371238356
78000.0000000000 0.0030319736 0.0394454812
78100.0000000000 0.0029734218 0.0408544382
78200.0000000000 0.0029874656 0.0400682976
78300.0000000000 0.0029922668 0.0402864879
78400.0000000000 0.0032124618 0.0412369212
78500.0000000000 0.0052382942 0.0465459069
78600.0000000000 0.0029409522 0.0374139091
78700.0000000000 0.0029006777 0.0368767446
78800.0000000000 0.0029546948 0.0363585418
78900.0000000000 0.0029425072 0.0361968716
79000.0000000000 0.0029209723 0.0370506709
79100.0000000000 0.0029509200 0.0366450017
79200.0000000000 0.0029963590 0.0340331634
79300.0000000000 0.0030162445 0.0355406170
79400.0000000000 0.0031016233 0.0352306133
79500.0000000000 0.0031500039 0.0374459242
79600.0000000000 0.0108196271 0.0467555839
79700.0000000000 0.0043787699 0.0356376236
79800.0000000000 0.0033979131 0.0412442302
79900.0000000000 0.0043917583 0.0385492732
80000.0000000000 0.0075680686 0.0352754360
80100.0000000000 0.0030576974 0.0426381295
80200.0000000000 0.0029584661 0.0421799486
80300.0000000000 0.0028832756 0.0391231244
80400.0000000000 0.0028026378 0.0386728411
80500.0000000000 0.0028038085 0.0388977071
80600.0000000000 0.0027335075 0.0372708803
80700.0000000000 0.0027436004 0.0372551968
80800.0000000000 0.0027053323 0.0374913206
80900.0000000000 0.0027444605 0.0367038464
81000.0000000000 0.0027528844 0.0356505131
81100.0000000000 0.0026833273 0.0356952911
81200.0000000000 0.0026754798 0.0368860876
81300.0000000000 0.0026843949 0.0354192769
81400.0000000000 0.0026954382 0.0360952681
81500.0000000000 0.0026410281 0.0355852609
81600.0000000000 0.0026513847 0.0357722556
81700.0000000000 0.0038966217 0.0374045064
81800.0000000000 0.0026032898 0.0349064683
81900.0000000000 0.0026274917 0.0343832737
82000.0000000000 0.0043824157 0.0381384780
82100.0000000000 0.0025927870 0.0339325731
82200.0000000000 0.0026078739 0.0346837779
82300.0000000000 0.0027047156 0.0333423232
82400.0000000000 0.0025285451 0.0334670683
82500.0000000000 0.0025341461 0.0332116699
82600.0000000000 0.0025261164 0.0324632814
82700.0000000000 0.0025272139 0.0315520344
82800.0000000000 0.0024778018 0.0313254734
82900.0000000000 0.0028937869 0.0302966526
83000.0000000000 0.0024702174 0.0320787271
83100.0000000000 0.0029896065 0.0291699609
83200.0000000000 0.0025352928 0.0335117122
83300.0000000000 0.0039918712 0.0363255283
83400.0000000000 0.0024382391 0.0313688954
83500.0000000000 0.0033366460 0.0351876607
83600.0000000000 0.0027350867 0.0319820782
83700.0000000000 0.0025770879 0.0308601623
83800.0000000000 0.0025672091 0.0303694224
83900.0000000000 0.0028635952 0.0326200267
84000.0000000000 0.0027262139 0.0309928199
84100.0000000000 0.0032025376 0.0321198171
84200.0000000000 0.0045729036 0.0301073407
84300.0000000000 0.0033276498 0.0339219635
84400.0000000000 0.0029435645 0.0362912481
84500.0000000000 0.0027723539 0.0356541788
84600.0000000000 0.0027078832 0.0366469314
84700.0000000000 0.0026905575 0.0366931474
84800.0000000000 0.0026515408 0.0356733417
84900.0000000000 0.0025913830 0.0350017911
85000.0000000000 0.0025240353 0.0356936967
85100.0000000000 0.0024551115 0.0350673413
85200.0000000000 0.0024253076 0.0345779648
85300.0000000000 0.0024545515 0.0333118951
85400.0000000000 0.0023912015 0.0322233503
85500.0000000000 0.0023576776 0.0320095932
85600.0000000000 0.0024164019 0.0290651237
85700.0000000000 0.0022936682 0.0297577036
85800.0000000000 0.0022926969 0.0294003775
85900.0000000000 0.0022880900 0.0290734982
86000.0000000000 0.0022925135 0.0282555995
86100.0000000000 0.0028552336 0.0300594931
86200.0000000000 0.0037335679 0.0318556977
86300.0000000000 0.0022454240 0.0295048421
86400.0000000000 0.0022711345 0.0290005048
86500.0000000000 0.0023808904 0.0302949799
86600.0000000000 0.0023491136 0.0297192251
86700.0000000000 0.0025000431 0.0281595727
86800.0000000000 0.0021850688 0.0292974701
86900.0000000000 0.0021895488 0.0288994452
87000.0000000000 0.0022347882 0.0284949979
87100.0000000000 0.0021908543 0.0292389011
87200.0000000000 0.0022307632 0.0298380693
87300.0000000000 0.0021939259 0.0288257217
87400.0000000000 0.0022158900 0.0274134492
87500.0000000000 0.0021963388 0.0274773081
87600.0000000000 0.0021714660 0.0275238072
87700.0000000000 0.0038341387 0.0332114538
87800.0000000000 0.0022415494 0.0256142979
87900.0000000000 0.0022309476 0.0265251389
88000.0000000000 0.0022184465 0.0263231387
88100.0000000000 0.0023300235 0.0253902938
88200.0000000000 0.0022343552 0.0262183463
88300.0000000000 0.0023225204 0.0258544599
88400.0000000000 0.0022323300 0.0262323051
88500.0000000000 0.0024928414 0.0262206759
88600.0000000000 0.0024078899 0.0272083248
88700.0000000000 0.0022629977 0.0253813779
88800.0000000000 0.0022451692 0.0264815418
88900.0000000000 0.0022521607 0.0261078505
89000.0000000000 0.0022320214 0.0270415945
89100.0000000000 0.0022023051 0.0275319805
89200.0000000000 0.0022685925 0.0279939426
89300.0000000000 0.0022135016 0.0282199522
89400.0000000000 0.0022452978 0.0272530270
89500.0000000000 0.0022286677 0.0291510625
89600.0000000000 0.0021958430 0.0287758810
89700.0000000000 0.0033695450 0.0256405439
89800.0000000000 0.0028630681 0.0258553205
89900.0000000000 0.0024194449 0.0292869387
90000.0000000000 0.0023041160 0.0287170512
90100.0000000000 0.0021754058 0.0289094401
90200.0000000000 0.0021424121 0.0288423365
90300.0000000000 0.0023107787 0.0289529999
90400.0000000000 0.0032763321 0.0268112709
90500.0000000000 0.0061574042 0.0290802087
90600.0000000000 0.0025458857 0.0258175423
90700.0000000000 0.0021218424 0.0271836882
90800.0000000000 0.0021584226 0.0279683312
90900.0000000000 0.0021981510 0.0280225714
91000.0000000000 0.0020860138 0.0269088177
91100.0000000000 0.0058852290 0.0274766053
91200.0000000000 0.0020739746 0.0283151781
91300.0000000000 0.0026378377 0.0263767419
91400.0000000000 0.0020901714 0.0264657950
91500.0000000000 0.0025390797 0.0249849697
91600.0000000000 0.0024375789 0.0265415301
91700.0000000000 0.0020647242 0.0278581371
91800.0000000000 0.0019952459 0.0270356117
91900.0000000000 0.0019647226 0.0265634088
92000.0000000000 0.0020847593 0.0244459947
92100.0000000000 0.0019254880 0.0247500455
92200.0000000000 0.0021545607 0.0242723291
92300.0000000000 0.0019589626 0.0263333199
92400.0000000000 0.0019135519 0.0255696801
92500.0000000000 0.0019353678 0.0253587877
92600.0000000000 0.0018594072 0.0245403489
92700.0000000000 0.0021508439 0.0229589483
92800.0000000000 0.0018303006 0.0232945895
92900.0000000000 0.0018436266 0.0230232432
93000.0000000000 0.0018459899 0.0236909345
93100.0000000000 0.0020085908 0.0240249401
93200.0000000000 0.0018211949 0.0234270161
93300.0000000000 0.0018416527 0.0244274391
93400.0000000000 0.0018619871 0.0242828866
93500.0000000000 0.0018431602 0.0245186975
93600.0000000000 0.0018715933 0.0240824064
93700.0000000000 0.0018729586 0.0249882480
93800.0000000000 0.0018774068 0.0241922429
93900.0000000000 0.0018693256 0.0242549246
94000.0000000000 0.0018016788 0.0237020245
94100.0000000000 0.0018208506 0.0241199163
94200.0000000000 0.0018391834 0.0250079734
94300.0000000000 0.0018380277 0.0240842169
94400.0000000000 0.0020901866 0.0215044683
94500.0000000000 0.0018178636 0.0226397505
94600.0000000000 0.0018269995 0.0230345903
94700.0000000000 0.0019076358 0.0247658631
94800.0000000000 0.0018099505 0.0234280070
94900.0000000000 0.0018163691 0.0232881261
95000.0000000000 0.0018358230 0.0221767565
95100.0000000000 0.0017937533 0.0228304928
95200.0000000000 0.0023903226 0.0209982982
95300.0000000000 0.0017898025 0.0233470492
95400.0000000000 0.0017698219 0.0228718770
95500.0000000000 0.0018487268 0.0226465082
95600.0000000000 0.0017964527 0.0227846160
95700.0000000000 0.0017771026 0.0226618193
95800.0000000000 0.0017999941 0.0221535891
95900.0000000000 0.0022095813 0.0244039327
96000.0000000000 0.0017961681 0.0217548117
96100.0000000000 0.0020509189 0.0219848764
96200.0000000000 0.0019613226 0.0221055887
96300.0000000000 0.0019537194 0.0227279804
96400.0000000000 0.0019123252 0.0225778809
96500.0000000000 0.0019192432 0.0234901001
96600.0000000000 0.0019899491 0.0233806697
96700.0000000000 0.0018664294 0.0243088631
96800.0000000000 0.0017630430 0.0237363046
96900.0000000000 0.0023971068 0.0220117187
97000.0000000000 0.0017749424 0.0240980899
97100.0000000000 0.0070353158 0.0276416208
97200.0000000000 0.0017946451 0.0244624978
97300.0000000000 0.0028589291 0.0222681304
97400.0000000000 0.0021435910 0.0233127763
97500.0000000000 0.0019935933 0.0233718520
97600.0000000000 0.0017579979 0.0235483451
97700.0000000000 0.0018704615 0.0238985261
97800.0000000000 0.0017262379 0.0230031749
97900.0000000000 0.0016936561 0.0228095343
98000.0000000000 0.0017098908 0.0219264840
98100.0000000000 0.0016936508 0.0208405435
98200.0000000000 0.0016524218 0.0209162786
98300.0000000000 0.0016224268 0.0208730951
98400.0000000000 0.0016243701 0.0211207673
98500.0000000000 0.0016780582 0.0211422659
98600.0000000000 0.0018237952 0.0228080556
98700.0000000000 0.0016500453 0.0196777910
98800.0000000000 0.0016637540 0.0213471457
98900.0000000000 0.0016523053 0.0210683897
99000.0000000000 0.0018336530 0.0213038839
99100.0000000000 0.0016620496 0.0216840943
99200.0000000000 0.0016497733 0.0212393617
99300.0000000000 0.0016874779 0.0208396381
99400.0000000000 0.0016270446 0.0211753985
99500.0000000000 0.0016444071 0.0217074891
99600.0000000000 0.0016593655 0.0211082315
99700.0000000000 0.0016409329 0.0216110227
99800.0000000000 0.0016576816 0.0220125755
99900.0000000000 0.0016280010 0.0208160421
100000.0000000000 0.0017949589 0.0191650679
100100.0000000000 0.0015996291 0.0203813640
100200.0000000000 0.0015953325 0.0205216659
100300.0000000000 0.0016246636 0.0207258492
100400.0000000000 0.0016016894 0.0208252176
100500.0000000000 0.0016278366 0.0209318986
100600.0000000000 0.0016111377 0.0197975591
100700.0000000000 0.0015930176 0.0195152119
100800.0000000000 0.0016346628 0.0204788774
100900.0000000000 0.0016234547 0.0193678058
101000.0000000000 0.0016657219 0.0192940545
101100.0000000000 0.0020310319 0.0188351584
101200.0000000000 0.0016362718 0.0195372805
101300.0000000000 0.0016454830 0.0190875634
101400.0000000000 0.0016996891 0.0196116877
101500.0000000000 0.0016577013 0.0198036462
101600.0000000000 0.0017343690 0.0196090445
101700.0000000000 0.0016908890 0.0205060124
101800.0000000000 0.0017259498 0.0202935889
101900.0000000000 0.0018529350 0.0198201678
102000.0000000000 0.0017569862 0.0220014555
102100.0000000000 0.0022316111 0.0234803175
102200.0000000000 0.0017020909 0.0226567453
102300.0000000000 0.0017108882 0.0229022270
102400.0000000000 0.0016389416 0.0222176341
102500.0000000000 0.0016524164 0.0222887536
102600.0000000000 0.0024328221 0.0240893727
102700.0000000000 0.0016171245 0.0222232258
102800.0000000000 0.0015585765 0.0207682466
102900.0000000000 0.0015880563 0.0213180994
103000.0000000000 0.0015552683 0.0205421289
103100.0000000000 0.0015412317 0.0203920856
103200.0000000000 0.0015354721 0.0205167075
103300.0000000000 0.0016042730 0.0188511863
103400.0000000000 0.0016063999 0.0201509140
103500.0000000000 0.0015185136 0.0196640968
103600.0000000000 0.0015407176 0.0179717309
103700.0000000000 0.0015074396 0.0192196287
103800.0000000000 0.0015812336 0.0198781892
103900.0000000000 0.0014895441 0.0188332751
104000.0000000000 0.0016180514 0.0192801162
104100.0000000000 0.0014938705 0.0193096503
104200.0000000000 0.0019123189 0.0205689028
104300.0000000000 0.0015145704 0.0193567341
104400.0000000000 0.0015238083 0.0186929658
104500.0000000000 0.0016073678 0.0188339494
104600.0000000000 0.0014964187 0.0190472295
104700.0000000000 0.0014891075 0.0188003843
104800.0000000000 0.0014952603 0.0188421821
104900.0000000000 0.0014958205 0.0189774250
105000.0000000000 0.0015093069 0.0192814162
105100.0000000000 0.0014761214 0.0188955245
105200.0000000000 0.0021686656 0.0164690008
105300.0000000000 0.0014781845 0.0189930826
105400.0000000000 0.0014961721 0.0192810325
105500.0000000000 0.0014759604 0.0189701609
105600.0000000000 0.0014506199 0.0187300732
105700.0000000000 0.0014925761 0.0188758775
105800.0000000000 0.0014896141 0.0182747051
105900.0000000000 0.0019098661 0.0170887125
106000.0000000000 0.0015094674 0.0175839580
106100.0000000000 0.0015162342 0.0183341309
106200.0000000000 0.0015416845 0.0177940440
106300.0000000000 0.0017228539 0.0201727256
106400.0000000000 0.0015541610 0.0180873287
106500.0000000000 0.0015478203 0.0187448591
106600.0000000000 0.0016320993 0.0179741896
106700.0000000000 0.0015906047 0.0188977226
106800.0000000000 0.0015146040 0.0195274457
106900.0000000000 0.0015179694 0.0195772862
107000.0000000000 0.0028523385 0.0179395688
107100.0000000000 0.0015791541 0.0208361810
107200.0000000000 0.0022862356 0.0194326853
107300.0000000000 0.0015693292 0.0205105087
107400.0000000000 0.0015278608 0.0202786801
107500.0000000000 0.0014856302 0.0199244646
107600.0000000000 0.0016008733 0.0190995550
107700.0000000000 0.0014636769 0.0199985942
107800.0000000000 0.0014996928 0.0186478600
107900.0000000000 0.0014633489 0.0187079414
108000.0000000000 0.0014033290 0.0184130773
108100.0000000000 0.0013970692 0.0184953056
108200.0000000000 0.0014973161 0.0189204579
108300.0000000000 0.0014226544 0.0179413512
108400.0000000000 0.0014162247 0.0184351941
108500.0000000000 0.0014618392 0.0188696488
108600.0000000000 0.0014382393 0.0191263698
108700.0000000000 0.0016162176 0.0196346333
108800.0000000000 0.0016745754 0.0183255067
108900.0000000000 0.0013950117 0.0179319596
109000.0000000000 0.0013849066 0.0177881559
109100.0000000000 0.0014051577 0.0177131435
109200.0000000000 0.0013856193 0.0175268491
109300.0000000000 0.0015673726 0.0188717311
109400.0000000000 0.0015058810 0.0178724667
109500.0000000000 0.0014019650 0.0181275820
109600.0000000000 0.0017892901 0.0175615987
109700.0000000000 0.0016104062 0.0172083145
109800.0000000000 0.0013804980 0.0176283596
109900.0000000000 0.0014306853 0.0185599168
110000.0000000000 0.0013946321 0.0176576590
110100.0000000000 0.0013862911 0.0174627294
110200.0000000000 0.0013770078 0.0174177466
110300.0000000000 0.0013554471 0.0170143088
110400.0000000000 0.0014091459 0.0169131374
110500.0000000000 0.0013591620 0.0173700293
110600.0000000000 0.0013556618 0.0170745579
110700.0000000000 0.0013974717 0.0173480948
110800.0000000000 0.0013520297 0.0168447857
110900.0000000000 0.0017681067 0.0188699206
111000.0000000000 0.0013633296 0.0166605815
111100.0000000000 0.0016253007 0.0158884835
111200.0000000000 0.0014023407 0.0157044857
111300.0000000000 0.0013786621 0.0164470255
111400.0000000000 0.0014177726 0.0162170186
111500.0000000000 0.0019204892 0.0186345607
111600.0000000000 0.0016624374 0.0173262274
111700.0000000000 0.0014414859 0.0176647743
111800.0000000000 0.0021504327 0.0161118221
111900.0000000000 0.0016090235 0.0172272948
112000.0000000000 0.0014355096 0.0182884363
112100.0000000000 0.0027572807 0.0163782155
112200.0000000000 0.0013496483 0.0182279711
112300.0000000000 0.0013149485 0.0169968484
112400.0000000000 0.0013699793 0.0161807602
112500.0000000000 0.0013371979 0.0175277693
112600.0000000000 0.0014174283 0.0166948056
112700.0000000000 0.0018647903 0.0161801008
112800.0000000000 0.0013126944 0.0174460737
112900.0000000000 0.0012957054 0.0168209104
113000.0000000000 0.0013324303 0.0166684976
113100.0000000000 0.0012575299 0.0159941977
113200.0000000000 0.0012653679 0.0163504621
113300.0000000000 0.0012603221 0.0163053116
113400.0000000000 0.0012592664 0.0162925154
113500.0000000000 0.0012695122 0.0155803144
113600.0000000000 0.0013091836 0.0166662998
113700.0000000000 0.0012722091 0.0165454773
113800.0000000000 0.0014620303 0.0158606609
113900.0000000000 0.0015017228 0.0161597458
114000.0000000000 0.0012793337 0.0165486997
114100.0000000000 0.0012781426 0.0164601644
114200.0000000000 0.0012753819 0.0165834790
114300.0000000000 0.0012717331 0.0162956705
114400.0000000000 0.0012685197 0.0158237135
114500.0000000000 0.0012470121 0.0163700273
114600.0000000000 0.0012610068 0.0158115541
114700.0000000000 0.0012658410 0.0155882006
114800.0000000000 0.0012734358 0.0159907704
114900.0000000000 0.0012583536 0.0157247996
115000.0000000000 0.0012580285 0.0159561401
115100.0000000000 0.0012551005 0.0159443905
115200.0000000000 0.0012517919 0.0159710860
115300.0000000000 0.0012600749 0.0162105625
115400.0000000000 0.0012407265 0.0156507930
115500.0000000000 0.0012444380 0.0159525340
115600.0000000000 0.0012430341 0.0152068576
115700.0000000000 0.0012613920 0.0157486042
115800.0000000000 0.0012603962 0.0157282939
115900.0000000000 0.0012847427 0.0158371692
116000.0000000000 0.0012476366 0.0159077560
116100.0000000000 0.0012498541 0.0160842752
116200.0000000000 0.0012449082 0.0163392042
116300.0000000000 0.0012248065 0.0159793002
116400.0000000000 0.0012469286 0.0158891370
116500.0000000000 0.0012752907 0.0158022111
116600.0000000000 0.0012363188 0.0159015050
116700.0000000000 0.0014041909 0.0156770190
116800.0000000000 0.0012262802 0.0160711249
116900.0000000000 0.0012148842 0.0160112334
117000.0000000000 0.0013201876 0.0165385743
117100.0000000000 0.0012072934 0.0159383556
117200.0000000000 0.0012580210 0.0161649426
117300.0000000000 0.0012736045 0.0136311603
117400.0000000000 0.0017647597 0.0177890314
117500.0000000000 0.0011857136 0.0151328621
117600.0000000000 0.0011987660 0.0144235261
117700.0000000000 0.0016801958 0.0140254212
117800.0000000000 0.0012882567 0.0155208364
117900.0000000000 0.0012176003 0.0149977013
118000.0000000000 0.0012074351 0.0146186679
118100.0000000000 0.0011878281 0.0149760052
118200.0000000000 0.0011885593 0.0154454626
118300.0000000000 0.0011900119 0.0153399139
118400.0000000000 0.0012014898 0.0156068906
118500.0000000000 0.0011874377 0.0156567460
118600.0000000000 0.0011788355 0.0153963744
118700.0000000000 0.0012394766 0.0158851659
118800.0000000000 0.0012210946 0.0157534247
118900.0000000000 0.0014811689 0.0155841214
119000.0000000000 0.0011844500 0.0157033717
119100.0000000000 0.0011844212 0.0158396726
119200.0000000000 0.0011935933 0.0152869103
119300.0000000000 0.0012334789 0.0157499341
119400.0000000000 0.0012179397 0.0156857697
119500.0000000000 0.0012098081 0.0158451861
119600.0000000000 0.0012637314 0.0157316765
119700.0000000000 0.0012073725 0.0155182099
119800.0000000000 0.0012028470 0.0153670488
119900.0000000000 0.0011873317 0.0152723184
120000.0000000000 0.0012599939 0.0151182553
120100.0000000000 0.0011758275 0.0151876276
120200.0000000000 0.0011706345 0.0150448819
120300.0000000000 0.0011656715 0.0149259111
120400.0000000000 0.0014798298 0.0132686114
120500.0000000000 0.0012002074 0.0147685697
120600.0000000000 0.0011826783 0.0146461939
120700.0000000000 0.0011728852 0.0147266304
120800.0000000000 0.0012268862 0.0143141886
120900.0000000000 0.0011533598 0.0148582933
121000.0000000000 0.0011539336 0.0148634491
121100.0000000000 0.0025478149 0.0142907214
121200.0000000000 0.0011494577 0.0147837205
121300.0000000000 0.0011275072 0.0147449290
121400.0000000000 0.0011188231 0.0146571835
121500.0000000000 0.0011424752 0.0146821690
121600.0000000000 0.0011172538 0.0147346919
121700.0000000000 0.0011137648 0.0144634647
121800.0000000000 0.0019206042 0.0135982400
121900.0000000000 0.0011070640 0.0145866489
122000.0000000000 0.0011056902 0.0144664151
122100.0000000000 0.0012367874 0.0151680400
122200.0000000000 0.0010996936 0.0140650226
122300.0000000000 0.0018115722 0.0128974032
122400.0000000000 0.0011688077 0.0134511953
122500.0000000000 0.0011031353 0.0142528219
122600.0000000000 0.0011085693 0.0145189007
122700.0000000000 0.0010942926 0.0143139278
122800.0000000000 0.0012449657 0.0137879466
122900.0000000000 0.0015782754 0.0133090606
123000.0000000000 0.0012590853 0.0149425035
123100.0000000000 0.0010928474 0.0145385405
123200.0000000000 0.0010682333 0.0139323054
123300.0000000000 0.0011620553 0.0150112500
123400.0000000000 0.0011209819 0.0145628219
123500.0000000000 0.0010824913 0.0141201792
123600.0000000000 0.0010601877 0.0136916628
123700.0000000000 0.0010614615 0.0137474453
123800.0000000000 0.0010596869 0.0138719855
123900.0000000000 0.0010616623 0.0138308098
124000.0000000000 0.0010615349 0.0138684427
124100.0000000000 0.0017119068 0.0124698793
124200.0000000000 0.0010691998 0.0139175420
124300.0000000000 0.0010888366 0.0135548105
124400.0000000000 0.0011174271 0.0137123121
124500.0000000000 0.0010832169 0.0139766810
124600.0000000000 0.0014628195 0.0146650811
124700.0000000000 0.0011322063 0.0143914735
124800.0000000000 0.0010752606 0.0139324134
124900.0000000000 0.0011104402 0.0130426651
125000.0000000000 0.0010816147 0.0136555498
125100.0000000000 0.0010723713 0.0136938384
125200.0000000000 0.0010689101 0.0136607801
125300.0000000000 0.0017808022 0.0121501696
125400.0000000000 0.0010689515 0.0137363625
125500.0000000000 0.0010574596 0.0137544414
125600.0000000000 0.0010506634 0.0136398738
125700.0000000000 0.0010483839 0.0134169599
125800.0000000000 0.0010551848 0.0131824678
125900.0000000000 0.0010545212 0.0133198192
126000.0000000000 0.0010468339 0.0131866736
126100.0000000000 0.0010464643 0.0131085431
126200.0000000000 0.0011633888 0.0143179996
126300.0000000000 0.0010499297 0.0133596351
126400.0000000000 0.0011057943 0.0139165139
126500.0000000000 0.0011378982 0.0137424757
126600.0000000000 0.0011167354 0.0134746795
126700.0000000000 0.0010640749 0.0133698275
126800.0000000000 0.0010728217 0.0141180148
126900.0000000000 0.0014391601 0.0128905615
127000.0000000000 0.0011188898 0.0142373880
127100.0000000000 0.0010580000 0.0137804141
127200.0000000000 0.0010708223 0.0136004751
127300.0000000000 0.0010642351 0.0138073666
127400.0000000000 0.0011116627 0.0138990609
127500.0000000000 0.0010425147 0.0139450384
127600.0000000000 0.0010887495 0.0132709285
127700.0000000000 0.0010573007 0.0135246208
127800.0000000000 0.0010263879 0.0135442009
127900.0000000000 0.0010205813 0.0135226389
128000.0000000000 0.0011082427 0.0129434531
128100.0000000000 0.0010194451 0.0135544007
128200.0000000000 0.0010069784 0.0131571581
128300.0000000000 0.0010055655 0.0131174912
128400.0000000000 0.0010035672 0.0129071725
128500.0000000000 0.0010992691 0.0136810010
128600.0000000000 0.0010367904 0.0132200857
128700.0000000000 0.0009992157 0.0128083257
128800.0000000000 0.0009883659 0.0128324693
128900.0000000000 0.0009897235 0.0129040805
129000.0000000000 0.0009933825 0.0126605583
129100.0000000000 0.0011558525 0.0129608800
129200.0000000000 0.0010908295 0.0138709163
129300.0000000000 0.0011072437 0.0131335174
129400.0000000000 0.0010182056 0.0135841360
129500.0000000000 0.0010336918 0.0138358054
129600.0000000000 0.0010243884 0.0132421879
129700.0000000000 0.0010291699 0.0129178790
129800.0000000000 0.0010203608 0.0133269904
129900.0000000000 0.0010168602 0.0131621947
130000.0000000000 0.0010098222 0.0128401955
130100.0000000000 0.0010015543 0.0128409331
130200.0000000000 0.0009981981 0.0128313070
130300.0000000000 0.0010657104 0.0135590238
130400.0000000000 0.0009873657 0.0128105348
130500.0000000000 0.0009811298 0.0126881404
130600.0000000000 0.0009921152 0.0126680871
130700.0000000000 0.0009891188 0.0127421086
130800.0000000000 0.0010351830 0.0131467124
130900.0000000000 0.0010407264 0.0116035593
131000.0000000000 0.0009808176 0.0121481037
131100.0000000000 0.0010259378 0.0130589371
131200.0000000000 0.0010257510 0.0129017969
131300.0000000000 0.0009948436 0.0124403564
131400.0000000000 0.0011155417 0.0122905364
131500.0000000000 0.0011503669 0.0124210855
131600.0000000000 0.0009944096 0.0129912114
131700.0000000000 0.0009766435 0.0128263077
131800.0000000000 0.0009757224 0.0127635216
131900.0000000000 0.0009850982 0.0127379512
132000.0000000000 0.0010775160 0.0129521778
132100.0000000000 0.0009774007 0.0127533255
132200.0000000000 0.0010778114 0.0130659183
132300.0000000000 0.0015647687 0.0118261715
132400.0000000000 0.0009914902 0.0127895092
132500.0000000000 0.0009650698 0.0123446053
132600.0000000000 0.0009540785 0.0124366795
132700.0000000000 0.0009709354 0.0120117878
132800.0000000000 0.0009513096 0.0123470006
132900.0000000000 0.0009458269 0.0122267222
133000.0000000000 0.0009458846 0.0122562712
133100.0000000000 0.0009495573 0.0123805320
133200.0000000000 0.0009479559 0.0121947480
133300.0000000000 0.0010638543 0.0129251061
133400.0000000000 0.0009585441 0.0122769912
133500.0000000000 0.0010304017 0.0127796931
133600.0000000000 0.0009513303 0.0120252771
133700.0000000000 0.0009491560 0.0121548390
133800.0000000000 0.0009542319 0.0121011352
133900.0000000000 0.0009396924 0.0120953237
134000.0000000000 0.0010479491 0.0126349022
134100.0000000000 0.0009376461 0.0123365326
134200.0000000000 0.0009427861 0.0124433851
134300.0000000000 0.0009457087 0.0124987727
134400.0000000000 0.0015175149 0.0119599504
134500.0000000000 0.0009459392 0.0125015294
134600.0000000000 0.0009744467 0.0126152178
134700.0000000000 0.0009560603 0.0125380372
134800.0000000000 0.0009827249 0.0131004965
134900.0000000000 0.0009632476 0.0126337623
135000.0000000000 0.0009628253 0.0123044988
135100.0000000000 0.0009549813 0.0123945055
135200.0000000000 0.0009524069 0.0123739009
135300.0000000000 0.0009694893 0.0125462999
135400.0000000000 0.0009456542 0.0122758215
135500.0000000000 0.0009390937 0.0123050613
135600.0000000000 0.0009448001 0.0124318888
135700.0000000000 0.0009591240 0.0116492575
135800.0000000000 0.0009655915 0.0121274618
135900.0000000000 0.0009494251 0.0122287338
136000.0000000000 0.0009506982 0.0116217499
136100.0000000000 0.0010558527 0.0109350895
136200.0000000000 0.0009292103 0.0119169121
136300.0000000000 0.0009748192 0.0116369342
136400.0000000000 0.0009302313 0.0120561709
136500.0000000000 0.0009307194 0.0121524809
136600.0000000000 0.0009298348 0.0122133670
136700.0000000000 0.0009175623 0.0120200729
136800.0000000000 0.0009231619 0.0120071200
136900.0000000000 0.0009161344 0.0114061078
137000.0000000000 0.0009246866 0.0119452243
137100.0000000000 0.0009127919 0.0120135238
137200.0000000000 0.0009313685 0.0121124750
137300.0000000000 0.0009165685 0.0117183393
137400.0000000000 0.0009071433 0.0115308230
137500.0000000000 0.0008969923 0.0114440350
137600.0000000000 0.0008960255 0.0115807494
137700.0000000000 0.0009012013 0.0114920875
137800.0000000000 0.0009063124 0.0110942749
137900.0000000000 0.0008959162 0.0113962358
138000.0000000000 0.0008912767 0.0114505393
138100.0000000000 0.0008971711 0.0117287924
138200.0000000000 0.0009129745 0.0115551753
138300.0000000000 0.0008983416 0.0117326146
138400.0000000000 0.0009583216 0.0122713214
138500.0000000000 0.0008980003 0.0118775507
138600.0000000000 0.0010755634 0.0121523840
138700.0000000000 0.0009005783 0.0118096238
138800.0000000000 0.0009849227 0.0119837885
138900.0000000000 0.0009051480 0.0118096610
139000.0000000000 0.0009198297 0.0117607144
139100.0000000000 0.0009124941 0.0120731285
139200.0000000000 0.0009264958 0.0119854873
139300.0000000000 0.0009830160 0.0118091469
139400.0000000000 0.0010943683 0.0113313189
139500.0000000000 0.0009704996 0.0125840595
139600.0000000000 0.0009057917 0.0118203601
139700.0000000000 0.0009066086 0.0116584217
139800.0000000000 0.0009048145 0.0112721538
139900.0000000000 0.0008952338 0.0116158528
140000.0000000000 0.0009518286 0.0119460067
140100.0000000000 0.0008865617 0.0114990985
140200.0000000000 0.0008858654 0.0115613071
140300.0000000000 0.0008900165 0.0113117834
140400.0000000000 0.0008987135 0.0114736287
140500.0000000000 0.0008933552 0.0114348894
140600.0000000000 0.0008943338 0.0113289347
140700.0000000000 0.0009499385 0.0112445643
140800.0000000000 0.0008831445 0.0115850558
140900.0000000000 0.0008812417 0.0113379573
141000.0000000000 0.0009040319 0.0112755140
141100.0000000000 0.0012306756 0.0108186369
141200.0000000000 0.0008746028 0.0114514446
141300.0000000000 0.0008696657 0.0114829084
141400.0000000000 0.0008752532 0.0115319779
141500.0000000000 0.0008683382 0.0114191351
141600.0000000000 0.0008678890 0.0114630228
141700.0000000000 0.0009308498 0.0110443039
141800.0000000000 0.0008622378 0.0113294562
141900.0000000000 0.0008567405 0.0113038299
142000.0000000000 0.0008514408 0.0111575341
142100.0000000000 0.0008747660 0.0112058548
142200.0000000000 0.0010530979 0.0120790964
142300.0000000000 0.0009308224 0.0110157719
142400.0000000000 0.0008767005 0.0110242991
142500.0000000000 0.0008893142 0.0109994365
142600.0000000000 0.0008538476 0.0111999279
142700.0000000000 0.0008448451 0.0110994642
142800.0000000000 0.0008398801 0.0109149283
142900.0000000000 0.0008544277 0.0109085506
143000.0000000000 0.0008428877 0.0109661622
143100.0000000000 0.0008667945 0.0105994707
143200.0000000000 0.0011106301 0.0123147135
143300.0000000000 0.0009147305 0.0111795282
143400.0000000000 0.0008446199 0.0109547442
143500.0000000000 0.0008564459 0.0106622493
143600.0000000000 0.0008587382 0.0105853891
143700.0000000000 0.0008360253 0.0110066151
143800.0000000000 0.0008362464 0.0108274882
143900.0000000000 0.0008357292 0.0110214529
144000.0000000000 0.0008832087 0.0109845912
144100.0000000000 0.0008368308 0.0110738938
144200.0000000000 0.0008711026 0.0111215403
144300.0000000000 0.0008442636 0.0112138977
144400.0000000000 0.0008494957 0.0112672364
144500.0000000000 0.0008391885 0.0110000958
144600.0000000000 0.0008450864 0.0111029288
144700.0000000000 0.0008418388 0.0110501712
144800.0000000000 0.0008491883 0.0113580664
144900.0000000000 0.0008517968 0.0112255877
145000.0000000000 0.0009038063 0.0112957647
145100.0000000000 0.0008380049 0.0109590953
145200.0000000000 0.0008370871 0.0109519651
145300.0000000000 0.0008499684 0.0111846132
145400.0000000000 0.0008375787 0.0109537607
145500.0000000000 0.0008368010 0.0108818030
145600.0000000000 0.0008372182 0.0107932230
145700.0000000000 0.0008338239 0.0107070459
145800.0000000000 0.0008358556 0.0108445128
145900.0000000000 0.0008918051 0.0106554767
146000.0000000000 0.0008387924 0.0109054735
146100.0000000000 0.0009131160 0.0106121180
146200.0000000000 0.0008283270 0.0108787110
146300.0000000000 0.0008582343 0.0106779551
146400.0000000000 0.0008369702 0.0109842261
146500.0000000000 0.0008414254 0.0109441941
146600.0000000000 0.0008144605 0.0103589734
146700.0000000000 0.0008192236 0.0107490746
146800.0000000000 0.0008158027 0.0108122667
146900.0000000000 0.0008164694 0.0106954528
147000.0000000000 0.0008209795 0.0108187264
147100.0000000000 0.0008135890 0.0105563542
147200.0000000000 0.0008767435 0.0098954355
147300.0000000000 0.0008133767 0.0106400540
147400.0000000000 0.0008111418 0.0104751950
147500.0000000000 0.0008420850 0.0109653240
147600.0000000000 0.0008203675 0.0105719855
147700.0000000000 0.0008083033 0.0103645017
147800.0000000000 0.0008106935 0.0105374073
147900.0000000000 0.0008103971 0.0105299381
148000.0000000000 0.0008095990 0.0105485907
148100.0000000000 0.0008206474 0.0106685152
148200.0000000000 0.0008133570 0.0104703111
148300.0000000000 0.0008054153 0.0107111549
148400.0000000000 0.0008281566 0.0106281852
148500.0000000000 0.0008079661 0.0105108274
148600.0000000000 0.0008791431 0.0108075617
148700.0000000000 0.0008077186 0.0107637038
148800.0000000000 0.0008107696 0.0107696866
148900.0000000000 0.0008204613 0.0108437231
149000.0000000000 0.0008141674 0.0108917569
149100.0000000000 0.0008173493 0.0107043078
149200.0000000000 0.0009231985 0.0106510585
149300.0000000000 0.0008097143 0.0106355278
149400.0000000000 0.0008410671 0.0107234334
149500.0000000000 0.0008166135 0.0107707297
149600.0000000000 0.0008116066 0.0105340136
149700.0000000000 0.0008116536 0.0105317300
149800.0000000000 0.0008101058 0.0105831688
149900.0000000000 0.0008069081 0.0104546016
150000.0000000000 0.0008062838 0.0104667460
150100.0000000000 0.0008046029 0.0104808612
150200.0000000000 0.0008326976 0.0100977560
150300.0000000000 0.0008134769 0.0105202896
150400.0000000000 0.0008037793 0.0104205375
150500.0000000000 0.0007988622 0.0104547990
150600.0000000000 0.0007973109 0.0103562614
150700.0000000000 0.0011734404 0.0107065728
150800.0000000000 0.0007893182 0.0103869801
150900.0000000000 0.0007897031 0.0103465980
151000.0000000000 0.0012092140 0.0095634563
151100.0000000000 0.0007847733 0.0103036305
151200.0000000000 0.0007831103 0.0102786822
151300.0000000000 0.0007826112 0.0102537414
151400.0000000000 0.0007899167 0.0102297617
151500.0000000000 0.0007799368 0.0102194687
151600.0000000000 0.0007754944 0.0101186847
151700.0000000000 0.0007750576 0.0100386841
151800.0000000000 0.0007977120 0.0103253862
151900.0000000000 0.0007787420 0.0101718111
152000.0000000000 0.0007862622 0.0097989021
152100.0000000000 0.0007757450 0.0100549040
152200.0000000000 0.0007711605 0.0099814413
152300.0000000000 0.0007723235 0.0101429363
152400.0000000000 0.0007736838 0.0101472279
152500.0000000000 0.0007684585 0.0100779598
152600.0000000000 0.0007738071 0.0101447357
152700.0000000000 0.0007813688 0.0103520667
152800.0000000000 0.0007705041 0.0101554906
152900.0000000000 0.0007755120 0.0101644834
153000.0000000000 0.0007667471 0.0101024536
153100.0000000000 0.0008054419 0.0101999966
153200.0000000000 0.0007780629 0.0103304675
153300.0000000000 0.0010211686 0.0095185106
153400.0000000000 0.0007643330 0.0100891394
153500.0000000000 0.0007692789 0.0100499829
153600.0000000000 0.0007643769 0.0099939359
153700.0000000000 0.0007564019 0.0099278008
153800.0000000000 0.0007538705 0.0098263463
153900.0000000000 0.0007615073 0.0097251525
154000.0000000000 0.0007534496 0.0098630143
154100.0000000000 0.0008781641 0.0089512309
154200.0000000000 0.0007657151 0.0100746667
154300.0000000000 0.0008031110 0.0100982105
154400.0000000000 0.0007677937 0.0099233715
154500.0000000000 0.0007528697 0.0096605001
154600.0000000000 0.0007477945 0.0097424602
154700.0000000000 0.0007469847 0.0098174577
154800.0000000000 0.0007610975 0.0097831478
154900.0000000000 0.0007515595 0.0097899241
155000.0000000000 0.0007505560 0.0098632266
155100.0000000000 0.0007494434 0.0099063208
155200.0000000000 0.0007494172 0.0098911589
155300.0000000000 0.0007551721 0.0099654263
155400.0000000000 0.0007640054 0.0099781407
155500.0000000000 0.0007509771 0.0096612936
155600.0000000000 0.0007525430 0.0097254133
155700.0000000000 0.0007738783 0.0101703247
155800.0000000000 0.0007533150 0.0099675124
155900.0000000000 0.0007501232 0.0099290265
156000.0000000000 0.0008191939 0.0101966103
156100.0000000000 0.0007611535 0.0100156730
156200.0000000000 0.0007720013 0.0098827770
156300.0000000000 0.0007505904 0.0098825162
156400.0000000000 0.0007476588 0.0098058311
156500.0000000000 0.0009214742 0.0097159287
156600.0000000000 0.0007484422 0.0098439445
156700.0000000000 0.0007602005 0.0097040375
156800.0000000000 0.0007609980 0.0097718900
156900.0000000000 0.0007779346 0.0099796345
157000.0000000000 0.0007542732 0.0096612302
157100.0000000000 0.0007454520 0.0093370145
157200.0000000000 0.0008176208 0.0091902790
157300.0000000000 0.0007382499 0.0096665723
157400.0000000000 0.0007396507 0.0096519207
157500.0000000000 0.0011956295 0.0092476895
157600.0000000000 0.0007389245 0.0095959445
157700.0000000000 0.0007331068 0.0096108755
157800.0000000000 0.0007390167 0.0093840798
157900.0000000000 0.0007423576 0.0095832562
158000.0000000000 0.0007979816 0.0100487014
158100.0000000000 0.0007576226 0.0095523437
158200.0000000000 0.0007257591 0.0094445785
158300.0000000000 0.0007323282 0.0095872348
158400.0000000000 0.0007761790 0.0099038696
158500.0000000000 0.0012564106 0.0085363788
158600.0000000000 0.0007239817 0.0094946837
158700.0000000000 0.0007224264 0.0094455844
158800.0000000000 0.0007188801 0.0094378805
158900.0000000000 0.0007197477 0.0093620261
159000.0000000000 0.0007252361 0.0095283081
159100.0000000000 0.0007335288 0.0096175736
159200.0000000000 0.0007281049 0.0095615452
159300.0000000000 0.0007193422 0.0092967441
159400.0000000000 0.0007201566 0.0094380369
159500.0000000000 0.0007163988 0.0091722076
159600.0000000000 0.0007252616 0.0095044737
159700.0000000000 0.0007187382 0.0092958016
159800.0000000000 0.0007470683 0.0089796623
159900.0000000000 0.0008392306 0.0101561947
160000.0000000000 0.0007308481 0.0091039194
160100.0000000000 0.0007211566 0.0094950860
160200.0000000000 0.0007217959 0.0095684556
160300.0000000000 0.0007211170 0.0095661161
160400.0000000000 0.0007414290 0.0097877523
160500.0000000000 0.0007251354 0.0096379956
160600.0000000000 0.0007205116 0.0096406890
160700.0000000000 0.0007198229 0.0096320500
160800.0000000000 0.0007210254 0.0095053529
160900.0000000000 0.0007654605 0.0095636165
161000.0000000000 0.0007234569 0.0096050864
161100.0000000000 0.0007279480 0.0097021898
161200.0000000000 0.0007188815 0.0095863295
161300.0000000000 0.0007188125 0.0096034175
161400.0000000000 0.0007218912 0.0096183298
161500.0000000000 0.0007272343 0.0096369749
161600.0000000000 0.0007184418 0.0095102852
161700.0000000000 0.0007267228 0.0095668537
161800.0000000000 0.0007169450 0.0095311394
161900.0000000000 0.0007190291 0.0095678037
162000.0000000000 0.0007893957 0.0096709309
162100.0000000000 0.0007207239 0.0095639033
162200.0000000000 0.0007248505 0.0095095476
162300.0000000000 0.0007130850 0.0093531264
162400.0000000000 0.0008673565 0.0093410676
162500.0000000000 0.0007492718 0.0094188442
162600.0000000000 0.0007993196 0.0090337014
162700.0000000000 0.0007871427 0.0094997203
162800.0000000000 0.0007379918 0.0090944385
162900.0000000000 0.0007839809 0.0094861304
163000.0000000000 0.0007205038 0.0093962466
163100.0000000000 0.0006998548 0.0091378083
163200.0000000000 0.0007514596 0.0093212565
163300.0000000000 0.0006991171 0.0091561218
163400.0000000000 0.0007699935 0.0094220480
163500.0000000000 0.0006934884 0.0090424372
163600.0000000000 0.0006911704 0.0090113608
163700.0000000000 0.0006893068 0.0089149913
163800.0000000000 0.0006945750 0.0089818304
163900.0000000000 0.0006890465 0.0090037575
164000.0000000000 0.0008031912 0.0080404794
164100.0000000000 0.0006882658 0.0089594042
164200.0000000000 0.0007214304 0.0093678785
164300.0000000000 0.0006867226 0.0088713979
164400.0000000000 0.0006949405 0.0086923903
164500.0000000000 0.0006925073 0.0088950200
164600.0000000000 0.0006959105 0.0090733012
164700.0000000000 0.0006860101 0.0090246042
164800.0000000000 0.0006856107 0.0090479171
164900.0000000000 0.0006860215 0.0090860268
165000.0000000000 0.0007112573 0.0087664639
165100.0000000000 0.0006865588 0.0091287670
165200.0000000000 0.0006873899 0.0091476431
165300.0000000000 0.0012369674 0.0107914349
165400.0000000000 0.0006885465 0.0091867475
165500.0000000000 0.0006888407 0.0091651594
165600.0000000000 0.0007262818 0.0092920800
165700.0000000000 0.0006893795 0.0090628965
165800.0000000000 0.0008666203 0.0086793294
165900.0000000000 0.0006866490 0.0091172112
166000.0000000000 0.0007979496 0.0088484725
166100.0000000000 0.0007164866 0.0092895059
166200.0000000000 0.0006832903 0.0090326285
166300.0000000000 0.0007006121 0.0088800592
166400.0000000000 0.0007117736 0.0089506721
166500.0000000000 0.0007008176 0.0090029491
166600.0000000000 0.0006903763 0.0089392541
166700.0000000000 0.0006767110 0.0088504394
166800.0000000000 0.0006805029 0.0089356219
166900.0000000000 0.0006770191 0.0088342270
167000.0000000000 0.0006735098 0.0088323904
167100.0000000000 0.0006676619 0.0087153157
167200.0000000000 0.0006677735 0.0087460642
167300.0000000000 0.0006717338 0.0088028079
167400.0000000000 0.0006821554 0.0088995388
167500.0000000000 0.0006663512 0.0087284064
167600.0000000000 0.0006681430 0.0088118082
167700.0000000000 0.0008509485 0.0090364134
167800.0000000000 0.0006698092 0.0088130822
167900.0000000000 0.0006783088 0.0086839189
168000.0000000000 0.0006718900 0.0088465875
168100.0000000000 0.0007047970 0.0088306395
168200.0000000000 0.0007197685 0.0091420663
168300.0000000000 0.0006687456 0.0086739128
168400.0000000000 0.0007219826 0.0088235317
168500.0000000000 0.0006779801 0.0089020049
168600.0000000000 0.0006765382 0.0088415136
168700.0000000000 0.0006703418 0.0086941784
168800.0000000000 0.0006691870 0.0086624352
168900.0000000000 0.0006683331 0.0086682951
169000.0000000000 0.0006787558 0.0087226322
169100.0000000000 0.0006637656 0.0085540032
169200.0000000000 0.0006664547 0.0087103685
169300.0000000000 0.0006631992 0.0085847219
169400.0000000000 0.0006668394 0.0087079582
169500.0000000000 0.0006610805 0.0084923720
169600.0000000000 0.0006622685 0.0085824383
169700.0000000000 0.0007085132 0.0089630997
169800.0000000000 0.0006612243 0.0086262440
169900.0000000000 0.0006827828 0.0088328710
170000.0000000000 0.0006591869 0.0085899969
170100.0000000000 0.0006590400 0.0086181042
170200.0000000000 0.0006586861 0.0086443489
170300.0000000000 0.0006709115 0.0087767532
170400.0000000000 0.0006585405 0.0086532896
170500.0000000000 0.0006620489 0.0087310886
170600.0000000000 0.0006582982 0.0086603602
170700.0000000000 0.0006650444 0.0088165803
170800.0000000000 0.0006563133 0.0085961846
170900.0000000000 0.0006568758 0.0086499369
171000.0000000000 0.0006572056 0.0087048290
171100.0000000000 0.0006571452 0.0087054586
171200.0000000000 0.0006716114 0.0085351495
171300.0000000000 0.0009917241 0.0080335205
171400.0000000000 0.0006542696 0.0086707948
171500.0000000000 0.0006508002 0.0085911965
171600.0000000000 0.0006515389 0.0086121289
171700.0000000000 0.0006580928 0.0086422330
171800.0000000000 0.0006527016 0.0086618727
171900.0000000000 0.0006640502 0.0082947826
172000.0000000000 0.0006477084 0.0084515353
172100.0000000000 0.0006466188 0.0084974458
172200.0000000000 0.0006480157 0.0085681071
172300.0000000000 0.0006459386 0.0084811216
172400.0000000000 0.0006436114 0.0084215058
172500.0000000000 0.0006480779 0.0085467165
172600.0000000000 0.0006494544 0.0084013594
172700.0000000000 0.0006427707 0.0084404452
172800.0000000000 0.0006411070 0.0084144873
172900.0000000000 0.0006397447 0.0084084412
173000.0000000000 0.0006390683 0.0082967235
173100.0000000000 0.0006472037 0.0078954985
173200.0000000000 0.0006629069 0.0079559749
173300.0000000000 0.0006425650 0.0083163371
173400.0000000000 0.0006382817 0.0083696609
173500.0000000000 0.0006407746 0.0084117343
173600.0000000000 0.0006373503 0.0083678579
173700.0000000000 0.0006371872 0.0084028160
173800.0000000000 0.0007264050 0.0088621368
173900.0000000000 0.0006452735 0.0084894364
174000.0000000000 0.0006558623 0.0084456159
174100.0000000000 0.0007234130 0.0083156330
174200.0000000000 0.0006375299 0.0082972822
174300.0000000000 0.0006441640 0.0084508760
174400.0000000000 0.0006403552 0.0084379306
174500.0000000000 0.0006409045 0.0084038106
174600.0000000000 0.0006384889 0.0083174770
174700.0000000000 0.0006348194 0.0082438877
174800.0000000000 0.0006497954 0.0080111241
174900.0000000000 0.0006369784 0.0082929944
175000.0000000000 0.0007098823 0.0088940477
175100.0000000000 0.0006355874 0.0083266860
175200.0000000000 0.0006352943 0.0083437552
175300.0000000000 0.0006348471 0.0082601970
175400.0000000000 0.0006474526 0.0084721176
175500.0000000000 0.0006506382 0.0084470687
175600.0000000000 0.0006391794 0.0083449920
175700.0000000000 0.0006383308 0.0081836721
175800.0000000000 0.0008370493 0.0080651035
175900.0000000000 0.0006325183 0.0083670681
176000.0000000000 0.0006461009 0.0082870414
176100.0000000000 0.0006336524 0.0083774095
176200.0000000000 0.0006289031 0.0083063235
176300.0000000000 0.0006247399 0.0081736957
176400.0000000000 0.0006281202 0.0082171699
176500.0000000000 0.0006371751 0.0083711361
176600.0000000000 0.0009688179 0.0075818626
176700.0000000000 0.0006224550 0.0081275282
176800.0000000000 0.0006230971 0.0082111349
176900.0000000000 0.0006317386 0.0078246360
177000.0000000000 0.0006240512 0.0080834767
177100.0000000000 0.0006408471 0.0083704656
177200.0000000000 0.0006240174 0.0081854043
177300.0000000000 0.0006205666 0.0081605306
177400.0000000000 0.0006167442 0.0080113625
177500.0000000000 0.0006184835 0.0081375641
177600.0000000000 0.0006152690 0.0080372197
177700.0000000000 0.0006155833 0.0080457395
177800.0000000000 0.0006191410 0.0080446815
177900.0000000000 0.0006261222 0.0080899363
178000.0000000000 0.0006199971 0.0081420382
178100.0000000000 0.0006155094 0.0080795129
178200.0000000000 0.0006172676 0.0081235533
178300.0000000000 0.0006157284 0.0081091476
178400.0000000000 0.0006140517 0.0080329543
178500.0000000000 0.0006177384 0.0079686632
178600.0000000000 0.0006293527 0.0075267991
178700.0000000000 0.0006344552 0.0082489131
178800.0000000000 0.0006172742 0.0081401048
178900.0000000000 0.0006154363 0.0080578876
179000.0000000000 0.0006274188 0.0081321848
179100.0000000000 0.0006143214 0.0080895079
179200.0000000000 0.0006230834 0.0080936206
179300.0000000000 0.0006143093 0.0080839386
179400.0000000000 0.0006128364 0.0079971617
179500.0000000000 0.0006206629 0.0079539185
179600.0000000000 0.0006207459 0.0080727031
179700.0000000000 0.0006113390 0.0079063391
179800.0000000000 0.0006140518 0.0080193495
179900.0000000000 0.0006121252 0.0080281449
180000.0000000000 0.0006249486 0.0079459427
180100.0000000000 0.0006103732 0.0080049624
180200.0000000000 0.0006099763 0.0080099543
180300.0000000000 0.0006647778 0.0083960807
180400.0000000000 0.0006094250 0.0079912906
180500.0000000000 0.0006091576 0.0080203628
180600.0000000000 0.0006155602 0.0080477437
180700.0000000000 0.0006097830 0.0079999892
180800.0000000000 0.0006091347 0.0080227693
180900.0000000000 0.0006139887 0.0080879284
181000.0000000000 0.0006081075 0.0080436608
181100.0000000000 0.0006080070 0.0080542853
181200.0000000000 0.0006087316 0.0080662472
181300.0000000000 0.0006160488 0.0079330234
181400.0000000000 0.0006079535 0.0080026379
181500.0000000000 0.0006070155 0.0079907318
181600.0000000000 0.0006019320 0.0078706210
181700.0000000000 0.0006026692 0.0079577518
181800.0000000000 0.0006033817 0.0079464158
181900.0000000000 0.0006020383 0.0079237139
182000.0000000000 0.0006066969 0.0078189810
182100.0000000000 0.0006048453 0.0079035228
182200.0000000000 0.0007898613 0.0074773421
182300.0000000000 0.0005994683 0.0078636398
182400.0000000000 0.0005994209 0.0078378087
182500.0000000000 0.0005973607 0.0078131659
182600.0000000000 0.0005976399 0.0078112771
182700.0000000000 0.0006367942 0.0075840046
182800.0000000000 0.0005966055 0.0078434264
182900.0000000000 0.0005948811 0.0077742925
183000.0000000000 0.0005923549 0.0076919263
183100.0000000000 0.0006036019 0.0077629676
183200.0000000000 0.0005921954 0.0077337539
183300.0000000000 0.0005920359 0.0077231144
183400.0000000000 0.0006022119 0.0078630140
183500.0000000000 0.0005970592 0.0075382245
183600.0000000000 0.0005891982 0.0076857200
183700.0000000000 0.0005877861 0.0076101897
183800.0000000000 0.0005900223 0.0076868152
183900.0000000000 0.0005881418 0.0076418062
184000.0000000000 0.0005875589 0.0076496890
184100.0000000000 0.0005867396 0.0077021187
184200.0000000000 0.0005867910 0.0077182641
184300.0000000000 0.0005859410 0.0076864725
184400.0000000000 0.0005853007 0.0076038157
184500.0000000000 0.0006106320 0.0077835610
184600.0000000000 0.0005913961 0.0076555302
184700.0000000000 0.0006343070 0.0078311143
184800.0000000000 0.0005959658 0.0077021410
184900.0000000000 0.0005882969 0.0076277693
185000.0000000000 0.0005855003 0.0076657971
185100.0000000000 0.0005866499 0.0076783364
185200.0000000000 0.0005863076 0.0076734228
185300.0000000000 0.0005860618 0.0076624183
185400.0000000000 0.0005868377 0.0077060824
185500.0000000000 0.0005860122 0.0076888380
185600.0000000000 0.0005848164 0.0076632565
185700.0000000000 0.0005848892 0.0076597882
185800.0000000000 0.0006045866 0.0075760549
185900.0000000000 0.0006379965 0.0074491864
186000.0000000000 0.0005851520 0.0074833398
186100.0000000000 0.0005833161 0.0076683042
186200.0000000000 0.0006105907 0.0075227162
186300.0000000000 0.0005828981 0.0075863143
186400.0000000000 0.0005793211 0.0075625172
186500.0000000000 0.0005853871 0.0076304218
186600.0000000000 0.0006228842 0.0078449910
186700.0000000000 0.0005951411 0.0074246814
186800.0000000000 0.0005757181 0.0075357733
186900.0000000000 0.0005765337 0.0074738776
187000.0000000000 0.0005923340 0.0076271882
187100.0000000000 0.0005741514 0.0074868267
187200.0000000000 0.0005747846 0.0074801175
187300.0000000000 0.0005710739 0.0074216937
187400.0000000000 0.0005694080 0.0073520792
187500.0000000000 0.0005683522 0.0073814010
187600.0000000000 0.0005695268 0.0074007017
187700.0000000000 0.0005682133 0.0073926737
187800.0000000000 0.0005843682 0.0075348047
187900.0000000000 0.0005678841 0.0074084280
188000.0000000000 0.0005759507 0.0074898069
188100.0000000000 0.0005686474 0.0073727956
188200.0000000000 0.0005716911 0.0074477037
188300.0000000000 0.0005676036 0.0074139973
188400.0000000000 0.0005672857 0.0073645552
188500.0000000000 0.0005696519 0.0074279001
188600.0000000000 0.0006025191 0.0077285310
188700.0000000000 0.0005686580 0.0073009943
188800.0000000000 0.0005733455 0.0073252758
188900.0000000000 0.0005678207 0.0074480688
189000.0000000000 0.0005674444 0.0074184267
189100.0000000000 0.0005658162 0.0073403930
189200.0000000000 0.0005670134 0.0074171638
189300.0000000000 0.0005674179 0.0074190600
189400.0000000000 0.0005666143 0.0073954714
189500.0000000000 0.0005676832 0.0074236979
189600.0000000000 0.0005666978 0.0074085882
189700.0000000000 0.0005836846 0.0073796352
189800.0000000000 0.0005669836 0.0073501123
189900.0000000000 0.0005652045 0.0073793819
190000.0000000000 0.0005652600 0.0074115051
190100.0000000000 0.0005645291 0.0073912134
190200.0000000000 0.0005643060 0.0073987385
190300.0000000000 0.0005654144 0.0074066510
190400.0000000000 0.0005640321 0.0074082454
190500.0000000000 0.0005637720 0.0074216081
190600.0000000000 0.0005631762 0.0072920089
190700.0000000000 0.0005629228 0.0073806932
190800.0000000000 0.0005625073 0.0073879948
190900.0000000000 0.0005621755 0.0073942644
191000.0000000000 0.0005608826 0.0073648235
191100.0000000000 0.0005609260 0.0073814494
191200.0000000000 0.0005773828 0.0070969453
191300.0000000000 0.0006628637 0.0073403334
191400.0000000000 0.0005605879 0.0073976433
191500.0000000000 0.0005609325 0.0073881810
191600.0000000000 0.0005595640 0.0073668314
191700.0000000000 0.0005595690 0.0073888441
191800.0000000000 0.0005598652 0.0073692454
191900.0000000000 0.0005589153 0.0072521595
192000.0000000000 0.0005609064 0.0073913401
192100.0000000000 0.0005563115 0.0072937486
192200.0000000000 0.0005573135 0.0072227260
192300.0000000000 0.0005554373 0.0072845733
192400.0000000000 0.0005539441 0.0072484156
192500.0000000000 0.0005671792 0.0073020672
192600.0000000000 0.0005872574 0.0074280677
192700.0000000000 0.0005533714 0.0072659543
192800.0000000000 0.0005547633 0.0071912100
192900.0000000000 0.0005509478 0.0071889525
193000.0000000000 0.0005488862 0.0071289008
193100.0000000000 0.0005544558 0.0071538714
193200.0000000000 0.0005811463 0.0073261512
193300.0000000000 0.0005453463 0.0070068380
193400.0000000000 0.0005553400 0.0067438883
193500.0000000000 0.0005435572 0.0069439923
193600.0000000000 0.0005502127 0.0069908192
193700.0000000000 0.0005413176 0.0069287037
193800.0000000000 0.0005442298 0.0069796992
193900.0000000000 0.0005459073 0.0069739995
194000.0000000000 0.0005441586 0.0070712557
194100.0000000000 0.0005453140 0.0070369346
194200.0000000000 0.0005440621 0.0070742210
194300.0000000000 0.0005417764 0.0070436960
194400.0000000000 0.0005425320 0.0070384657
194500.0000000000 0.0005422968 0.0070696501
194600.0000000000 0.0005450959 0.0071071377
194700.0000000000 0.0005432019 0.0070826551
194800.0000000000 0.0005623452 0.0072798570
194900.0000000000 0.0005412568 0.0070379441
195000.0000000000 0.0005418546 0.0070564439
195100.0000000000 0.0005422096 0.0070834448
195200.0000000000 0.0005425130 0.0071013076
195300.0000000000 0.0005427944 0.0071022650
195400.0000000000 0.0005729456 0.0072159311
195500.0000000000 0.0005418221 0.0070851287
195600.0000000000 0.0005422419 0.0071232831
195700.0000000000 0.0005413118 0.0071078604
195800.0000000000 0.0005500764 0.0071816025
195900.0000000000 0.0005566695 0.0071877865
196000.0000000000 0.0005393226 0.0070146313
196100.0000000000 0.0005395519 0.0070501631
196200.0000000000 0.0005408581 0.0070809563
196300.0000000000 0.0005402373 0.0070114722
196400.0000000000 0.0005422002 0.0070523312
196500.0000000000 0.0005435659 0.0070230132
196600.0000000000 0.0005368273 0.0070275208
196700.0000000000 0.0005689014 0.0067495471
196800.0000000000 0.0005366709 0.0070229312
196900.0000000000 0.0005477561 0.0069797216
197000.0000000000 0.0005347495 0.0069654574
197100.0000000000 0.0005345342 0.0069579547
197200.0000000000 0.0005360166 0.0069839759
197300.0000000000 0.0005335436 0.0069644851
197400.0000000000 0.0005340209 0.0069495877
197500.0000000000 0.0005403844 0.0070310523
197600.0000000000 0.0005321527 0.0069463914
197700.0000000000 0.0005342418 0.0069621717
197800.0000000000 0.0005443882 0.0069375699
197900.0000000000 0.0005328635 0.0068949228
198000.0000000000 0.0005335040 0.0069474196
198100.0000000000 0.0005320052 0.0068741953
198200.0000000000 0.0005329801 0.0069684973
198300.0000000000 0.0005353318 0.0068326806
198400.0000000000 0.0005301461 0.0069142496
198500.0000000000 0.0005300734 0.0069145551
198600.0000000000 0.0005367379 0.0069012409
198700.0000000000 0.0005375379 0.0069274595
198800.0000000000 0.0005319762 0.0069337329
198900.0000000000 0.0005346261 0.0069654314
199000.0000000000 0.0005308339 0.0068979105
199100.0000000000 0.0005279347 0.0067901117
199200.0000000000 0.0005278936 0.0068614138
199300.0000000000 0.0005272531 0.0068451753
199400.0000000000 0.0005735349 0.0071960678
199500.0000000000 0.0005322062 0.0068426979
199600.0000000000 0.0005259358 0.0068168258
199700.0000000000 0.0005616283 0.0069262301
199800.0000000000 0.0005460986 0.0067454157
199900.0000000000 0.0005252202 0.0068094833
200000.0000000000 0.0005235430 0.0067506311
200100.0000000000 0.0005233562 0.0067815771
200200.0000000000 0.0005229855 0.0067838421
200300.0000000000 0.0006707923 0.0062351823
200400.0000000000 0.0005224776 0.0067732585
200500.0000000000 0.0005226628 0.0067988550
200600.0000000000 0.0005223228 0.0067958487
200700.0000000000 0.0005206643 0.0067541664
200800.0000000000 0.0005224367 0.0067593222
200900.0000000000 0.0005213288 0.0067966198
201000.0000000000 0.0005209792 0.0067874258
201100.0000000000 0.0005203383 0.0066946624
201200.0000000000 0.0005184727 0.0067300489
201300.0000000000 0.0005212302 0.0067695034
201400.0000000000 0.0005243975 0.0068144193
201500.0000000000 0.0005208148 0.0067664264
201600.0000000000 0.0005163208 0.0066917231
201700.0000000000 0.0005535757 0.0068766540
201800.0000000000 0.0005180075 0.0067427074
201900.0000000000 0.0005454253 0.0066956570
202000.0000000000 0.0005164617 0.0067204749
202100.0000000000 0.0005155373 0.0066758198
202200.0000000000 0.0006329124 0.0064397445
202300.0000000000 0.0005147187 0.0065962514
202400.0000000000 0.0005621848 0.0070681190
202500.0000000000 0.0005133290 0.0066062910
202600.0000000000 0.0005151880 0.0065781017
202700.0000000000 0.0005122699 0.0066449111
202800.0000000000 0.0005119953 0.0066348230
202900.0000000000 0.0005098917 0.0065751513
203000.0000000000 0.0005099281 0.0065961843
203100.0000000000 0.0005180048 0.0064879162
203200.0000000000 0.0005179555 0.0066385669
203300.0000000000 0.0005277511 0.0067190667
203400.0000000000 0.0005324179 0.0067778295
203500.0000000000 0.0005063717 0.0065041324
203600.0000000000 0.0005109261 0.0065038865
203700.0000000000 0.0005036989 0.0064641786
203800.0000000000 0.0005093654 0.0065789437
203900.0000000000 0.0005088961 0.0064881025
204000.0000000000 0.0005061409 0.0065468987
204100.0000000000 0.0005054359 0.0065366802
204200.0000000000 0.0005086795 0.0065392619
204300.0000000000 0.0005059094 0.0065460494
204400.0000000000 0.0005044956 0.0065155616
204500.0000000000 0.0005049304 0.0065417168
204600.0000000000 0.0005044554 0.0065408675
204700.0000000000 0.0005040712 0.0065249344
204800.0000000000 0.0005043470 0.0065262383
204900.0000000000 0.0005040062 0.0065201213
205000.0000000000 0.0005030298 0.0064654713
205100.0000000000 0.0005040554 0.0065365052
205200.0000000000 0.0005041311 0.0065456992
205300.0000000000 0.0005036775 0.0065460307
205400.0000000000 0.0005054023 0.0065122945
205500.0000000000 0.0005601066 0.0062321601
205600.0000000000 0.0005093969 0.0066220974
205700.0000000000 0.0005047151 0.0064931055
205800.0000000000 0.0005079295 0.0065346053
205900.0000000000 0.0005194651 0.0064822761
206000.0000000000 0.0005038713 0.0065696751
206100.0000000000 0.0005048521 0.0065220510
206200.0000000000 0.0005110317 0.0066394871
206300.0000000000 0.0005016429 0.0064796274
206400.0000000000 0.0005012579 0.0065375035
206500.0000000000 0.0005134040 0.0063927090
206600.0000000000 0.0005215294 0.0066468855
206700.0000000000 0.0004986490 0.0064758127
206800.0000000000 0.0004984295 0.0064458949
206900.0000000000 0.0004979263 0.0064543253
207000.0000000000 0.0004971365 0.0064297681
207100.0000000000 0.0005175985 0.0066689057
207200.0000000000 0.0004969626 0.0064342236
207300.0000000000 0.0004982032 0.0064600473
207400.0000000000 0.0004940693 0.0063578477
207500.0000000000 0.0005157080 0.0063234707
207600.0000000000 0.0004953727 0.0064179552
207700.0000000000 0.0004947746 0.0063778450
207800.0000000000 0.0004943486 0.0063800132
207900.0000000000 0.0004944357 0.0064150942
208000.0000000000 0.0004951125 0.0064343279
208100.0000000000 0.0004927858 0.0063337451
208200.0000000000 0.0004966003 0.0063736206
208300.0000000000 0.0005130417 0.0064586205
208400.0000000000 0.0004936846 0.0063866591
208500.0000000000 0.0005104599 0.0064925989
208600.0000000000 0.0004939621 0.0064284680
208700.0000000000 0.0005156126 0.0065454980
208800.0000000000 0.0004959189 0.0064130341
208900.0000000000 0.0004930445 0.0063845878
209000.0000000000 0.0004908238 0.0062484955
209100.0000000000 0.0004913554 0.0063472008
209200.0000000000 0.0004901210 0.0063213175
209300.0000000000 0.0004914576 0.0063519319
209400.0000000000 0.0004930407 0.0063537946
209500.0000000000 0.0004893545 0.0062624281
209600.0000000000 0.0004866933 0.0062661944
209700.0000000000 0.0004872844 0.0062746620
209800.0000000000 0.0004885645 0.0063062934
209900.0000000000 0.0004857555 0.0062431944
210000.0000000000 0.0004888974 0.0062966412
210100.0000000000 0.0004852983 0.0062501197
210200.0000000000 0.0004850849 0.0062529733
210300.0000000000 0.0004854151 0.0062543628
210400.0000000000 0.0004862117 0.0062542176
210500.0000000000 0.0004849320 0.0062518781
210600.0000000000 0.0004913537 0.0063029369
210700.0000000000 0.0004841670 0.0062654381
210800.0000000000 0.0004844319 0.0062716109
210900.0000000000 0.0004832409 0.0062541580
211000.0000000000 0.0004833529 0.0062635084
211100.0000000000 0.0004919554 0.0063065504
211200.0000000000 0.0004907443 0.0062036803
211300.0000000000 0.0004861453 0.0062657809
211400.0000000000 0.0004814394 0.0061573973
211500.0000000000 0.0004831808 0.0062520345
211600.0000000000 0.0004815863 0.0062176874
211700.0000000000 0.0004803200 0.0061786985
211800.0000000000 0.0004812262 0.0062175384
211900.0000000000 0.0004816043 0.0062204553
212000.0000000000 0.0004833224 0.0062477505
212100.0000000000 0.0004796438 0.0061207404
212200.0000000000 0.0004839648 0.0062207943
212300.0000000000 0.0004830904 0.0061444333
212400.0000000000 0.0004813398 0.0061442619
212500.0000000000 0.0004792195 0.0061736246
212600.0000000000 0.0004830000 0.0061608916
212700.0000000000 0.0004782850 0.0061490899
212800.0000000000 0.0004775228 0.0061229467
212900.0000000000 0.0004783470 0.0061185360
213000.0000000000 0.0004748621 0.0061461926
213100.0000000000 0.0004754746 0.0061335564
213200.0000000000 0.0004957169 0.0061729550
213300.0000000000 0.0004752305 0.0061267018
213400.0000000000 0.0004756313 0.0061400533
213500.0000000000 0.0004727133 0.0061384439
213600.0000000000 0.0004820942 0.0062369434
213700.0000000000 0.0004739154 0.0061190128
213800.0000000000 0.0004763731 0.0061180592
213900.0000000000 0.0004709420 0.0061174631
214000.0000000000 0.0004696651 0.0061241984
214100.0000000000 0.0004708025 0.0061221123
214200.0000000000 0.0004706551 0.0061156750
214300.0000000000 0.0004712649 0.0061554313
214400.0000000000 0.0004692698 0.0061398745
214500.0000000000 0.0004729885 0.0061082840
214600.0000000000 0.0004738582 0.0061151376
214700.0000000000 0.0004729150 0.0061140656
214800.0000000000 0.0004771020 0.0061563849
214900.0000000000 0.0004701893 0.0061249137
215000.0000000000 0.0004727954 0.0061378479
215100.0000000000 0.0004697877 0.0061191320
215200.0000000000 0.0004698577 0.0061193705
215300.0000000000 0.0004869676 0.0062851151
215400.0000000000 0.0004700768 0.0061194897
215500.0000000000 0.0004702414 0.0061193109
215600.0000000000 0.0004704283 0.0061161518
215700.0000000000 0.0004704153 0.0061188936
215800.0000000000 0.0004704623 0.0061191320
215900.0000000000 0.0004701889 0.0061181784
216000.0000000000 0.0004701484 0.0061188340
216100.0000000000 0.0004703540 0.0061200857
216200.0000000000 0.0004703503 0.0061191320
216300.0000000000 0.0004706490 0.0061425567
216400.0000000000 0.0004704966 0.0061303591
216500.0000000000 0.0004704648 0.0061338125
216600.0000000000 0.0004872621 0.0063378354
216700.0000000000 0.0004698879 0.0061191916
216800.0000000000 0.0004699471 0.0061244359
216900.0000000000 0.0004700439 0.0061329631
217000.0000000000 0.0004699433 0.0061273640
217100.0000000000 0.0004700731 0.0061491569
217200.0000000000 0.0004700530 0.0061496636
217300.0000000000 0.0004699665 0.0061485087
217400.0000000000 0.0004700732 0.0061470857
217500.0000000000 0.0004707927 0.0061552925
217600.0000000000 0.0004706503 0.0061568981
217700.0000000000 0.0004705789 0.0061615137
217800.0000000000 0.0004705966 0.0061680590
217900.0000000000 0.0004850361 0.0061461329
218000.0000000000 0.0004701766 0.0061629032
218100.0000000000 0.0004700249 0.0061655109
218200.0000000000 0.0004699015 0.0061679100
218300.0000000000 0.0004697556 0.0061679622
218400.0000000000 0.0004693058 0.0061685284
218500.0000000000 0.0004692984 0.0061615770
218600.0000000000 0.0004690152 0.0061543053
218700.0000000000 0.0004687417 0.0061518987
218800.0000000000 0.0004686514 0.0061476296
218900.0000000000 0.0004684974 0.0061455285
219000.0000000000 0.0004683122 0.0061471266
219100.0000000000 0.0004680202 0.0061347922
219200.0000000000 0.0004678215 0.0061318977
219300.0000000000 0.0006040282 0.0062102079
219400.0000000000 0.0004675665 0.0061236163
219500.0000000000 0.0004674456 0.0061233779
219600.0000000000 0.0004673853 0.0061262352
219700.0000000000 0.0004673415 0.0061289808
219800.0000000000 0.0004672862 0.0061313053
219900.0000000000 0.0004671673 0.0061154962
220000.0000000000 0.0004668842 0.0061196265
220100.0000000000 0.0004668622 0.0061264029
220200.0000000000 0.0004667671 0.0061285784
220300.0000000000 0.0004666554 0.0061294948
220400.0000000000 0.0004654370 0.0061188340
220500.0000000000 0.0004661504 0.0061231917
220600.0000000000 0.0004659278 0.0061190724
220700.0000000000 0.0004656896 0.0061190724
220800.0000000000 0.0004659303 0.0061260080
220900.0000000000 0.0004653658 0.0061193109
221000.0000000000 0.0004651474 0.0061192513
221100.0000000000 0.0004840333 0.0060783625
221200.0000000000 0.0004641853 0.0061197877
221300.0000000000 0.0004640321 0.0061182976
221400.0000000000 0.0004638241 0.0061189532
221500.0000000000 0.0004636285 0.0061187148
221600.0000000000 0.0005363055 0.0064247763
221700.0000000000 0.0004635925 0.0061187744
221800.0000000000 0.0004634834 0.0061188936
221900.0000000000 0.0004633323 0.0061188936
222000.0000000000 0.0004632188 0.0061195493
222100.0000000000 0.0004628344 0.0061183572
222200.0000000000 0.0004625805 0.0061191320
222300.0000000000 0.0004623931 0.0061189532
222400.0000000000 0.0004621574 0.0061190128
222500.0000000000 0.0004612149 0.0061190724
222600.0000000000 0.0004614593 0.0061184764
222700.0000000000 0.0004613069 0.0061190724
222800.0000000000 0.0004616681 0.0061215162
222900.0000000000 0.0004638631 0.0061099529
223000.0000000000 0.0004600535 0.0061110258
223100.0000000000 0.0004607673 0.0061112642
223200.0000000000 0.0004594539 0.0061319470
223300.0000000000 0.0004614698 0.0061286688
223400.0000000000 0.0004710585 0.0061647296
223500.0000000000 0.0004596356 0.0061246157
223600.0000000000 0.0004564045 0.0061153173
223700.0000000000 0.0004587327 0.0061193109
223800.0000000000 0.0004581445 0.0061047077
223900.0000000000 0.0004567452 0.0061193109
224000.0000000000 0.0004580448 0.0061130524
224100.0000000000 0.0004677034 0.0061506033
224200.0000000000 0.0004545407 0.0061269999
224300.0000000000 0.0004528768 0.0061202645
224400.0000000000 0.0004583905 0.0061397552
224500.0000000000 0.0004511705 0.0061095953
224600.0000000000 0.0004637348 0.0061458945
224700.0000000000 0.0004507131 0.0060947537
224800.0000000000 0.0004578415 0.0061001778
224900.0000000000 0.0004502627 0.0061272383
225000.0000000000 0.0004734512 0.0061353445
225100.0000000000 0.0004481837 0.0061186552
225200.0000000000 0.0004478879 0.0061187744
225300.0000000000 0.0004684503 0.0060724616
225400.0000000000 0.0004472537 0.0061190128
225500.0000000000 0.0004472041 0.0061187744
225600.0000000000 0.0004467578 0.0061123371
225700.0000000000 0.0004469073 0.0061184764
225800.0000000000 0.0004467879 0.0061185360
225900.0000000000 0.0004476923 0.0061424971
226000.0000000000 0.0004465158 0.0061180592
226100.0000000000 0.0004464692 0.0061187148
226200.0000000000 0.0004476055 0.0060993433
226300.0000000000 0.0004461803 0.0061181784
226400.0000000000 0.0004461027 0.0061182380
226500.0000000000 0.0004462205 0.0061157942
226600.0000000000 0.0004461633 0.0061182976
226700.0000000000 0.0004461147 0.0061185360
226800.0000000000 0.0004461215 0.0061190128
226900.0000000000 0.0004458596 0.0061186552
227000.0000000000 0.0004457544 0.0061154962
227100.0000000000 0.0004459558 0.0061198473
227200.0000000000 0.0004457976 0.0061184168
227300.0000000000 0.0004453036 0.0061225295
227400.0000000000 0.0004460950 0.0061107874
227500.0000000000 0.0004456918 0.0061196089
227600.0000000000 0.0004442783 0.0061173439
227700.0000000000 0.0004682898 0.0061066747
227800.0000000000 0.0004446812 0.0061081052
227900.0000000000 0.0004434718 0.0061165094
228000.0000000000 0.0004549163 0.0061033368
228100.0000000000 0.0004448316 0.0061325431
228200.0000000000 0.0004409182 0.0061236024
228300.0000000000 0.0004456235 0.0061312318
228400.0000000000 0.0004415132 0.0061212778
228500.0000000000 0.0004395655 0.0061166883
228600.0000000000 0.0004397150 0.0061174035
228700.0000000000 0.0004381600 0.0061194301
228800.0000000000 0.0004362666 0.0060858130
228900.0000000000 0.0004426766 0.0061191916
229000.0000000000 0.0004371273 0.0061182380
229100.0000000000 0.0004384675 0.0060914159
229200.0000000000 0.0004371755 0.0061178207
229300.0000000000 0.0004406936 0.0061269999
229400.0000000000 0.0004351452 0.0061178803
229500.0000000000 0.0004351189 0.0061305165
229600.0000000000 0.0004357689 0.0061253905
229700.0000000000 0.0004344966 0.0061115623
229800.0000000000 0.0004336942 0.0061154366
229900.0000000000 0.0004348130 0.0061203837
230000.0000000000 0.0004338022 0.0061187148
230100.0000000000 0.0004331040 0.0061180592
230200.0000000000 0.0004329903 0.0061179996
230300.0000000000 0.0004326606 0.0061184764
230400.0000000000 0.0004327619 0.0061198473
230500.0000000000 0.0004329823 0.0061176419
230600.0000000000 0.0004328403 0.0061195493
230700.0000000000 0.0004328431 0.0061210394
230800.0000000000 0.0004333009 0.0061236024
230900.0000000000 0.0004501198 0.0061448812
231000.0000000000 0.0004346689 0.0061362982
231100.0000000000 0.0004342355 0.0061217546
231200.0000000000 0.0004320527 0.0061215162
231300.0000000000 0.0004317218 0.0061198473
231400.0000000000 0.0004315452 0.0061126947
231500.0000000000 0.0004339778 0.0061338544
231600.0000000000 0.0004304178 0.0061138272
231700.0000000000 0.0004301726 0.0061144233
231800.0000000000 0.0004409975 0.0061289668
231900.0000000000 0.0004299107 0.0061125755
232000.0000000000 0.0004309148 0.0061267614
232100.0000000000 0.0004301222 0.0061110258
232200.0000000000 0.0004287065 0.0061174631
232300.0000000000 0.0004289648 0.0061125755
232400.0000000000 0.0004413843 0.0061189532
232500.0000000000 0.0004280574 0.0061192513
232600.0000000000 0.0004275647 0.0061199665
232700.0000000000 0.0004272653 0.0061174035
232800.0000000000 0.0004314434 0.0061438084
232900.0000000000 0.0004265101 0.0061085820
233000.0000000000 0.0004264336 0.0061249137
233100.0000000000 0.0004251581 0.0061237812
233200.0000000000 0.0004252780 0.0061009526
233300.0000000000 0.0004335309 0.0061275959
233400.0000000000 0.0004248784 0.0061144829
233500.0000000000 0.0004257468 0.0061200261
233600.0000000000 0.0004239089 0.0061229467
233700.0000000000 0.0004236715 0.0061104298
233800.0000000000 0.0004235446 0.0061144829
233900.0000000000 0.0004223671 0.0061122775
234000.0000000000 0.0004352980 0.0061185360
234100.0000000000 0.0004230740 0.0061210394
234200.0000000000 0.0004223179 0.0061180592
234300.0000000000 0.0004316044 0.0060800314
234400.0000000000 0.0004235913 0.0061135888
234500.0000000000 0.0004264346 0.0061165094
234600.0000000000 0.0004193666 0.0061160326
234700.0000000000 0.0004313159 0.0061110854
234800.0000000000 0.0004213914 0.0060988665
234900.0000000000 0.0004188592 0.0061144233
235000.0000000000 0.0004195852 0.0061182976
235100.0000000000 0.0004187026 0.0061169267
235200.0000000000 0.0004185364 0.0061170459
235300.0000000000 0.0004675142 0.0060461760
235400.0000000000 0.0004183764 0.0061165094
235500.0000000000 0.0004184080 0.0061166883
235600.0000000000 0.0004184271 0.0061168075
235700.0000000000 0.0004184270 0.0061237216
235800.0000000000 0.0004184018 0.0061160922
235900.0000000000 0.0004184125 0.0061162710
236000.0000000000 0.0004183440 0.0061156154
236100.0000000000 0.0004184550 0.0061159134
236200.0000000000 0.0004183175 0.0061164498
236300.0000000000 0.0004182683 0.0061168075
236400.0000000000 0.0005197860 0.0061926246
236500.0000000000 0.0004182528 0.0061168075
236600.0000000000 0.0004183074 0.0061166286
236700.0000000000 0.0004183063 0.0061166883
236800.0000000000 0.0004182992 0.0061169863
236900.0000000000 0.0004185935 0.0061199069
237000.0000000000 0.0004184334 0.0061166286
237100.0000000000 0.0004184414 0.0061167479
237200.0000000000 0.0004184556 0.0061165690
237300.0000000000 0.0004184898 0.0061166883
237400.0000000000 0.0004185230 0.0061201453
237500.0000000000 0.0004183133 0.0061162710
237600.0000000000 0.0004182710 0.0061162710
237700.0000000000 0.0004179709 0.0061162114
237800.0000000000 0.0004181914 0.0061159730
237900.0000000000 0.0004180549 0.0061163902
238000.0000000000 0.0004179018 0.0061166883
238100.0000000000 0.0004818958 0.0062319636
238200.0000000000 0.0004174103 0.0061165690
238300.0000000000 0.0004173733 0.0061166286
238400.0000000000 0.0004173376 0.0061164498
238500.0000000000 0.0004172859 0.0061164498
238600.0000000000 0.0004172666 0.0061250329
238700.0000000000 0.0004170861 0.0061165690
238800.0000000000 0.0004171024 0.0061166286
238900.0000000000 0.0004170555 0.0061164498
239000.0000000000 0.0004181185 0.0061215758
239100.0000000000 0.0004167646 0.0061161518
239200.0000000000 0.0004166750 0.0061162710
239300.0000000000 0.0004165657 0.0061164498
239400.0000000000 0.0004164491 0.0061164498
239500.0000000000 0.0004178306 0.0061199069
239600.0000000000 0.0004163971 0.0061163902
239700.0000000000 0.0004161715 0.0061163902
239800.0000000000 0.0004159700 0.0061163902
239900.0000000000 0.0004213647 0.0061130524
240000.0000000000 0.0004155898 0.0061159730
240100.0000000000 0.0004154098 0.0061162710
240200.0000000000 0.0004152400 0.0061164498
240300.0000000000 0.0004151158 0.0061164498
240400.0000000000 0.0004149759 0.0061165094
240500.0000000000 0.0004153295 0.0061125755
240600.0000000000 0.0004145653 0.0061163902
240700.0000000000 0.0004143442 0.0061158538
240800.0000000000 0.0004140830 0.0061171055
240900.0000000000 0.0004139806 0.0061161518
241000.0000000000 0.0004138101 0.0061163306
241100.0000000000 0.0004143425 0.0061155558
241200.0000000000 0.0004131468 0.0061241388
241300.0000000000 0.0004259486 0.0061209798
241400.0000000000 0.0004126078 0.0061225891
241500.0000000000 0.0004118386 0.0061193705
241600.0000000000 0.0004115281 0.0061161518
241700.0000000000 0.0004116259 0.0061294436
241800.0000000000 0.0004207774 0.0061212182
241900.0000000000 0.0004109380 0.0061086416
242000.0000000000 0.0004114105 0.0061182976
242100.0000000000 0.0004095361 0.0061110258
242200.0000000000 0.0004095894 0.0061161518
242300.0000000000 0.0004096766 0.0061235428
242400.0000000000 0.0004082863 0.0061184764
242500.0000000000 0.0004071856 0.0061140060
242600.0000000000 0.0004072993 0.0061120391
242700.0000000000 0.0004067505 0.0061202645
242800.0000000000 0.0004054626 0.0061159134
242900.0000000000 0.0004064183 0.0061203837
243000.0000000000 0.0004055216 0.0061156154
243100.0000000000 0.0004089311 0.0061038733
243200.0000000000 0.0004048036 0.0061166286
243300.0000000000 0.0004092276 0.0061256289
243400.0000000000 0.0004035151 0.0061173439
243500.0000000000 0.0004029778 0.0061281323
243600.0000000000 0.0004057554 0.0060910583
243700.0000000000 0.0004037369 0.0061116219
243800.0000000000 0.0004108178 0.0061087608
243900.0000000000 0.0004034196 0.0061253309
244000.0000000000 0.0004023595 0.0061146617
244100.0000000000 0.0004025890 0.0061097741
244200.0000000000 0.0004083036 0.0061267614
244300.0000000000 0.0004031213 0.0061159134
244400.0000000000 0.0004032569 0.0061085820
244500.0000000000 0.0004012805 0.0061326623
244600.0000000000 0.0004006300 0.0061087608
244700.0000000000 0.0004092012 0.0061011910
244800.0000000000 0.0004008168 0.0061104894
244900.0000000000 0.0003998728 0.0061142445
245000.0000000000 0.0003992860 0.0061191320
245100.0000000000 0.0003987758 0.0061155558
245200.0000000000 0.0003986468 0.0061154962
245300.0000000000 0.0004014391 0.0061777830
245400.0000000000 0.0003996247 0.0060846806
245500.0000000000 0.0003985256 0.0061191320
245600.0000000000 0.0003987801 0.0061109662
245700.0000000000 0.0003980259 0.0061114430
245800.0000000000 0.0004004054 0.0061252713
245900.0000000000 0.0003982132 0.0061153173
246000.0000000000 0.0003991000 0.0061259866
246100.0000000000 0.0004010277 0.0061135888
246200.0000000000 0.0003982883 0.0061222315
246300.0000000000 0.0003965374 0.0061138272
246400.0000000000 0.0003973978 0.0061155558
246500.0000000000 0.0003958891 0.0061158538
246600.0000000000 0.0004078978 0.0061361790
246700.0000000000 0.0003955871 0.0061110854
246800.0000000000 0.0003997928 0.0060971379
246900.0000000000 0.0003944060 0.0061132908
247000.0000000000 0.0003955404 0.0061140060
247100.0000000000 0.0003969521 0.0061208010
247200.0000000000 0.0003939255 0.0061163306
247300.0000000000 0.0003939987 0.0061144829
247400.0000000000 0.0003944578 0.0061206818
247500.0000000000 0.0003954765 0.0061243773
247600.0000000000 0.0003930310 0.0061112046
247700.0000000000 0.0003935560 0.0061120987
247800.0000000000 0.0003988304 0.0061163902
247900.0000000000 0.0003923912 0.0061190128
248000.0000000000 0.0003923801 0.0061151981
248100.0000000000 0.0003941027 0.0061116815
248200.0000000000 0.0003918545 0.0061088800
248300.0000000000 0.0003922578 0.0061147809
248400.0000000000 0.0003921643 0.0061017275
248500.0000000000 0.0003903380 0.0061163902
248600.0000000000 0.0003912339 0.0061241984
248700.0000000000 0.0003907430 0.0061087012
248800.0000000000 0.0003920437 0.0061228871
248900.0000000000 0.0003894648 0.0061098337
249000.0000000000 0.0003931746 0.0060992241
249100.0000000000 0.0003899711 0.0061135888
249200.0000000000 0.0003895512 0.0061144829
249300.0000000000 0.0003954942 0.0061257482
249400.0000000000 0.0003913977 0.0061167479
249500.0000000000 0.0003887316 0.0061165690
249600.0000000000 0.0003878918 0.0060969591
249700.0000000000 0.0003886512 0.0061191916
249800.0000000000 0.0003999733 0.0061269999
249900.0000000000 0.0003866710 0.0061092377
250000.0000000000 0.0003912813 0.0060929656
250100.0000000000 0.0003870178 0.0061147213
250200.0000000000 0.0003868669 0.0061144829
250300.0000000000 0.0003870862 0.0061151385
250400.0000000000 0.0003865571 0.0061154366
250500.0000000000 0.0003869974 0.0061188340
250600.0000000000 0.0003870441 0.0061126947
250700.0000000000 0.0003859888 0.0061130524
250800.0000000000 0.0003855636 0.0061172247
250900.0000000000 0.0003859141 0.0061240792
251000.0000000000 0.0003856155 0.0061070919
251100.0000000000 0.0003850437 0.0061198473
251200.0000000000 0.0003855163 0.0061141849
251300.0000000000 0.0003857012 0.0061334372
251400.0000000000 0.0003857814 0.0061268806
251500.0000000000 0.0003842452 0.0061085820
251600.0000000000 0.0003839763 0.0061106682
251700.0000000000 0.0003842891 0.0061158538
251800.0000000000 0.0003840922 0.0061221123
251900.0000000000 0.0003842891 0.0061164498
252000.0000000000 0.0003826368 0.0061150789
252100.0000000000 0.0003846350 0.0061286688
252200.0000000000 0.0003850694 0.0060959458
252300.0000000000 0.0003831196 0.0060926676
252400.0000000000 0.0003815182 0.0061147809
252500.0000000000 0.0003823031 0.0061140060
252600.0000000000 0.0003808253 0.0061166883
252700.0000000000 0.0003800198 0.0061035156
252800.0000000000 0.0003807143 0.0061325431
252900.0000000000 0.0003814954 0.0061116815
253000.0000000000 0.0003802710 0.0061122179
253100.0000000000 0.0003805239 0.0061096549
253200.0000000000 0.0003878622 0.0061085224
253300.0000000000 0.0003791219 0.0061280131
253400.0000000000 0.0003786005 0.0061102509
253500.0000000000 0.0003797150 0.0061143637
253600.0000000000 0.0003793782 0.0061094165
253700.0000000000 0.0003795861 0.0061169267
253800.0000000000 0.0003800289 0.0061042905
253900.0000000000 0.0003821358 0.0061119199
254000.0000000000 0.0003771051 0.0061044097
254100.0000000000 0.0003773375 0.0061131120
254200.0000000000 0.0003780265 0.0061076283
254300.0000000000 0.0003779163 0.0061171651
254400.0000000000 0.0003762220 0.0061097741
254500.0000000000 0.0003760267 0.0061123371
254600.0000000000 0.0003768885 0.0061122179
254700.0000000000 0.0003764504 0.0061160922
254800.0000000000 0.0003748477 0.0061089396
254900.0000000000 0.0003763937 0.0061114430
255000.0000000000 0.0003764643 0.0061000586
255100.0000000000 0.0003756043 0.0061137676
255200.0000000000 0.0003758602 0.0061151981
255300.0000000000 0.0003775816 0.0061293840
255400.0000000000 0.0003753686 0.0061139464
255500.0000000000 0.0003880048 0.0061223507
255600.0000000000 0.0003750021 0.0061159134
255700.0000000000 0.0003763284 0.0061209202
255800.0000000000 0.0003754858 0.0061130524
255900.0000000000 0.0003750324 0.0061134696
256000.0000000000 0.0003746530 0.0061157942
256100.0000000000 0.0003739494 0.0061164498
256200.0000000000 0.0003737129 0.0061140656
256300.0000000000 0.0003739035 0.0061091781
256400.0000000000 0.0003740177 0.0061179996
256500.0000000000 0.0003740124 0.0061113834
256600.0000000000 0.0003743066 0.0061143041
256700.0000000000 0.0003738466 0.0061128139
256800.0000000000 0.0003737056 0.0061085820
256900.0000000000 0.0003734541 0.0061137676
257000.0000000000 0.0003742273 0.0060963631
257100.0000000000 0.0003722960 0.0061180592
257200.0000000000 0.0003723812 0.0061141253
257300.0000000000 0.0003714547 0.0061141253
257400.0000000000 0.0003761331 0.0061265230
257500.0000000000 0.0003718619 0.0061126947
257600.0000000000 0.0003708046 0.0061156154
257700.0000000000 0.0003721224 0.0061149597
257800.0000000000 0.0003734067 0.0061082840
257900.0000000000 0.0003713505 0.0061143637
258000.0000000000 0.0003709718 0.0060952902
258100.0000000000 0.0003713862 0.0061304569
258200.0000000000 0.0003708567 0.0061129332
258300.0000000000 0.0003709484 0.0061162710
258400.0000000000 0.0003718776 0.0061073899
258500.0000000000 0.0003718705 0.0061084628
258600.0000000000 0.0003698920 0.0061128736
258700.0000000000 0.0003721385 0.0061154962
258800.0000000000 0.0003703738 0.0061131120
258900.0000000000 0.0003698832 0.0061168671
259000.0000000000 0.0003690622 0.0061145425
259100.0000000000 0.0003710829 0.0061027408
259200.0000000000 0.0003698600 0.0061098337
259300.0000000000 0.0003713476 0.0061066151
259400.0000000000 0.0003681598 0.0061006546
259500.0000000000 0.0003671470 0.0061158538
259600.0000000000 0.0003683232 0.0061104298
259700.0000000000 0.0003678389 0.0061125755
259800.0000000000 0.0003665271 0.0061219335
259900.0000000000 0.0003687647 0.0061040521
260000.0000000000 0.0003689765 0.0061125159
260100.0000000000 0.0003668976 0.0061131716
260200.0000000000 0.0003667823 0.0061128736
260300.0000000000 0.0003660151 0.0061147809
260400.0000000000 0.0003666364 0.0061134100
260500.0000000000 0.0003666923 0.0061129332
260600.0000000000 0.0003664955 0.0061153173
260700.0000000000 0.0003666380 0.0061128139
260800.0000000000 0.0003666224 0.0061129332
260900.0000000000 0.0003664945 0.0061137080
261000.0000000000 0.0003664201 0.0061129928
261100.0000000000 0.0003670618 0.0060847402
261200.0000000000 0.0003663402 0.0061131120
261300.0000000000 0.0003662962 0.0061131716
261400.0000000000 0.0003657760 0.0061160922
261500.0000000000 0.0003662659 0.0061131716
261600.0000000000 0.0003662380 0.0061130524
261700.0000000000 0.0003661773 0.0061128736
261800.0000000000 0.0003661612 0.0061135888
261900.0000000000 0.0003660025 0.0061128139
262000.0000000000 0.0003659365 0.0061124563
262100.0000000000 0.0003658909 0.0061129332
262200.0000000000 0.0003658103 0.0061128139
262300.0000000000 0.0003657587 0.0061127543
262400.0000000000 0.0003685481 0.0060955286
262500.0000000000 0.0003655902 0.0061129332
262600.0000000000 0.0003655777 0.0061128736
262700.0000000000 0.0003655439 0.0061127543
262800.0000000000 0.0003655109 0.0061125755
262900.0000000000 0.0003655027 0.0061126351
263000.0000000000 0.0003654533 0.0061126947
263100.0000000000 0.0003653718 0.0061130524
263200.0000000000 0.0003655242 0.0061106086
263300.0000000000 0.0003652219 0.0061131120
263400.0000000000 0.0003651512 0.0061128139
263500.0000000000 0.0003651321 0.0061129332
263600.0000000000 0.0003649285 0.0061148405
263700.0000000000 0.0003650222 0.0061126351
263800.0000000000 0.0003649516 0.0061127543
263900.0000000000 0.0003648947 0.0061126947
264000.0000000000 0.0003648042 0.0061126947
264100.0000000000 0.0003670548 0.0061176419
264200.0000000000 0.0003647958 0.0061125159
264300.0000000000 0.0003646317 0.0061127543
264400.0000000000 0.0003645381 0.0061126351
264500.0000000000 0.0003644154 0.0061126351
264600.0000000000 0.0004180939 0.0060332417
264700.0000000000 0.0003643485 0.0061135888
264800.0000000000 0.0003641062 0.0061125159
264900.0000000000 0.0003639988 0.0061126351
265000.0000000000 0.0003638862 0.0061125755
265100.0000000000 0.0003637831 0.0061125755
265200.0000000000 0.0003636588 0.0061128139
265300.0000000000 0.0003635396 0.0061126351
265400.0000000000 0.0003634239 0.0061126351
265500.0000000000 0.0003633121 0.0061126351
265600.0000000000 0.0004173013 0.0060183406
265700.0000000000 0.0003629649 0.0061120987
265800.0000000000 0.0003627998 0.0061125159
265900.0000000000 0.0003626455 0.0061125159
266000.0000000000 0.0003624941 0.0061125755
266100.0000000000 0.0003623917 0.0061123967
266200.0000000000 0.0003604781 0.0061054230
266300.0000000000 0.0003622852 0.0061128736
266400.0000000000 0.0003622186 0.0061125755
266500.0000000000 0.0003621849 0.0061126351
266600.0000000000 0.0003621253 0.0061126947
266700.0000000000 0.0003620946 0.0061125159
266800.0000000000 0.0003620287 0.0061125159
266900.0000000000 0.0003618915 0.0061134696
267000.0000000000 0.0003617605 0.0061128139
267100.0000000000 0.0003616324 0.0061125159
267200.0000000000 0.0003615085 0.0061125159
267300.0000000000 0.0003618289 0.0061095357
267400.0000000000 0.0003611881 0.0061124563
267500.0000000000 0.0003609811 0.0061124563
267600.0000000000 0.0003608169 0.0061123371
267700.0000000000 0.0003606556 0.0061123967
267800.0000000000 0.0003604605 0.0061124563
267900.0000000000 0.0003603352 0.0061124563
268000.0000000000 0.0003601295 0.0061123967
268100.0000000000 0.0003642290 0.0061393380
268200.0000000000 0.0003597873 0.0061121583
268300.0000000000 0.0003597512 0.0061124563
268400.0000000000 0.0003596548 0.0061125159
268500.0000000000 0.0003595675 0.0061123371
268600.0000000000 0.0003595463 0.0061113238
268700.0000000000 0.0003593823 0.0061119199
268800.0000000000 0.0003592892 0.0061121583
268900.0000000000 0.0003591354 0.0061124563
269000.0000000000 0.0003590277 0.0061122179
269100.0000000000 0.0003587997 0.0061132908
269200.0000000000 0.0003588009 0.0061125159
269300.0000000000 0.0003586685 0.0061123371
269400.0000000000 0.0003598302 0.0061094761
269500.0000000000 0.0003585686 0.0061120391
269600.0000000000 0.0003582931 0.0061123371
269700.0000000000 0.0003582075 0.0061122775
269800.0000000000 0.0003581353 0.0061121583
269900.0000000000 0.0003580748 0.0061120987
270000.0000000000 0.0003581659 0.0061151981
270100.0000000000 0.0003578660 0.0061120391
270200.0000000000 0.0003577462 0.0061123371
270300.0000000000 0.0003576046 0.0061119795
270400.0000000000 0.0003574623 0.0061122179
270500.0000000000 0.0003573294 0.0061120391
270600.0000000000 0.0003575006 0.0061109662
270700.0000000000 0.0003570944 0.0061123371
270800.0000000000 0.0003569079 0.0061120391
270900.0000000000 0.0003567534 0.0061120987
271000.0000000000 0.0003565931 0.0061122179
271100.0000000000 0.0003564125 0.0061121583
271200.0000000000 0.0003567037 0.0061104298
271300.0000000000 0.0003560232 0.0061120987
271400.0000000000 0.0003558901 0.0061120391
271500.0000000000 0.0003557991 0.0061120391
271600.0000000000 0.0003557022 0.0061121583
271700.0000000000 0.0003556364 0.0060983896
271800.0000000000 0.0003554061 0.0061117411
271900.0000000000 0.0003552407 0.0061120987
272000.0000000000 0.0003548725 0.0061075091
272100.0000000000 0.0003549362 0.0061119199
272200.0000000000 0.0003547675 0.0061119795
272300.0000000000 0.0003546185 0.0061120987
272400.0000000000 0.0003541694 0.0061147213
272500.0000000000 0.0003543039 0.0061117411
272600.0000000000 0.0003541492 0.0061120987
272700.0000000000 0.0003539824 0.0061120391
272800.0000000000 0.0003538034 0.0061119795
272900.0000000000 0.0003570885 0.0061074495
273000.0000000000 0.0003535543 0.0061116219
273100.0000000000 0.0003533680 0.0061118603
273200.0000000000 0.0003531940 0.0061118603
273300.0000000000 0.0003530567 0.0061116815
273400.0000000000 0.0003529381 0.0061119795
273500.0000000000 0.0003527424 0.0061120391
273600.0000000000 0.0003525786 0.0061120987
273700.0000000000 0.0004366383 0.0061022639
273800.0000000000 0.0003525139 0.0061126351
273900.0000000000 0.0003523522 0.0061118007
274000.0000000000 0.0003522094 0.0061118603
274100.0000000000 0.0003521129 0.0061118603
274200.0000000000 0.0003519967 0.0061118603
274300.0000000000 0.0003518816 0.0061117411
274400.0000000000 0.0003839696 0.0061535835
274500.0000000000 0.0003516497 0.0061114430
274600.0000000000 0.0003515421 0.0061113834
274700.0000000000 0.0003514352 0.0061113834
274800.0000000000 0.0003513469 0.0061117411
274900.0000000000 0.0003512546 0.0061116219
275000.0000000000 0.0003511740 0.0061117411
275100.0000000000 0.0003510733 0.0061118603
275200.0000000000 0.0003509914 0.0061118007
275300.0000000000 0.0003510864 0.0061163902
275400.0000000000 0.0003507131 0.0061120391
275500.0000000000 0.0003505426 0.0061117411
275600.0000000000 0.0003504082 0.0061116219
275700.0000000000 0.0003502412 0.0061116815
275800.0000000000 0.0003500454 0.0061121583
275900.0000000000 0.0003499165 0.0061116815
276000.0000000000 0.0003497880 0.0061115026
276100.0000000000 0.0003496810 0.0061116815
276200.0000000000 0.0003495505 0.0061116219
276300.0000000000 0.0003494018 0.0061118007
276400.0000000000 0.0003634429 0.0060905218
276500.0000000000 0.0003491267 0.0061114430
276600.0000000000 0.0003489698 0.0061113834
276700.0000000000 0.0003488374 0.0061117411
276800.0000000000 0.0003487141 0.0061115623
276900.0000000000 0.0003533017 0.0061549544
277000.0000000000 0.0003484943 0.0061112642
277100.0000000000 0.0003483425 0.0061115026
277200.0000000000 0.0003482452 0.0061115623
277300.0000000000 0.0003481146 0.0061113834
277400.0000000000 0.0003479149 0.0060903430
277500.0000000000 0.0003478080 0.0061113238
277600.0000000000 0.0003477017 0.0061114430
277700.0000000000 0.0003475803 0.0061112642
277800.0000000000 0.0003474882 0.0061112046
277900.0000000000 0.0003473867 0.0061112642
278000.0000000000 0.0003466425 0.0061116815
278100.0000000000 0.0003471154 0.0061112046
278200.0000000000 0.0003469783 0.0061114430
278300.0000000000 0.0003463504 0.0061119199
278400.0000000000 0.0003466492 0.0061111450
278500.0000000000 0.0003464992 0.0061112642
278600.0000000000 0.0003461909 0.0061113834
278700.0000000000 0.0003462024 0.0061113834
278800.0000000000 0.0003460750 0.0061113238
278900.0000000000 0.0003464073 0.0061126351
279000.0000000000 0.0003458239 0.0061111450
279100.0000000000 0.0003456744 0.0061114430
279200.0000000000 0.0003455290 0.0061112642
279300.0000000000 0.0003470509 0.0061376095
279400.0000000000 0.0003450433 0.0061106086
279500.0000000000 0.0003448708 0.0061109066
279600.0000000000 0.0003446976 0.0061110854
279700.0000000000 0.0003445587 0.0061110854
279800.0000000000 0.0003444512 0.0061112046
279900.0000000000 0.0003442338 0.0061115623
280000.0000000000 0.0003440757 0.0061111450
280100.0000000000 0.0003439609 0.0061112046
280200.0000000000 0.0003438266 0.0061111450
280300.0000000000 0.0003436999 0.0061110854
280400.0000000000 0.0003436134 0.0061107874
280500.0000000000 0.0003434757 0.0061110854
280600.0000000000 0.0003456349 0.0061078072
280700.0000000000 0.0003433563 0.0061109662
280800.0000000000 0.0003432737 0.0061111450
280900.0000000000 0.0003431871 0.0061112046
281000.0000000000 0.0003430839 0.0061111450
281100.0000000000 0.0003425752 0.0061246753
281200.0000000000 0.0003428174 0.0061108470
281300.0000000000 0.0003427255 0.0061108470
281400.0000000000 0.0003426667 0.0061109662
281500.0000000000 0.0003425908 0.0061109066
281600.0000000000 0.0003425085 0.0061111450
281700.0000000000 0.0003424128 0.0061107874
281800.0000000000 0.0003422958 0.0061163306
281900.0000000000 0.0003421683 0.0061104298
282000.0000000000 0.0003420918 0.0061109662
282100.0000000000 0.0003434194 0.0061164498
282200.0000000000 0.0003418831 0.0061110258
282300.0000000000 0.0003417168 0.0061109066
282400.0000000000 0.0003417617 0.0061109066
282500.0000000000 0.0003414866 0.0061110258
282600.0000000000 0.0003413419 0.0061109662
282700.0000000000 0.0003411992 0.0061108470
282800.0000000000 0.0003458325 0.0061262846
282900.0000000000 0.0003409346 0.0061106086
283000.0000000000 0.0003407570 0.0061106682
283100.0000000000 0.0003405825 0.0061107874
283200.0000000000 0.0003398907 0.0061149001
283300.0000000000 0.0003402371 0.0061107874
283400.0000000000 0.0003400688 0.0061107874
283500.0000000000 0.0003399250 0.0061110258
283600.0000000000 0.0003401381 0.0061058402
283700.0000000000 0.0003396590 0.0061108470
283800.0000000000 0.0003394872 0.0061104894
283900.0000000000 0.0003393218 0.0061108470
284000.0000000000 0.0003391361 0.0061107874
284100.0000000000 0.0003378906 0.0061361790
284200.0000000000 0.0003389122 0.0061108470
284300.0000000000 0.0003387781 0.0061108470
284400.0000000000 0.0003386475 0.0061107874
284500.0000000000 0.0003385246 0.0061106682
284600.0000000000 0.0003383966 0.0061106682
284700.0000000000 0.0003381045 0.0061149597
284800.0000000000 0.0003382249 0.0061108470
284900.0000000000 0.0003381485 0.0061108470
285000.0000000000 0.0003380812 0.0061104894
285100.0000000000 0.0003380107 0.0061104894
285200.0000000000 0.0003379439 0.0061104894
285300.0000000000 0.0003378658 0.0061106682
285400.0000000000 0.0003378017 0.0061107278
285500.0000000000 0.0003377031 0.0061105490
285600.0000000000 0.0003377674 0.0060950518
285700.0000000000 0.0003375236 0.0061105490
285800.0000000000 0.0003374118 0.0061105490
285900.0000000000 0.0003373375 0.0061104894
286000.0000000000 0.0003372376 0.0061104894
286100.0000000000 0.0003371451 0.0061104298
286200.0000000000 0.0003370211 0.0061104894
286300.0000000000 0.0003369100 0.0061104298
286400.0000000000 0.0003367475 0.0061101913
286500.0000000000 0.0003365628 0.0061105490
286600.0000000000 0.0003364260 0.0061104894
286700.0000000000 0.0003362643 0.0061106086
286800.0000000000 0.0003361276 0.0061105490
286900.0000000000 0.0003360033 0.0061106086
287000.0000000000 0.0003358125 0.0061111450
287100.0000000000 0.0003356704 0.0061104894
287200.0000000000 0.0003355303 0.0061106086
287300.0000000000 0.0003353910 0.0061105490
287400.0000000000 0.0003412267 0.0061088800
287500.0000000000 0.0003352891 0.0061104298
287600.0000000000 0.0003352281 0.0061104894
287700.0000000000 0.0003351764 0.0061104298
287800.0000000000 0.0003351233 0.0061104298
287900.0000000000 0.0003350591 0.0061102509
288000.0000000000 0.0003349819 0.0061104894
288100.0000000000 0.0003348976 0.0061106086
288200.0000000000 0.0003348050 0.0061102509
288300.0000000000 0.0003339054 0.0061128736
288400.0000000000 0.0003346502 0.0061105490
288500.0000000000 0.0003345436 0.0061101913
288600.0000000000 0.0003344492 0.0061103702
288700.0000000000 0.0003343299 0.0061101913
288800.0000000000 0.0003341962 0.0061101913
288900.0000000000 0.0003340931 0.0061100125
289000.0000000000 0.0003339451 0.0061103702
289100.0000000000 0.0003338361 0.0061103702
289200.0000000000 0.0003407889 0.0060785413
289300.0000000000 0.0003335660 0.0061099529
289400.0000000000 0.0003333716 0.0061099529
289500.0000000000 0.0003332448 0.0061098933
289600.0000000000 0.0003331085 0.0061099529
289700.0000000000 0.0003329935 0.0061101317
289800.0000000000 0.0003329069 0.0061100125
289900.0000000000 0.0003331125 0.0061090589
290000.0000000000 0.0003326850 0.0061099529
290100.0000000000 0.0003325802 0.0061098933
290200.0000000000 0.0003324952 0.0061100125
290300.0000000000 0.0003323903 0.0061098337
290400.0000000000 0.0003322930 0.0061099529
290500.0000000000 0.0003321893 0.0061098337
290600.0000000000 0.0003321114 0.0061098337
290700.0000000000 0.0003314251 0.0061083436
290800.0000000000 0.0003317665 0.0061098337
290900.0000000000 0.0003316667 0.0061097741
291000.0000000000 0.0003315236 0.0061101317
291100.0000000000 0.0003313620 0.0061097741
291200.0000000000 0.0003312594 0.0061098933
291300.0000000000 0.0003319086 0.0061135888
291400.0000000000 0.0003308992 0.0061099529
291500.0000000000 0.0003308051 0.0061099529
291600.0000000000 0.0003306757 0.0061098933
291700.0000000000 0.0003305579 0.0061097145
291800.0000000000 0.0003312074 0.0061104298
291900.0000000000 0.0003304985 0.0061098337
292000.0000000000 0.0003303513 0.0061097741
292100.0000000000 0.0003302954 0.0061097145
292200.0000000000 0.0003302463 0.0061097741
292300.0000000000 0.0003301339 0.0061098337
292400.0000000000 0.0003300419 0.0061096549
292500.0000000000 0.0003299177 0.0061097145
292600.0000000000 0.0003297853 0.0061081052
292700.0000000000 0.0003297237 0.0061097145
292800.0000000000 0.0003296458 0.0061096549
292900.0000000000 0.0003295077 0.0061095953
293000.0000000000 0.0003294190 0.0061098337
293100.0000000000 0.0003293128 0.0061097145
293200.0000000000 0.0003289835 0.0061133504
293300.0000000000 0.0003290665 0.0061097145
293400.0000000000 0.0003289250 0.0061095953
293500.0000000000 0.0003285867 0.0061084628
293600.0000000000 0.0003286722 0.0061095357
293700.0000000000 0.0003285017 0.0061095357
293800.0000000000 0.0003283534 0.0061095953
293900.0000000000 0.0003282160 0.0061095357
294000.0000000000 0.0003280767 0.0061095357
294100.0000000000 0.0003278182 0.0061091781
294200.0000000000 0.0003278010 0.0061097741
294300.0000000000 0.0003276917 0.0061095953
294400.0000000000 0.0003275731 0.0061095953
294500.0000000000 0.0003274587 0.0061096549
294600.0000000000 0.0003273396 0.0061094761
294700.0000000000 0.0003272188 0.0061092973
294800.0000000000 0.0003271164 0.0061095953
294900.0000000000 0.0003287697 0.0061066747
295000.0000000000 0.0003268427 0.0061094165
295100.0000000000 0.0003266713 0.0061094165
295200.0000000000 0.0003265384 0.0061097145
295300.0000000000 0.0003263882 0.0061092377
295400.0000000000 0.0003262434 0.0061094761
295500.0000000000 0.0003260959 0.0061095953
295600.0000000000 0.0003259614 0.0061094165
295700.0000000000 0.0003258478 0.0061094761
295800.0000000000 0.0003466807 0.0060880184
295900.0000000000 0.0003256286 0.0061089396
296000.0000000000 0.0003254859 0.0061093569
296100.0000000000 0.0003253907 0.0061094761
296200.0000000000 0.0003253089 0.0061095357
296300.0000000000 0.0003252495 0.0061094761
296400.0000000000 0.0003251888 0.0061094165
296500.0000000000 0.0003251083 0.0061094761
296600.0000000000 0.0003250143 0.0061094761
296700.0000000000 0.0003249739 0.0061094761
296800.0000000000 0.0003251870 0.0061048269
296900.0000000000 0.0003248490 0.0061093569
297000.0000000000 0.0003247440 0.0061095357
297100.0000000000 0.0003246255 0.0061094165
297200.0000000000 0.0003245209 0.0061093569
297300.0000000000 0.0003244421 0.0061092377
297400.0000000000 0.0003472787 0.0060973167
297500.0000000000 0.0003242294 0.0061097145
297600.0000000000 0.0003241391 0.0061092377
297700.0000000000 0.0003240209 0.0061091185
297800.0000000000 0.0003239292 0.0061093569
297900.0000000000 0.0003237889 0.0061091185
298000.0000000000 0.0003243363 0.0061443448
298100.0000000000 0.0003235450 0.0061093569
298200.0000000000 0.0003234484 0.0061092973
298300.0000000000 0.0003233309 0.0061095357
298400.0000000000 0.0003232100 0.0061092377
298500.0000000000 0.0003231016 0.0061094165
298600.0000000000 0.0003229774 0.0061092973
298700.0000000000 0.0003250646 0.0061232448
298800.0000000000 0.0003227195 0.0061094761
298900.0000000000 0.0003226247 0.0061093569
299000.0000000000 0.0003225556 0.0061091185
299100.0000000000 0.0003224473 0.0061090589
299200.0000000000 0.0003223707 0.0061089993
299300.0000000000 0.0003222635 0.0061092377
299400.0000000000 0.0003221763 0.0061091185
299500.0000000000 0.0003216351 0.0061102509
299600.0000000000 0.0003219874 0.0061096549
299700.0000000000 0.0003218901 0.0061090589
299800.0000000000 0.0003218438 0.0061091781
299900.0000000000 0.0003217879 0.0061091781
300000.0000000000 0.0003216965 0.0061089993
