100.0000000000 0.7004915597 1.1733949246
200.0000000000 0.7056410090 1.1939752163
300.0000000000 0.7054856295 1.1859505387
400.0000000000 0.7063919375 1.1890067526
500.0000000000 0.7087854380 1.2025164211
600.0000000000 0.7108397063 1.2276267285
700.0000000000 0.7116287276 1.2482278080
800.0000000000 0.7102771498 1.2625901826
900.0000000000 0.7061659866 1.2653106302
1000.0000000000 0.6992348027 1.2713244904
1100.0000000000 0.6889533967 1.2669755104
1200.0000000000 0.6758473124 1.2486872740
1300.0000000000 0.6643587750 1.2443247087
1400.0000000000 0.6527769099 1.2101646792
1500.0000000000 0.6423739789 1.1925351984
1600.0000000000 0.6331749278 1.2202813141
1700.0000000000 0.6247459846 1.2495879792
1800.0000000000 0.6193443340 1.2761585676
1900.0000000000 0.6122932071 1.2707936131
2000.0000000000 0.6078161381 1.2753168892
2100.0000000000 0.6081841577 1.2845964681
2200.0000000000 0.6056340416 1.2864729415
2300.0000000000 0.6021150645 1.2862234067
2400.0000000000 0.6010208073 1.2844257604
2500.0000000000 0.5999074188 1.2789162051
2600.0000000000 0.6014411814 1.2712760221
2700.0000000000 0.5981600728 1.2762345921
2800.0000000000 0.5954531158 1.2698668789
2900.0000000000 0.5924117813 1.2523940753
3000.0000000000 0.5918901623 1.2704038571
3100.0000000000 0.5864966351 1.2576076936
3200.0000000000 0.5912398042 1.2739561212
3300.0000000000 0.5870330308 1.2647059869
3400.0000000000 0.5855294641 1.2579455387
3500.0000000000 0.5826188818 1.2526320529
3600.0000000000 0.5809725019 1.2527360928
3700.0000000000 0.5790845277 1.2459701311
3800.0000000000 0.5778548913 1.2463008773
3900.0000000000 0.5721544019 1.2299202841
4000.0000000000 0.5748226985 1.2384223619
4100.0000000000 0.5674002966 1.2222821763
4200.0000000000 0.5728608863 1.2419296405
4300.0000000000 0.5692508384 1.2361904136
4400.0000000000 0.5688501290 1.2477326891
4500.0000000000 0.5682243286 1.2501403360
4600.0000000000 0.5664279416 1.2473242549
4700.0000000000 0.5654610968 1.2407576112
4800.0000000000 0.5657661962 1.2453121809
4900.0000000000 0.5638624050 1.2444442343
5000.0000000000 0.5610889996 1.2364277523
5100.0000000000 0.5580627473 1.2303512376
5200.0000000000 0.5559455813 1.2249150109
5300.0000000000 0.5575983618 1.2224309277
5400.0000000000 0.5545292037 1.2166943830
5500.0000000000 0.5514285634 1.2069053929
5600.0000000000 0.5500664968 1.2036555838
5700.0000000000 0.5501624862 1.1952076983
5800.0000000000 0.5447996658 1.1905457061
5900.0000000000 0.5459910109 1.1848837681
6000.0000000000 0.5424712947 1.1702434402
6100.0000000000 0.5419094708 1.1669734400
6200.0000000000 0.5407491124 1.1571625304
6300.0000000000 0.5390505942 1.1522151030
6400.0000000000 0.5299538239 1.1324417126
6500.0000000000 0.5344517692 1.1350840398
6600.0000000000 0.5375876855 1.1396362431
6700.0000000000 0.5306656819 1.1145396180
6800.0000000000 0.5261841049 1.1021199099
6900.0000000000 0.5393316426 1.1385058593
7000.0000000000 0.6073605073 1.2535908303
7100.0000000000 0.5918175136 1.2783515615
7200.0000000000 0.5829102594 1.2783053679
7300.0000000000 0.5780603856 1.2785982949
7400.0000000000 0.5736460811 1.2745244534
7500.0000000000 0.5689892309 1.2660213143
7600.0000000000 0.5685091358 1.2692505450
7700.0000000000 0.5615972542 1.2501545877
7800.0000000000 0.5564370164 1.2294275046
7900.0000000000 0.5520212484 1.2095945359
8000.0000000000 0.5482029112 1.1911187203
8100.0000000000 0.5480667619 1.1921546538
8200.0000000000 0.5422433503 1.1625857086
8300.0000000000 0.5409872083 1.1653707356
8400.0000000000 0.5418070597 1.1596345485
8500.0000000000 0.5383576143 1.1407300115
8600.0000000000 0.5356102943 1.1250022680
8700.0000000000 0.5354555687 1.1261418045
8800.0000000000 0.5323072598 1.1067864478
8900.0000000000 0.5233347669 1.0750032098
9000.0000000000 0.5301687716 1.0916504891
9100.0000000000 0.5278361448 1.0780533434
9200.0000000000 0.5380372788 1.1156145974
9300.0000000000 0.5297009060 1.0841805071
9400.0000000000 0.5268018514 1.0688783259
9500.0000000000 0.5268780017 1.0742485107
9600.0000000000 0.5240166048 1.0567893789
9700.0000000000 0.5218872971 1.0435623110
9800.0000000000 0.5199974753 1.0321475633
9900.0000000000 0.5286987741 1.0990194573
10000.0000000000 0.5237404046 1.0643053546
10100.0000000000 0.5211916361 1.0484440520
10200.0000000000 0.5190684010 1.0362142070
10300.0000000000 0.5177859180 1.0305815830
10400.0000000000 0.5162323122 1.0248124569
10500.0000000000 0.5148455233 1.0150795046
10600.0000000000 0.5106801642 1.0119664713
10700.0000000000 0.5139150706 1.0174950852
10800.0000000000 0.5160370203 1.0209926411
10900.0000000000 0.5129060032 1.0119893073
11000.0000000000 0.5121518962 1.0107593580
11100.0000000000 0.5098469201 1.0069569170
11200.0000000000 0.5106505349 1.0042249083
11300.0000000000 0.5094794493 1.0120373785
11400.0000000000 0.5099498292 1.0147956057
11500.0000000000 0.5108611675 1.0106313645
11600.0000000000 0.5134249047 1.0076790943
11700.0000000000 0.5082542621 0.9948257868
11800.0000000000 0.5007327966 0.9858942245
11900.0000000000 0.5031922630 0.9903755215
12000.0000000000 0.5057383615 0.9893891875
12100.0000000000 0.4996988903 0.9840762788
12200.0000000000 0.5068482543 0.9978645476
12300.0000000000 0.5073951308 0.9866242974
12400.0000000000 0.5072509711 0.9953779275
12500.0000000000 0.5004236623 1.0458095118
12600.0000000000 0.5066353122 1.0128248621
12700.0000000000 0.5051598734 1.0034901786
12800.0000000000 0.5099036984 1.0085732776
12900.0000000000 0.5046631454 0.9960963417
13000.0000000000 0.5026024838 0.9886862624
13100.0000000000 0.5005770496 0.9854310814
13200.0000000000 0.5016258032 0.9832048554
13300.0000000000 0.5024320464 0.9996778562
13400.0000000000 0.4999289799 0.9848084625
13500.0000000000 0.4985139340 0.9955797612
13600.0000000000 0.5011089229 0.9883642464
13700.0000000000 0.4942827192 0.9720576618
13800.0000000000 0.4981810297 0.9899782508
13900.0000000000 0.4963046089 0.9813979908
14000.0000000000 0.4999399726 0.9986318915
14100.0000000000 0.4962239993 0.9815110757
14200.0000000000 0.4962133003 0.9951792478
14300.0000000000 0.4945474069 0.9907951101
14400.0000000000 0.4920608272 0.9808337136
14500.0000000000 0.4895233586 0.9783989160
14600.0000000000 0.4873848773 0.9705190218
14700.0000000000 0.4832785076 0.9697779722
14800.0000000000 0.5311952675 1.1530608237
14900.0000000000 0.5329272048 1.1730565831
15000.0000000000 0.5238244820 1.1030518949
15100.0000000000 0.5193468122 1.0644804627
15200.0000000000 0.5162422311 1.0380503476
15300.0000000000 0.5175050202 1.0315120929
15400.0000000000 0.5133011265 1.0252994150
15500.0000000000 0.5117837040 1.0190286525
15600.0000000000 0.5105723339 1.0146232221
15700.0000000000 0.5094084525 1.0087470107
15800.0000000000 0.5087715128 1.0068074671
15900.0000000000 0.5080980354 1.0046782867
16000.0000000000 0.5043799986 0.9997420778
16100.0000000000 0.5086093352 1.0038391921
16200.0000000000 0.5075425772 1.0002870571
16300.0000000000 0.5070633122 0.9971100792
16400.0000000000 0.5056849634 0.9943424614
16500.0000000000 0.5053856896 0.9936877053
16600.0000000000 0.5047752916 0.9919009936
16700.0000000000 0.5055342475 0.9914616748
16800.0000000000 0.5030582318 0.9872286722
16900.0000000000 0.5034558974 0.9860105115
17000.0000000000 0.5019853347 0.9824783991
17100.0000000000 0.5022454999 0.9844648765
17200.0000000000 0.5016147547 0.9798166568
17300.0000000000 0.5014057783 0.9802341028
17400.0000000000 0.5004984077 0.9781699362
17500.0000000000 0.5011876797 0.9800466760
17600.0000000000 0.4987961377 0.9782558389
17700.0000000000 0.4980524616 0.9736729164
17800.0000000000 0.4983511995 0.9758708732
17900.0000000000 0.4964858974 0.9738106047
18000.0000000000 0.4957452222 0.9713645641
18100.0000000000 0.4952911607 0.9688594898
18200.0000000000 0.4942800679 0.9695719276
18300.0000000000 0.4929192171 0.9626234106
18400.0000000000 0.4901176449 0.9590114236
18500.0000000000 0.4895162005 0.9562681962
18600.0000000000 0.4860002653 0.9508518868
18700.0000000000 0.4839543859 0.9450812790
18800.0000000000 0.4801575156 0.9373881758
18900.0000000000 0.4760290359 0.9365884491
19000.0000000000 0.4670143945 0.9260652277
19100.0000000000 0.4645187265 0.9192983271
19200.0000000000 0.4560560320 0.9091025429
19300.0000000000 0.4344579659 0.8835337276
19400.0000000000 0.4010348916 0.8426197984
19500.0000000000 0.1768270092 0.6846967816
19600.0000000000 0.1397489004 0.7676195404
19700.0000000000 0.1299693961 0.7816105983
19800.0000000000 0.1257570604 0.7653998039
19900.0000000000 0.1186306948 0.7733974955
20000.0000000000 0.1130569964 0.7708489201
20100.0000000000 0.1089881437 0.7623059056
20200.0000000000 0.1057047343 0.7526287935
20300.0000000000 0.1028116541 0.7474075458
20400.0000000000 0.0997126487 0.7395764491
20500.0000000000 0.0989810587 0.7374336622
20600.0000000000 0.0953236937 0.7207406661
20700.0000000000 0.0930028534 0.7190046809
20800.0000000000 0.0896677641 0.7053946755
20900.0000000000 0.0867927627 0.6918711564
21000.0000000000 0.0865060898 0.6849711439
21100.0000000000 0.0825305944 0.6723680398
21200.0000000000 0.0807959344 0.6684881351
21300.0000000000 0.5118320800 1.0598289849
21400.0000000000 0.5042228349 1.0383874209
21500.0000000000 0.4929099574 0.9765029134
21600.0000000000 0.4831298797 0.9353621217
21700.0000000000 0.4741370525 0.9270406148
21800.0000000000 0.4630859231 0.9252832538
21900.0000000000 0.4460027662 0.9223297866
22000.0000000000 0.4172275853 0.9365141125
22100.0000000000 0.1266134860 0.7909321091
22200.0000000000 0.1168815063 0.7831717036
22300.0000000000 0.1101484002 0.7665754459
22400.0000000000 0.1042634669 0.7503554127
22500.0000000000 0.1006141868 0.7411836288
22600.0000000000 0.0962580073 0.7275187871
22700.0000000000 0.0922815556 0.7134488723
22800.0000000000 0.0896933514 0.7002209327
22900.0000000000 0.0864334337 0.6890297434
23000.0000000000 0.0835024271 0.6753934524
23100.0000000000 0.0806166308 0.6611410281
23200.0000000000 0.0784529105 0.6523523233
23300.0000000000 0.0758889481 0.6414652965
23400.0000000000 0.0744327893 0.6256264350
23500.0000000000 0.0731989613 0.6256955764
23600.0000000000 0.0709557142 0.6145558259
23700.0000000000 0.0694067554 0.6089341543
23800.0000000000 0.0674796425 0.6004053852
23900.0000000000 0.0656605966 0.5917417309
24000.0000000000 0.0661264407 0.5884252689
24100.0000000000 0.0636089133 0.5770847103
24200.0000000000 0.0625502273 0.5731679103
24300.0000000000 0.0604193133 0.5585839054
24400.0000000000 0.0601082596 0.5599984429
24500.0000000000 0.0581290265 0.5492705605
24600.0000000000 0.0586119045 0.5498276255
24700.0000000000 0.0562250302 0.5343466282
24800.0000000000 0.0554053310 0.5263489961
24900.0000000000 0.0546704926 0.5263646126
25000.0000000000 0.0535094954 0.5163059711
25100.0000000000 0.0523723356 0.5127303481
25200.0000000000 0.0510012413 0.5036557793
25300.0000000000 0.0522337559 0.5069919109
25400.0000000000 0.0514986005 0.5058374881
25500.0000000000 0.0501149259 0.4972671151
25600.0000000000 0.0488270928 0.4886841058
25700.0000000000 0.0481105303 0.4825331449
25800.0000000000 0.0469007831 0.4723667383
25900.0000000000 0.0474267059 0.4740353703
26000.0000000000 0.0469266176 0.4733440160
26100.0000000000 0.0463552732 0.4677084267
26200.0000000000 0.0453329736 0.4644820869
26300.0000000000 0.0448517693 0.4557771861
26400.0000000000 0.0456934156 0.4666924655
26500.0000000000 0.0440966564 0.4546108126
26600.0000000000 0.0469206188 0.4768600940
26700.0000000000 0.0452340218 0.4612281799
26800.0000000000 0.0436160768 0.4514853537
26900.0000000000 0.0422906948 0.4411226392
27000.0000000000 0.0439385157 0.4489986777
27100.0000000000 0.0430241922 0.4387084126
27200.0000000000 0.0422258906 0.4416028142
27300.0000000000 0.0406676893 0.4246567666
27400.0000000000 0.0413238820 0.4317229569
27500.0000000000 0.0418213225 0.4361733377
27600.0000000000 0.0400756155 0.4241012811
27700.0000000000 0.0580542886 0.4255407810
27800.0000000000 0.0567437200 0.5125617861
27900.0000000000 0.0528402794 0.4987609267
28000.0000000000 0.0501484905 0.4862554550
28100.0000000000 0.0472911791 0.4697620153
28200.0000000000 0.0457272436 0.4618295014
28300.0000000000 0.0442346153 0.4525712907
28400.0000000000 0.0428350894 0.4433044970
28500.0000000000 0.0412598718 0.4319566369
28600.0000000000 0.0401291244 0.4240421533
28700.0000000000 0.0399189879 0.4202009022
28800.0000000000 0.0383752262 0.4108756065
28900.0000000000 0.0373080888 0.4028728485
29000.0000000000 0.0383779959 0.4118591910
29100.0000000000 0.0366656339 0.3982713401
29200.0000000000 0.0364782702 0.3927866995
29300.0000000000 0.0355889961 0.3900119245
29400.0000000000 0.0356892009 0.3901185572
29500.0000000000 0.0349909059 0.3853104889
29600.0000000000 0.0349731405 0.3840944946
29700.0000000000 0.0342791551 0.3772106647
29800.0000000000 0.0342063195 0.3785198098
29900.0000000000 0.0342281304 0.3779080575
30000.0000000000 0.0333609632 0.3713851154
30100.0000000000 0.0326235268 0.3654478073
30200.0000000000 0.0318282947 0.3584941208
30300.0000000000 0.0311692597 0.3526656210
30400.0000000000 0.0313292069 0.3498470664
30500.0000000000 0.0316168194 0.3555757468
30600.0000000000 0.0312668546 0.3513336360
30700.0000000000 0.0307118493 0.3370522141
30800.0000000000 0.0311842084 0.3471526980
30900.0000000000 0.0305542983 0.3452603996
31000.0000000000 0.0301746590 0.3419381261
31100.0000000000 0.0296761812 0.3381455123
31200.0000000000 0.0293240010 0.3348411387
31300.0000000000 0.0290594539 0.3316031461
31400.0000000000 0.0290459042 0.3194112062
31500.0000000000 0.0286781963 0.3281101053
31600.0000000000 0.3318643676 0.6472596453
31700.0000000000 0.0498741135 0.4241955345
31800.0000000000 0.0446100121 0.4142390256
31900.0000000000 0.0422253170 0.4066577917
32000.0000000000 0.0405555324 0.4009523457
32100.0000000000 0.0392191237 0.3956663972
32200.0000000000 0.0384965949 0.3939176565
32300.0000000000 0.0373267393 0.3865539795
32400.0000000000 0.0363456881 0.3810207313
32500.0000000000 0.0354410378 0.3756831055
32600.0000000000 0.0346064254 0.3705118065
32700.0000000000 0.0336175657 0.3624721234
32800.0000000000 0.0334433862 0.3621505081
32900.0000000000 0.0329455861 0.3566898882
33000.0000000000 0.0318994996 0.3517261510
33100.0000000000 0.0312577282 0.3469559019
33200.0000000000 0.0306487815 0.3423191970
33300.0000000000 0.0297611958 0.3329434758
33400.0000000000 0.0291241104 0.3292469149
33500.0000000000 0.0290052369 0.3286584085
33600.0000000000 0.0285044788 0.3240259951
33700.0000000000 0.0275303785 0.3147470122
33800.0000000000 0.0269094845 0.3100321060
33900.0000000000 0.0266843922 0.3061420386
34000.0000000000 0.0261896908 0.3033380573
34100.0000000000 0.0261022436 0.3012590771
34200.0000000000 0.0254763802 0.2894527977
34300.0000000000 0.0251481673 0.2933094566
34400.0000000000 0.0256106337 0.2977096801
34500.0000000000 0.0250510915 0.2916507786
34600.0000000000 0.0248906382 0.2874359851
34700.0000000000 0.0249074843 0.2879102891
34800.0000000000 0.0255088183 0.2688440447
34900.0000000000 0.0254301168 0.2925151949
35000.0000000000 0.0246018124 0.2870451873
35100.0000000000 0.0242034025 0.2852489715
35200.0000000000 0.0238484959 0.2820123201
35300.0000000000 0.0234265939 0.2775492733
35400.0000000000 0.0232544495 0.2732777958
35500.0000000000 0.0235163077 0.2767524784
35600.0000000000 0.0230586267 0.2730538612
35700.0000000000 0.0229589144 0.2733594840
35800.0000000000 0.0226602591 0.2686178749
35900.0000000000 0.0229019183 0.2654555803
36000.0000000000 0.0229995793 0.2735873824
36100.0000000000 0.0227657065 0.2705498403
36200.0000000000 0.0220682269 0.2621503239
36300.0000000000 0.0228506444 0.2646355396
36400.0000000000 0.0223479951 0.2573849028
36500.0000000000 0.0226080711 0.2649227744
36600.0000000000 0.0225893787 0.2684141760
36700.0000000000 0.0221175771 0.2624850934
36800.0000000000 0.0219634277 0.2629657751
36900.0000000000 0.0214404968 0.2570511764
37000.0000000000 0.0257053626 0.2823981112
37100.0000000000 0.0230565577 0.2742236918
37200.0000000000 0.0225582469 0.2695097392
37300.0000000000 0.0215719588 0.2591418987
37400.0000000000 0.0212772554 0.2567461198
37500.0000000000 0.0214759930 0.2579429513
37600.0000000000 0.0210281315 0.2530233031
37700.0000000000 0.0207151076 0.2502165204
37800.0000000000 0.0211883395 0.2537033027
37900.0000000000 0.0207835739 0.2502038544
38000.0000000000 0.0202496574 0.2460954850
38100.0000000000 0.0208543983 0.2491494482
38200.0000000000 0.0201993184 0.2444311559
38300.0000000000 0.0201282029 0.2430238306
38400.0000000000 0.0198205887 0.2407408833
38500.0000000000 0.0199348063 0.2419374948
38600.0000000000 0.0196916081 0.2392279982
38700.0000000000 0.0196960929 0.2389097392
38800.0000000000 0.0193544543 0.2355614781
38900.0000000000 0.0198105195 0.2297858774
39000.0000000000 0.0267002640 0.2081208145
39100.0000000000 0.5080014067 1.0013704394
39200.0000000000 0.5063852279 0.9931826977
39300.0000000000 0.5041494082 0.9826805653
39400.0000000000 0.5016058114 0.9713718873
39500.0000000000 0.4984345051 0.9595728280
39600.0000000000 0.4937604287 0.9460151221
39700.0000000000 0.4866262324 0.9306110163
39800.0000000000 0.4751072673 0.9108176404
39900.0000000000 0.4503928571 0.8744329731
40000.0000000000 0.1004881060 0.5652414923
40100.0000000000 0.0681632221 0.5181709891
40200.0000000000 0.0607112267 0.4879282480
40300.0000000000 0.0557171822 0.4666990405
40400.0000000000 0.0517607211 0.4486424094
40500.0000000000 0.0484427329 0.4323761826
40600.0000000000 0.0456035233 0.4175198739
40700.0000000000 0.0431464825 0.4039024478
40800.0000000000 0.0409922216 0.3912914758
40900.0000000000 0.0388883473 0.3777671819
41000.0000000000 0.0373013753 0.3679220741
41100.0000000000 0.0358238272 0.3583703702
41200.0000000000 0.0344812610 0.3491987651
41300.0000000000 0.0331228917 0.3402575021
41400.0000000000 0.0323023309 0.3346876865
41500.0000000000 0.0313876405 0.3274417883
41600.0000000000 0.0305535973 0.3213229244
41700.0000000000 0.0295712774 0.3127098446
41800.0000000000 0.0289870448 0.3098343378
41900.0000000000 0.0284953705 0.3046235805
42000.0000000000 0.0283399660 0.3031455045
42100.0000000000 0.0271285154 0.2940519219
42200.0000000000 0.0267551769 0.2916872864
42300.0000000000 0.0261776395 0.2868017917
42400.0000000000 0.0257438802 0.2825750475
42500.0000000000 0.0252226259 0.2776647573
42600.0000000000 0.0248736514 0.2759366994
42700.0000000000 0.0243968886 0.2724463707
42800.0000000000 0.0246501666 0.2631192272
42900.0000000000 0.0236447530 0.2652730411
43000.0000000000 0.0233210138 0.2601714199
43100.0000000000 0.0229614439 0.2593544190
43200.0000000000 0.0225988433 0.2539240187
43300.0000000000 0.0225097475 0.2532834178
43400.0000000000 0.0220003984 0.2536903983
43500.0000000000 0.0216919311 0.2488913303
43600.0000000000 0.0213938904 0.2459002500
43700.0000000000 0.0210311075 0.2427043980
43800.0000000000 0.0210548852 0.2375391489
43900.0000000000 0.0206644855 0.2389151519
44000.0000000000 0.0203007103 0.2371864682
44100.0000000000 0.0207213807 0.2343562608
44200.0000000000 0.0197311241 0.2311326330
44300.0000000000 0.0196127397 0.2291665142
44400.0000000000 0.0194198004 0.2269375389
44500.0000000000 0.0205480524 0.2176545029
44600.0000000000 0.0190409075 0.2191151445
44700.0000000000 0.0187043713 0.2214273577
44800.0000000000 0.0191733808 0.2125366693
44900.0000000000 0.0186234421 0.2203735029
45000.0000000000 0.0184477080 0.2128426200
45100.0000000000 0.0179123901 0.2140943026
45200.0000000000 0.0176342454 0.2112298673
45300.0000000000 0.0179962021 0.2070407038
45400.0000000000 0.0173810727 0.2064180141
45500.0000000000 0.0172367060 0.2013855939
45600.0000000000 0.0180058773 0.2000191426
45700.0000000000 0.0168084196 0.2018714761
45800.0000000000 0.0167551277 0.2015845393
45900.0000000000 0.0165863961 0.1983415102
46000.0000000000 0.0164022269 0.1995946681
46100.0000000000 0.0163393282 0.1972507899
46200.0000000000 0.0168998432 0.1913898056
46300.0000000000 0.0161527715 0.1964835440
46400.0000000000 0.0160291533 0.1928464090
46500.0000000000 0.0160411350 0.1919676875
46600.0000000000 0.0159226528 0.1902734851
46700.0000000000 0.0161650482 0.1847212827
46800.0000000000 0.0153868279 0.1859144335
46900.0000000000 0.0155188569 0.1849586135
47000.0000000000 0.0155088153 0.1831995427
47100.0000000000 0.0151335197 0.1839736467
47200.0000000000 0.0151499372 0.1843515217
47300.0000000000 0.0151222929 0.1816898798
47400.0000000000 0.0149413378 0.1806052690
47500.0000000000 0.0155729799 0.1760636782
47600.0000000000 0.0148914363 0.1780651277
47700.0000000000 0.0146375661 0.1773781841
47800.0000000000 0.0147345647 0.1751948923
47900.0000000000 0.0147888094 0.1740343636
48000.0000000000 0.0151817475 0.1712938314
48100.0000000000 0.0145958549 0.1726031184
48200.0000000000 0.0142019255 0.1733635694
48300.0000000000 0.0147515724 0.1717749005
48400.0000000000 0.0140188994 0.1707036078
48500.0000000000 0.0141484781 0.1701893240
48600.0000000000 0.0139347780 0.1695809245
48700.0000000000 0.0143218893 0.1671850860
48800.0000000000 0.0137254356 0.1667204827
48900.0000000000 0.0137898479 0.1659516126
49000.0000000000 0.0135976115 0.1650010526
49100.0000000000 0.0139381022 0.1659702688
49200.0000000000 0.0134939505 0.1644151836
49300.0000000000 0.0134879194 0.1628697246
49400.0000000000 0.0134599099 0.1636582643
49500.0000000000 0.0136694183 0.1624438941
49600.0000000000 0.0133924046 0.1640821278
49700.0000000000 0.0132558203 0.1631099164
49800.0000000000 0.0130867209 0.1596157282
49900.0000000000 0.0130907750 0.1606980145
50000.0000000000 0.0130041327 0.1609864264
50100.0000000000 0.0129062029 0.1579534292
50200.0000000000 0.0127970369 0.1569302857
50300.0000000000 0.0136976774 0.1540423661
50400.0000000000 0.0126781135 0.1566525429
50500.0000000000 0.0127759184 0.1559795022
50600.0000000000 0.0136189513 0.1544380963
50700.0000000000 0.0127448401 0.1537140190
50800.0000000000 0.0129374288 0.1511745929
50900.0000000000 0.0126146754 0.1514212817
51000.0000000000 0.0123527525 0.1501546383
51100.0000000000 0.0122473952 0.1505232632
51200.0000000000 0.0124522920 0.1500131070
51300.0000000000 0.0122237071 0.1497340381
51400.0000000000 0.0121090870 0.1490315079
51500.0000000000 0.0121940851 0.1491303920
51600.0000000000 0.0119703644 0.1459760546
51700.0000000000 0.0121049355 0.1473712802
51800.0000000000 0.0140824753 0.1411320746
51900.0000000000 0.0120847208 0.1463565856
52000.0000000000 0.0125013076 0.1436566144
52100.0000000000 0.0120226787 0.1452216088
52200.0000000000 0.0117210807 0.1430363238
52300.0000000000 0.0116801234 0.1437351137
52400.0000000000 0.0116821365 0.1432406932
52500.0000000000 0.0119767407 0.1417081982
52600.0000000000 0.0121277361 0.1397734165
52700.0000000000 0.0115784054 0.1400130421
52800.0000000000 0.0116471927 0.1414012044
52900.0000000000 0.0114122871 0.1402203470
53000.0000000000 0.0115941114 0.1400125801
53100.0000000000 0.0117980959 0.1415912538
53200.0000000000 0.0116751983 0.1365338891
53300.0000000000 0.0113238489 0.1369789570
53400.0000000000 0.0119352523 0.1352799266
53500.0000000000 0.0114387488 0.1355581611
53600.0000000000 0.0111941064 0.1363381177
53700.0000000000 0.0119875171 0.1338580018
53800.0000000000 0.0117657555 0.1328715747
53900.0000000000 0.0110409220 0.1347190505
54000.0000000000 0.0126457346 0.1303581625
54100.0000000000 0.0110037393 0.1328171259
54200.0000000000 0.0115484868 0.1320199733
54300.0000000000 0.0117555733 0.1294561540
54400.0000000000 0.0108638976 0.1318558335
54500.0000000000 0.0109975428 0.1305132871
54600.0000000000 0.0107240887 0.1319782912
54700.0000000000 0.0126835284 0.1298887348
54800.0000000000 0.0109048737 0.1308430761
54900.0000000000 0.0121282709 0.1259905761
55000.0000000000 0.0105066359 0.1297175651
55100.0000000000 0.0105642697 0.1297598397
55200.0000000000 0.0104998810 0.1292765354
55300.0000000000 0.0110119930 0.1295558875
55400.0000000000 0.0104766081 0.1292118942
55500.0000000000 0.0105242321 0.1270648008
55600.0000000000 0.0103742000 0.1267208075
55700.0000000000 0.0103297527 0.1258527552
55800.0000000000 0.0104072925 0.1262554889
55900.0000000000 0.0111219302 0.1223588204
56000.0000000000 0.0102318504 0.1246588295
56100.0000000000 0.0105878011 0.1246812110
56200.0000000000 0.0103012209 0.1257335907
56300.0000000000 0.0102504039 0.1250808602
56400.0000000000 0.0104570511 0.1233845120
56500.0000000000 0.0102678220 0.1229768013
56600.0000000000 0.0102315604 0.1259610271
56700.0000000000 0.0104389784 0.1253095930
56800.0000000000 0.0100208172 0.1237986898
56900.0000000000 0.0116729351 0.1204159772
57000.0000000000 0.0100254246 0.1218130951
57100.0000000000 0.0101159535 0.1206100201
57200.0000000000 0.0105342808 0.1202651178
57300.0000000000 0.0099342952 0.1209853505
57400.0000000000 0.0098450679 0.1212713038
57500.0000000000 0.0098909989 0.1191952741
57600.0000000000 0.0098478489 0.1191662317
57700.0000000000 0.0098816683 0.1208884036
57800.0000000000 0.0099643310 0.1219864553
57900.0000000000 0.0105247528 0.1174066430
58000.0000000000 0.0096857847 0.1193756377
58100.0000000000 0.0096739693 0.1182388430
58200.0000000000 0.0096950511 0.1169909900
58300.0000000000 0.0098767681 0.1166784679
58400.0000000000 0.0128997266 0.1118884301
58500.0000000000 0.0094735851 0.1178623503
58600.0000000000 0.0094777453 0.1173731154
58700.0000000000 0.0105341313 0.1135777896
58800.0000000000 0.0100152134 0.1145138954
58900.0000000000 0.0095664229 0.1157427644
59000.0000000000 0.0096413856 0.1150269424
59100.0000000000 0.0099465265 0.1139157032
59200.0000000000 0.0094442706 0.1150823747
59300.0000000000 0.0092948643 0.1161958491
59400.0000000000 0.0094871535 0.1143778627
59500.0000000000 0.0104326950 0.1130631780
59600.0000000000 0.0100606287 0.1142406082
59700.0000000000 0.0093741719 0.1152393734
59800.0000000000 0.0093088055 0.1122955149
59900.0000000000 0.0093343123 0.1109600281
60000.0000000000 0.0105024754 0.1119163697
60100.0000000000 0.0091479009 0.1121074622
60200.0000000000 0.0091159546 0.1120384549
60300.0000000000 0.0091786835 0.1123355692
60400.0000000000 0.0091488286 0.1112857228
60500.0000000000 0.0090992251 0.1117288684
60600.0000000000 0.0103139376 0.1093024527
60700.0000000000 0.0089126755 0.1117682522
60800.0000000000 0.0100245139 0.1087182974
60900.0000000000 0.0090325632 0.1102251624
61000.0000000000 0.0087959912 0.1112338369
61100.0000000000 0.0088336552 0.1111147171
61200.0000000000 0.0089956378 0.1095051681
61300.0000000000 0.0090247174 0.1097547775
61400.0000000000 0.0089125887 0.1105699008
61500.0000000000 0.0088971893 0.1089207446
61600.0000000000 0.0088486660 0.1089133387
61700.0000000000 0.0091624690 0.1075252061
61800.0000000000 0.0086015351 0.1094692116
61900.0000000000 0.0091461787 0.1079577422
62000.0000000000 0.0091114466 0.1068477845
62100.0000000000 0.0087918513 0.1075243419
62200.0000000000 0.0099417356 0.1048635309
62300.0000000000 0.0087211413 0.1084755575
62400.0000000000 0.0086796479 0.1077912962
62500.0000000000 0.0086153064 0.1069490676
62600.0000000000 0.0088325098 0.1077872729
62700.0000000000 0.0086107423 0.1080102538
62800.0000000000 0.0087654957 0.1054996317
62900.0000000000 0.0095209416 0.1034001177
63000.0000000000 0.0084178464 0.1075287675
63100.0000000000 0.0084399121 0.1066346680
63200.0000000000 0.0085860947 0.1054775631
63300.0000000000 0.0087906561 0.1050210809
63400.0000000000 0.0086428640 0.1043494856
63500.0000000000 0.0086021357 0.1045433646
63600.0000000000 0.0085999572 0.1066850936
63700.0000000000 0.0084399874 0.1045019692
63800.0000000000 0.0084411851 0.1052667713
63900.0000000000 0.0083850131 0.1048008268
64000.0000000000 0.0084146474 0.1037759250
64100.0000000000 0.0084803209 0.1049704021
64200.0000000000 0.0084558587 0.1032514339
64300.0000000000 0.0096977734 0.1003666436
64400.0000000000 0.0083635023 0.1026821797
64500.0000000000 0.0098399062 0.0987044787
64600.0000000000 0.0082696597 0.1027887976
64700.0000000000 0.0086406815 0.1010674601
64800.0000000000 0.0081999135 0.1036131447
64900.0000000000 0.0085612525 0.1005471712
65000.0000000000 0.0081868910 0.1020467346
65100.0000000000 0.0081898227 0.1017676508
65200.0000000000 0.0081641094 0.1015330469
65300.0000000000 0.0100880684 0.1029595947
65400.0000000000 0.0082100867 0.1006573653
65500.0000000000 0.0081465976 0.1006034380
65600.0000000000 0.0080108895 0.1005556648
65700.0000000000 0.0081067686 0.0995697444
65800.0000000000 0.0080610176 0.0998371010
65900.0000000000 0.0081488240 0.1016170149
66000.0000000000 0.0086100721 0.0988214081
66100.0000000000 0.0080139766 0.1002076929
66200.0000000000 0.0080315391 0.0993089741
66300.0000000000 0.0083037185 0.0989473825
66400.0000000000 0.0080040794 0.1000912999
66500.0000000000 0.0087910591 0.0971617913
66600.0000000000 0.0079205375 0.0991717344
66700.0000000000 0.0078457347 0.0991962468
66800.0000000000 0.0081827132 0.0986614590
66900.0000000000 0.0082919951 0.0986729627
67000.0000000000 0.0083114351 0.0978209888
67100.0000000000 0.0077453897 0.0988991772
67200.0000000000 0.0079523857 0.0971798366
67300.0000000000 0.0088270070 0.0990433907
67400.0000000000 0.0079638123 0.0979151195
67500.0000000000 0.0085851918 0.0954240625
67600.0000000000 0.0076393637 0.0977035528
67700.0000000000 0.0077866298 0.0974813020
67800.0000000000 0.0078523688 0.0989409750
67900.0000000000 0.0077348785 0.0963847404
68000.0000000000 0.0081503168 0.0954208439
68100.0000000000 0.0077326648 0.0970825916
68200.0000000000 0.0080628992 0.0977031504
68300.0000000000 0.0077323924 0.0959425783
68400.0000000000 0.0076368835 0.0958262747
68500.0000000000 0.0075842514 0.0962876295
68600.0000000000 0.0076617943 0.0957822716
68700.0000000000 0.0082467108 0.0934870457
68800.0000000000 0.0077799040 0.0947854882
68900.0000000000 0.0080061103 0.0939538395
69000.0000000000 0.0076774254 0.0950224539
69100.0000000000 0.0077126366 0.0948310708
69200.0000000000 0.0081763273 0.0935131674
69300.0000000000 0.0079145272 0.0931689134
69400.0000000000 0.0074773186 0.0957355564
69500.0000000000 0.0080318083 0.0936201131
69600.0000000000 0.0081697179 0.0919642960
69700.0000000000 0.0077203795 0.0945041915
69800.0000000000 0.0077061189 0.0933422660
69900.0000000000 0.0075067758 0.0937434947
70000.0000000000 0.0079775238 0.0923195174
70100.0000000000 0.0075136082 0.0934452181
70200.0000000000 0.0074908039 0.0933767175
70300.0000000000 0.0077200457 0.0934536820
70400.0000000000 0.0073958538 0.0927984630
70500.0000000000 0.0082042979 0.0924593797
70600.0000000000 0.0084193553 0.0906163370
70700.0000000000 0.0075247329 0.0926046660
70800.0000000000 0.0075311419 0.0921990340
70900.0000000000 0.0075139376 0.0937705626
71000.0000000000 0.0072924631 0.0934793344
71100.0000000000 0.0072400667 0.0926820179
71200.0000000000 0.0073978510 0.0936255967
71300.0000000000 0.0076441788 0.0909961974
71400.0000000000 0.0074712296 0.0920382878
71500.0000000000 0.0074123238 0.0909795528
71600.0000000000 0.0072318226 0.0920343091
71700.0000000000 0.0074206355 0.0913679218
71800.0000000000 0.0073869222 0.0917360699
71900.0000000000 0.0074618120 0.0920444419
72000.0000000000 0.0074500559 0.0919718956
72100.0000000000 0.0072408404 0.0911041861
72200.0000000000 0.0072803095 0.0907610571
72300.0000000000 0.0074177681 0.0900862356
72400.0000000000 0.0081228922 0.0891737407
72500.0000000000 0.0072379399 0.0909253200
72600.0000000000 0.0077024284 0.0908057829
72700.0000000000 0.0071192527 0.0905299326
72800.0000000000 0.0079931792 0.0885257860
72900.0000000000 0.0072266179 0.0905923014
73000.0000000000 0.0072002464 0.0903364783
73100.0000000000 0.0076235038 0.0897402828
73200.0000000000 0.0073785319 0.0884084617
73300.0000000000 0.0085064156 0.0868127113
73400.0000000000 0.0070628470 0.0900150528
73500.0000000000 0.0072144418 0.0888555562
73600.0000000000 0.0070596966 0.0900445422
73700.0000000000 0.0071313721 0.0890588155
73800.0000000000 0.0082615441 0.0872088587
73900.0000000000 0.0071229721 0.0889698630
74000.0000000000 0.0071102842 0.0882151415
74100.0000000000 0.0069411748 0.0895754164
74200.0000000000 0.0069987931 0.0894408887
74300.0000000000 0.0072062488 0.0882202079
74400.0000000000 0.0070838226 0.0883262073
74500.0000000000 0.0072835013 0.0879623806
74600.0000000000 0.0071853633 0.0872496208
74700.0000000000 0.0071757311 0.0887397816
74800.0000000000 0.0068530141 0.0891660070
74900.0000000000 0.0070092313 0.0877247816
75000.0000000000 0.0069077456 0.0885076737
75100.0000000000 0.0069744683 0.0878601735
75200.0000000000 0.0069604230 0.0877341022
75300.0000000000 0.0069981797 0.0872946074
75400.0000000000 0.0069553376 0.0871822526
75500.0000000000 0.0073396647 0.0865030130
75600.0000000000 0.0070591500 0.0869609555
75700.0000000000 0.0069464331 0.0869924044
75800.0000000000 0.0069245677 0.0866100555
75900.0000000000 0.0072148160 0.0876170536
76000.0000000000 0.0070222756 0.0861044815
76100.0000000000 0.0068692304 0.0870807459
76200.0000000000 0.0069536627 0.0883242553
76300.0000000000 0.0073633005 0.0854647523
76400.0000000000 0.0076620895 0.0849555051
76500.0000000000 0.0069244329 0.0863636350
76600.0000000000 0.0067778831 0.0865704333
76700.0000000000 0.0069984588 0.0861084750
76800.0000000000 0.0076077496 0.0842413744
76900.0000000000 0.0069291746 0.0858286386
77000.0000000000 0.0069997251 0.0858048862
77100.0000000000 0.0067902230 0.0857346421
77200.0000000000 0.0069288119 0.0865513598
77300.0000000000 0.0069248129 0.0853116056
77400.0000000000 0.0067939420 0.0852483054
77500.0000000000 0.0068321428 0.0849487176
77600.0000000000 0.0072859607 0.0839792853
77700.0000000000 0.0069180851 0.0857342323
77800.0000000000 0.0067906061 0.0852865344
77900.0000000000 0.0068286578 0.0843745833
78000.0000000000 0.0066926420 0.0851894608
78100.0000000000 0.0069120989 0.0835363483
78200.0000000000 0.0066381879 0.0852220272
78300.0000000000 0.0068745598 0.0836908584
78400.0000000000 0.0066688324 0.0843887021
78500.0000000000 0.0067113947 0.0841858154
78600.0000000000 0.0065904966 0.0840823566
78700.0000000000 0.0066585318 0.0844597434
78800.0000000000 0.0066802239 0.0837018704
78900.0000000000 0.0073086594 0.0829409798
79000.0000000000 0.0066551427 0.0837927973
79100.0000000000 0.0067551940 0.0829189932
79200.0000000000 0.0066643801 0.0838066702
79300.0000000000 0.0067395519 0.0838793283
79400.0000000000 0.0065271773 0.0835566437
79500.0000000000 0.0069595489 0.0824101185
79600.0000000000 0.0071538671 0.0831695860
79700.0000000000 0.0065592630 0.0834580725
79800.0000000000 0.0065783424 0.0835135570
79900.0000000000 0.0065892953 0.0829616999
80000.0000000000 0.0066401404 0.0828171735
80100.0000000000 0.0065760191 0.0829626089
80200.0000000000 0.0065590518 0.0829588538
80300.0000000000 0.0064581488 0.0829164749
80400.0000000000 0.0065637811 0.0824310099
80500.0000000000 0.0067784258 0.0849595358
80600.0000000000 0.0063736108 0.0825945427
80700.0000000000 0.0064797064 0.0827600127
80800.0000000000 0.0064952455 0.0826334720
80900.0000000000 0.0065754145 0.0817717453
81000.0000000000 0.0065035888 0.0821953779
81100.0000000000 0.0065934370 0.0813440969
81200.0000000000 0.0065101315 0.0817387765
81300.0000000000 0.0065468044 0.0819521909
81400.0000000000 0.0065002847 0.0818989863
81500.0000000000 0.0064560530 0.0819650953
81600.0000000000 0.0063656411 0.0818571588
81700.0000000000 0.0065122505 0.0819133138
81800.0000000000 0.0065360196 0.0812978660
81900.0000000000 0.0067259173 0.0800794502
82000.0000000000 0.0065647205 0.0814549913
82100.0000000000 0.0064404805 0.0814349120
82200.0000000000 0.0071800433 0.0800917661
82300.0000000000 0.0064202334 0.0813270202
82400.0000000000 0.0063416316 0.0810899203
82500.0000000000 0.0063578521 0.0813890239
82600.0000000000 0.0064897315 0.0803038617
82700.0000000000 0.0064745440 0.0809542155
82800.0000000000 0.0065006549 0.0806764504
82900.0000000000 0.0064543084 0.0808287477
83000.0000000000 0.0063286723 0.0805005198
83100.0000000000 0.0065523192 0.0800720071
83200.0000000000 0.0064528938 0.0812669908
83300.0000000000 0.0062781097 0.0801268285
83400.0000000000 0.0061608645 0.0800439631
83500.0000000000 0.0062530193 0.0819687536
83600.0000000000 0.0066504464 0.0797355240
83700.0000000000 0.0064139043 0.0800415193
83800.0000000000 0.0062982201 0.0802426776
83900.0000000000 0.0063523168 0.0796281686
84000.0000000000 0.0063092898 0.0796553557
84100.0000000000 0.0063047713 0.0793039789
84200.0000000000 0.0063384549 0.0794392889
84300.0000000000 0.0065329066 0.0786471804
84400.0000000000 0.0062838799 0.0798655739
84500.0000000000 0.0063496013 0.0794279342
84600.0000000000 0.0061772174 0.0800299411
84700.0000000000 0.0062295826 0.0792751377
84800.0000000000 0.0064563717 0.0786794489
84900.0000000000 0.0065182927 0.0792268505
85000.0000000000 0.0060937687 0.0796875274
85100.0000000000 0.0062236258 0.0791860660
85200.0000000000 0.0062129600 0.0791193982
85300.0000000000 0.0069512813 0.0781845739
85400.0000000000 0.0061181768 0.0798072284
85500.0000000000 0.0062027907 0.0789209967
85600.0000000000 0.0061608009 0.0789589574
85700.0000000000 0.0062173900 0.0784838041
85800.0000000000 0.0065336110 0.0777835762
85900.0000000000 0.0061074109 0.0786806410
86000.0000000000 0.0061125251 0.0787236159
86100.0000000000 0.0062103227 0.0787607347
86200.0000000000 0.0061607299 0.0786717003
86300.0000000000 0.0063765683 0.0776261380
86400.0000000000 0.0061422822 0.0781375533
86500.0000000000 0.0061356927 0.0783164268
86600.0000000000 0.0060755566 0.0784924542
86700.0000000000 0.0062528780 0.0781226298
86800.0000000000 0.0060567058 0.0787041029
86900.0000000000 0.0060320994 0.0791063374
87000.0000000000 0.0065138913 0.0771495318
87100.0000000000 0.0060747542 0.0779102063
87200.0000000000 0.0068857019 0.0766751682
87300.0000000000 0.0059710624 0.0783005422
87400.0000000000 0.0061297619 0.0774941211
87500.0000000000 0.0061089856 0.0772185018
87600.0000000000 0.0060997674 0.0777777126
87700.0000000000 0.0064540585 0.0769794276
87800.0000000000 0.0060727571 0.0772833293
87900.0000000000 0.0060270990 0.0774984499
88000.0000000000 0.0061208321 0.0774346282
88100.0000000000 0.0063134456 0.0760785034
88200.0000000000 0.0060318807 0.0768142184
88300.0000000000 0.0061774631 0.0764222285
88400.0000000000 0.0062120466 0.0764605915
88500.0000000000 0.0065568053 0.0757402545
88600.0000000000 0.0060086262 0.0768516576
88700.0000000000 0.0059646959 0.0768918907
88800.0000000000 0.0060737084 0.0763654923
88900.0000000000 0.0060549505 0.0764788007
89000.0000000000 0.0061599359 0.0764665594
89100.0000000000 0.0059961528 0.0768411820
89200.0000000000 0.0059978338 0.0762960305
89300.0000000000 0.0059469301 0.0768128549
89400.0000000000 0.0061549926 0.0761925196
89500.0000000000 0.0060658613 0.0760374879
89600.0000000000 0.0059734528 0.0759718707
89700.0000000000 0.0059866456 0.0757812401
89800.0000000000 0.0059253183 0.0761976456
89900.0000000000 0.0065838746 0.0744919991
90000.0000000000 0.0060571935 0.0754919266
90100.0000000000 0.0059418679 0.0758610731
90200.0000000000 0.0059310001 0.0758498078
90300.0000000000 0.0059707616 0.0776675483
90400.0000000000 0.0059351881 0.0754008656
90500.0000000000 0.0059544989 0.0759759014
90600.0000000000 0.0058638552 0.0760471662
90700.0000000000 0.0057779065 0.0766093423
90800.0000000000 0.0059260412 0.0755452728
90900.0000000000 0.0058736899 0.0752894273
91000.0000000000 0.0058952464 0.0753274327
91100.0000000000 0.0059053326 0.0760261481
91200.0000000000 0.0059445949 0.0750231882
91300.0000000000 0.0058665699 0.0751867657
91400.0000000000 0.0058896069 0.0753483614
91500.0000000000 0.0060081411 0.0749899214
91600.0000000000 0.0058384294 0.0755336722
91700.0000000000 0.0059826525 0.0746301478
91800.0000000000 0.0066264082 0.0738044744
91900.0000000000 0.0058675710 0.0751231080
92000.0000000000 0.0057806564 0.0749940043
92100.0000000000 0.0059129407 0.0746183684
92200.0000000000 0.0058953364 0.0748031502
92300.0000000000 0.0058173074 0.0751877194
92400.0000000000 0.0058013025 0.0750378733
92500.0000000000 0.0057143661 0.0751613965
92600.0000000000 0.0057541897 0.0746339252
92700.0000000000 0.0057367605 0.0751453554
92800.0000000000 0.0057496454 0.0745213842
92900.0000000000 0.0058965831 0.0738896792
93000.0000000000 0.0060545069 0.0741686588
93100.0000000000 0.0058366963 0.0740965744
93200.0000000000 0.0057051386 0.0745872324
93300.0000000000 0.0057627914 0.0742801046
93400.0000000000 0.0059319441 0.0742288595
93500.0000000000 0.0057195292 0.0745478784
93600.0000000000 0.0057204785 0.0743330633
93700.0000000000 0.0057963926 0.0739420941
93800.0000000000 0.0057498307 0.0740943541
93900.0000000000 0.0057838203 0.0741196787
94000.0000000000 0.0059338550 0.0737028336
94100.0000000000 0.0056988413 0.0740023246
94200.0000000000 0.0059095705 0.0731683066
94300.0000000000 0.0056814876 0.0745895570
94400.0000000000 0.0056967052 0.0735787591
94500.0000000000 0.0058415815 0.0743474727
94600.0000000000 0.0059709690 0.0725414594
94700.0000000000 0.0058169883 0.0733832558
94800.0000000000 0.0057239521 0.0735571822
94900.0000000000 0.0057387692 0.0736505603
95000.0000000000 0.0055985510 0.0745685016
95100.0000000000 0.0056966898 0.0733427172
95200.0000000000 0.0056880014 0.0733215427
95300.0000000000 0.0057403713 0.0739729618
95400.0000000000 0.0057200910 0.0731036057
95500.0000000000 0.0057182508 0.0731699681
95600.0000000000 0.0055810177 0.0739527559
95700.0000000000 0.0056594528 0.0730218952
95800.0000000000 0.0056456973 0.0734454309
95900.0000000000 0.0056638931 0.0729554808
96000.0000000000 0.0056432576 0.0726385331
96100.0000000000 0.0057304535 0.0727387583
96200.0000000000 0.0056938913 0.0729823252
96300.0000000000 0.0056916163 0.0726853674
96400.0000000000 0.0056593663 0.0725907897
96500.0000000000 0.0061158035 0.0721267825
96600.0000000000 0.0056124233 0.0731478100
96700.0000000000 0.0057159431 0.0718464320
96800.0000000000 0.0056421507 0.0725367581
96900.0000000000 0.0058153055 0.0719949519
97000.0000000000 0.0056955465 0.0721643483
97100.0000000000 0.0057205882 0.0721950596
97200.0000000000 0.0061357504 0.0714632338
97300.0000000000 0.0056567106 0.0723551875
97400.0000000000 0.0056073118 0.0723607829
97500.0000000000 0.0055513771 0.0724704927
97600.0000000000 0.0055817213 0.0714894822
97700.0000000000 0.0055653602 0.0717736399
97800.0000000000 0.0056103635 0.0721467649
97900.0000000000 0.0061552968 0.0705640828
98000.0000000000 0.0057022822 0.0722591942
98100.0000000000 0.0055643866 0.0721363565
98200.0000000000 0.0055663394 0.0719524687
98300.0000000000 0.0055064079 0.0722648268
98400.0000000000 0.0055382604 0.0717658614
98500.0000000000 0.0058306359 0.0706830537
98600.0000000000 0.0055616030 0.0712767606
98700.0000000000 0.0055445646 0.0714523559
98800.0000000000 0.0055619593 0.0717215230
98900.0000000000 0.0054560813 0.0722354343
99000.0000000000 0.0055589184 0.0713246530
99100.0000000000 0.0055612325 0.0713586202
99200.0000000000 0.0055187247 0.0717273866
99300.0000000000 0.0056090351 0.0713215684
99400.0000000000 0.0054688051 0.0716225346
99500.0000000000 0.0055519818 0.0710070049
99600.0000000000 0.0055990920 0.0708462139
99700.0000000000 0.0054786403 0.0706055825
99800.0000000000 0.0054987661 0.0709643578
99900.0000000000 0.0055712004 0.0708253449
100000.0000000000 0.0054706129 0.0712864836
100100.0000000000 0.0054797455 0.0709793782
100200.0000000000 0.0054729002 0.0709381466
100300.0000000000 0.0053807175 0.0713924085
100400.0000000000 0.0054385427 0.0709546869
100500.0000000000 0.0055525203 0.0705110198
100600.0000000000 0.0054899661 0.0709939440
100700.0000000000 0.0054420627 0.0708164489
100800.0000000000 0.0054414559 0.0706864586
100900.0000000000 0.0054485014 0.0707751428
101000.0000000000 0.0054290268 0.0705046644
101100.0000000000 0.0054360200 0.0705218529
101200.0000000000 0.0054709165 0.0705165928
101300.0000000000 0.0056451933 0.0697065806
101400.0000000000 0.0053818884 0.0707974350
101500.0000000000 0.0054370253 0.0705238720
101600.0000000000 0.0054844702 0.0703035807
101700.0000000000 0.0054196069 0.0703538721
101800.0000000000 0.0054439645 0.0702677285
101900.0000000000 0.0053974718 0.0700464388
102000.0000000000 0.0054704351 0.0696140667
102100.0000000000 0.0054519696 0.0700662052
102200.0000000000 0.0053879011 0.0703718727
102300.0000000000 0.0053970474 0.0700358515
102400.0000000000 0.0054014341 0.0700062280
102500.0000000000 0.0053203029 0.0700150644
102600.0000000000 0.0055887723 0.0695230281
102700.0000000000 0.0053735947 0.0700355386
102800.0000000000 0.0052727218 0.0706276586
102900.0000000000 0.0054095654 0.0695736995
103000.0000000000 0.0052910747 0.0698864525
103100.0000000000 0.0054405869 0.0692653125
103200.0000000000 0.0053193181 0.0698036318
103300.0000000000 0.0055107642 0.0691093569
103400.0000000000 0.0052432987 0.0700180819
103500.0000000000 0.0053528507 0.0693492656
103600.0000000000 0.0052330554 0.0700326552
103700.0000000000 0.0053818005 0.0692956140
103800.0000000000 0.0052899355 0.0698286360
103900.0000000000 0.0053830856 0.0692203855
104000.0000000000 0.0056061074 0.0697776666
104100.0000000000 0.0053374953 0.0690039685
104200.0000000000 0.0052383949 0.0695134243
104300.0000000000 0.0053571511 0.0694869375
104400.0000000000 0.0053095499 0.0694722300
104500.0000000000 0.0053693503 0.0689091598
104600.0000000000 0.0053207430 0.0694557940
104700.0000000000 0.0052232056 0.0692085540
104800.0000000000 0.0053448494 0.0691853529
104900.0000000000 0.0055041754 0.0684784567
105000.0000000000 0.0053157963 0.0691641485
105100.0000000000 0.0052946717 0.0689974492
105200.0000000000 0.0052880628 0.0689584827
105300.0000000000 0.0053115760 0.0687650209
105400.0000000000 0.0052794229 0.0688077351
105500.0000000000 0.0052496561 0.0686198240
105600.0000000000 0.0053043307 0.0684807515
105700.0000000000 0.0052551126 0.0688479980
105800.0000000000 0.0051483176 0.0691497689
105900.0000000000 0.0052739200 0.0688713407
106000.0000000000 0.0053152095 0.0681844121
106100.0000000000 0.0052412670 0.0685728183
106200.0000000000 0.0054207063 0.0682729026
106300.0000000000 0.0052580816 0.0687913662
106400.0000000000 0.0052215377 0.0685598245
106500.0000000000 0.0051283515 0.0686659282
106600.0000000000 0.0052758094 0.0682099526
106700.0000000000 0.0052120056 0.0683709522
106800.0000000000 0.0054028992 0.0678789830
106900.0000000000 0.0053922048 0.0681970706
107000.0000000000 0.0052152516 0.0681670969
107100.0000000000 0.0053927611 0.0679767197
107200.0000000000 0.0052450037 0.0681913336
107300.0000000000 0.0054145015 0.0680209538
107400.0000000000 0.0053503578 0.0677259853
107500.0000000000 0.0052133665 0.0677494770
107600.0000000000 0.0052257053 0.0679816669
107700.0000000000 0.0051937455 0.0677155992
107800.0000000000 0.0052380305 0.0676154261
107900.0000000000 0.0052185902 0.0679579219
108000.0000000000 0.0052244977 0.0677010631
108100.0000000000 0.0052377845 0.0673343306
108200.0000000000 0.0051913475 0.0677802926
108300.0000000000 0.0051456547 0.0681619411
108400.0000000000 0.0051134375 0.0679231724
108500.0000000000 0.0051628702 0.0679242005
108600.0000000000 0.0054021875 0.0673860078
108700.0000000000 0.0051609083 0.0674637174
108800.0000000000 0.0051421481 0.0676760813
108900.0000000000 0.0051401402 0.0675192838
109000.0000000000 0.0051109793 0.0677096462
109100.0000000000 0.0051427871 0.0672725429
109200.0000000000 0.0051306370 0.0673056012
109300.0000000000 0.0050988511 0.0676859980
109400.0000000000 0.0051325873 0.0675561493
109500.0000000000 0.0052530469 0.0669296151
109600.0000000000 0.0051413650 0.0671855723
109700.0000000000 0.0051280921 0.0671314066
109800.0000000000 0.0050751670 0.0672861552
109900.0000000000 0.0051254232 0.0674522957
110000.0000000000 0.0051828531 0.0669264411
110100.0000000000 0.0051220555 0.0670083901
110200.0000000000 0.0051167449 0.0669878637
110300.0000000000 0.0050804157 0.0669498583
110400.0000000000 0.0054318305 0.0670580109
110500.0000000000 0.0051643176 0.0666907122
110600.0000000000 0.0051184559 0.0666919043
110700.0000000000 0.0050269208 0.0671860417
110800.0000000000 0.0051061268 0.0668771481
110900.0000000000 0.0050824153 0.0669073378
111000.0000000000 0.0051980420 0.0664701154
111100.0000000000 0.0051482817 0.0667239492
111200.0000000000 0.0051274709 0.0669502532
111300.0000000000 0.0050969642 0.0667054122
111400.0000000000 0.0050440272 0.0669780662
111500.0000000000 0.0050763562 0.0668210750
111600.0000000000 0.0050654482 0.0665137237
111700.0000000000 0.0050564315 0.0664556389
111800.0000000000 0.0052302315 0.0662674075
111900.0000000000 0.0055028802 0.0652828281
112000.0000000000 0.0053645455 0.0661069220
112100.0000000000 0.0051023618 0.0663006296
112200.0000000000 0.0050428000 0.0665144091
112300.0000000000 0.0051560687 0.0658532520
112400.0000000000 0.0050868496 0.0664435243
112500.0000000000 0.0050624469 0.0662050908
112600.0000000000 0.0049976037 0.0662537431
112700.0000000000 0.0053074765 0.0653426787
112800.0000000000 0.0050401559 0.0664233258
112900.0000000000 0.0049580495 0.0666426858
113000.0000000000 0.0050597020 0.0661672493
113100.0000000000 0.0050343434 0.0660168892
113200.0000000000 0.0049976519 0.0661164066
113300.0000000000 0.0050278807 0.0661951070
113400.0000000000 0.0050023966 0.0661130612
113500.0000000000 0.0050449845 0.0657710647
113600.0000000000 0.0050658955 0.0655188998
113700.0000000000 0.0051274567 0.0655799722
113800.0000000000 0.0050071033 0.0660051247
113900.0000000000 0.0049830302 0.0656139469
114000.0000000000 0.0050283139 0.0657629659
114100.0000000000 0.0049912130 0.0656289374
114200.0000000000 0.0049230523 0.0659436499
114300.0000000000 0.0049885017 0.0660493290
114400.0000000000 0.0049523283 0.0658209240
114500.0000000000 0.0049789059 0.0656045293
114600.0000000000 0.0049978373 0.0655658086
114700.0000000000 0.0050378985 0.0644910922
114800.0000000000 0.0050903130 0.0652416339
114900.0000000000 0.0050827429 0.0653893640
115000.0000000000 0.0050029894 0.0652555665
115100.0000000000 0.0049673116 0.0654230928
115200.0000000000 0.0049636691 0.0653911596
115300.0000000000 0.0049301552 0.0654970174
115400.0000000000 0.0048545686 0.0660283854
115500.0000000000 0.0049620198 0.0652509844
115600.0000000000 0.0049583257 0.0653780913
115700.0000000000 0.0049588176 0.0650182953
115800.0000000000 0.0049107351 0.0651091328
115900.0000000000 0.0049217266 0.0653107306
116000.0000000000 0.0049513974 0.0651513850
116100.0000000000 0.0050834320 0.0651817983
116200.0000000000 0.0049665153 0.0650974875
116300.0000000000 0.0049752649 0.0649761026
116400.0000000000 0.0049630656 0.0647900616
116500.0000000000 0.0048624337 0.0650906777
116600.0000000000 0.0049640892 0.0647764196
116700.0000000000 0.0049124198 0.0648659384
116800.0000000000 0.0049032336 0.0649395352
116900.0000000000 0.0049260971 0.0648309355
117000.0000000000 0.0049077197 0.0648915311
117100.0000000000 0.0049160687 0.0647642379
117200.0000000000 0.0049008513 0.0646725585
117300.0000000000 0.0048382462 0.0649609929
117400.0000000000 0.0050280720 0.0643792813
117500.0000000000 0.0048907888 0.0645178845
117600.0000000000 0.0048932302 0.0645955568
117700.0000000000 0.0048686553 0.0645491322
117800.0000000000 0.0051283616 0.0641177883
117900.0000000000 0.0048921480 0.0643734699
118000.0000000000 0.0048588914 0.0646033501
118100.0000000000 0.0048488513 0.0644840365
118200.0000000000 0.0048670076 0.0644536530
118300.0000000000 0.0048706967 0.0643518110
118400.0000000000 0.0048880146 0.0641803359
118500.0000000000 0.0048847362 0.0642081415
118600.0000000000 0.0048701484 0.0642940839
118700.0000000000 0.0048086439 0.0643747514
118800.0000000000 0.0050053424 0.0645133694
118900.0000000000 0.0050005185 0.0636473587
119000.0000000000 0.0050001185 0.0637893891
119100.0000000000 0.0048537480 0.0641545420
119200.0000000000 0.0049364007 0.0641072159
119300.0000000000 0.0048229383 0.0645012846
119400.0000000000 0.0047997384 0.0641508242
119500.0000000000 0.0049302305 0.0642126417
119600.0000000000 0.0048446794 0.0639375588
119700.0000000000 0.0048205415 0.0638241013
119800.0000000000 0.0048445293 0.0639588227
119900.0000000000 0.0048053077 0.0639244085
120000.0000000000 0.0047590299 0.0638414463
120100.0000000000 0.0048278627 0.0637866100
120200.0000000000 0.0048249150 0.0637713289
120300.0000000000 0.0049892285 0.0638926392
120400.0000000000 0.0048094749 0.0638367822
120500.0000000000 0.0049708059 0.0632376438
120600.0000000000 0.0048396828 0.0636108732
120700.0000000000 0.0047869922 0.0639586737
120800.0000000000 0.0048308326 0.0634187823
120900.0000000000 0.0048419975 0.0637534177
121000.0000000000 0.0047892747 0.0637653386
121100.0000000000 0.0048181170 0.0634664139
121200.0000000000 0.0048253635 0.0634348308
121300.0000000000 0.0048364023 0.0632485365
121400.0000000000 0.0047908923 0.0635803481
121500.0000000000 0.0047992753 0.0633453419
121600.0000000000 0.0048260739 0.0632889038
121700.0000000000 0.0048407707 0.0633502891
121800.0000000000 0.0047745658 0.0633039390
121900.0000000000 0.0047441103 0.0633328920
122000.0000000000 0.0047499379 0.0634346520
122100.0000000000 0.0047976904 0.0628396636
122200.0000000000 0.0047759234 0.0631784117
122300.0000000000 0.0048349142 0.0626957258
122400.0000000000 0.0047943953 0.0631653210
122500.0000000000 0.0047789336 0.0630801310
122600.0000000000 0.0047443144 0.0631331494
122700.0000000000 0.0049082203 0.0623621708
122800.0000000000 0.0047336701 0.0630033379
122900.0000000000 0.0047316227 0.0628176396
123000.0000000000 0.0047436640 0.0629404476
123100.0000000000 0.0047925677 0.0628692722
123200.0000000000 0.0047833141 0.0628320267
123300.0000000000 0.0047313780 0.0629282733
123400.0000000000 0.0048276347 0.0630752062
123500.0000000000 0.0047271001 0.0628590276
123600.0000000000 0.0047257382 0.0629631197
123700.0000000000 0.0047584209 0.0627290448
123800.0000000000 0.0047683963 0.0626164293
123900.0000000000 0.0047334033 0.0629786616
124000.0000000000 0.0047374898 0.0626018857
124100.0000000000 0.0047932468 0.0624094596
124200.0000000000 0.0046668598 0.0629132082
124300.0000000000 0.0047083355 0.0627748733
124400.0000000000 0.0046801900 0.0626401445
124500.0000000000 0.0047461530 0.0627018874
124600.0000000000 0.0047353922 0.0621972671
124700.0000000000 0.0047249295 0.0623606657
124800.0000000000 0.0047107298 0.0625540828
124900.0000000000 0.0046199105 0.0628021499
125000.0000000000 0.0046839243 0.0625145053
125100.0000000000 0.0046988713 0.0623536100
125200.0000000000 0.0046961961 0.0623319214
125300.0000000000 0.0047347657 0.0622941171
125400.0000000000 0.0046897714 0.0622453233
125500.0000000000 0.0047088606 0.0623111864
125600.0000000000 0.0046896633 0.0623904308
125700.0000000000 0.0047117050 0.0623349091
125800.0000000000 0.0046965847 0.0621644398
125900.0000000000 0.0047229135 0.0621514683
126000.0000000000 0.0047943792 0.0618703505
126100.0000000000 0.0046753688 0.0619423305
126200.0000000000 0.0046995864 0.0620240932
126300.0000000000 0.0047005338 0.0620969748
126400.0000000000 0.0046571684 0.0620223498
126500.0000000000 0.0046703829 0.0617420142
126600.0000000000 0.0046484143 0.0619331067
126700.0000000000 0.0046274081 0.0621596565
126800.0000000000 0.0046868027 0.0618931940
126900.0000000000 0.0046884275 0.0616192659
127000.0000000000 0.0045560595 0.0621839976
127100.0000000000 0.0046520422 0.0617815768
127200.0000000000 0.0045992253 0.0619338071
127300.0000000000 0.0046711772 0.0616887351
127400.0000000000 0.0047214741 0.0617090678
127500.0000000000 0.0047905879 0.0612907326
127600.0000000000 0.0047060640 0.0620040809
127700.0000000000 0.0048728944 0.0609825467
127800.0000000000 0.0046150540 0.0615758886
127900.0000000000 0.0046724394 0.0615372872
128000.0000000000 0.0045653932 0.0618605083
128100.0000000000 0.0046121754 0.0614665141
128200.0000000000 0.0049446044 0.0607966473
128300.0000000000 0.0046105006 0.0614789715
128400.0000000000 0.0046340998 0.0615650778
128500.0000000000 0.0046703851 0.0617128676
128600.0000000000 0.0046214403 0.0613857051
128700.0000000000 0.0045652229 0.0615815287
128800.0000000000 0.0045798442 0.0613903543
128900.0000000000 0.0045800950 0.0614185324
129000.0000000000 0.0046248111 0.0612916341
129100.0000000000 0.0045671662 0.0612704148
129200.0000000000 0.0046027080 0.0611850386
129300.0000000000 0.0046010483 0.0613891994
129400.0000000000 0.0045866629 0.0611516675
129500.0000000000 0.0046130653 0.0610358035
129600.0000000000 0.0046210719 0.0610867729
129700.0000000000 0.0045731099 0.0610755598
129800.0000000000 0.0046929325 0.0609630188
129900.0000000000 0.0045497935 0.0610068282
130000.0000000000 0.0045315828 0.0611661663
130100.0000000000 0.0045841550 0.0610316386
130200.0000000000 0.0045797676 0.0610041683
130300.0000000000 0.0044768306 0.0615763133
130400.0000000000 0.0045579461 0.0613150364
130500.0000000000 0.0045846664 0.0608848771
130600.0000000000 0.0045822816 0.0608800417
130700.0000000000 0.0046357241 0.0608653193
130800.0000000000 0.0045513225 0.0609349375
130900.0000000000 0.0045773771 0.0610338142
131000.0000000000 0.0045673993 0.0606932258
131100.0000000000 0.0045648256 0.0606573513
131200.0000000000 0.0045553220 0.0607630750
131300.0000000000 0.0045045776 0.0609862497
131400.0000000000 0.0045280982 0.0609796708
131500.0000000000 0.0045455068 0.0606814092
131600.0000000000 0.0045468480 0.0606466895
131700.0000000000 0.0046029835 0.0608122041
131800.0000000000 0.0045582020 0.0605504429
131900.0000000000 0.0045433508 0.0604967987
132000.0000000000 0.0044590275 0.0607313653
132100.0000000000 0.0045335010 0.0605726829
132200.0000000000 0.0045209401 0.0604466861
132300.0000000000 0.0045648130 0.0604476174
132400.0000000000 0.0045190695 0.0604564612
132500.0000000000 0.0045366110 0.0603345921
132600.0000000000 0.0044739161 0.0605368605
132700.0000000000 0.0045484576 0.0605644947
132800.0000000000 0.0045881014 0.0600172644
132900.0000000000 0.0044988714 0.0604144921
133000.0000000000 0.0045652376 0.0602149134
133100.0000000000 0.0045167128 0.0602168208
133200.0000000000 0.0044856160 0.0605219966
133300.0000000000 0.0045945249 0.0602381145
133400.0000000000 0.0045025611 0.0601356541
133500.0000000000 0.0046992586 0.0594931757
133600.0000000000 0.0045105415 0.0601545414
133700.0000000000 0.0044842441 0.0603366485
133800.0000000000 0.0044481009 0.0601698821
133900.0000000000 0.0044564825 0.0599781265
134000.0000000000 0.0045001677 0.0600534519
134100.0000000000 0.0044934617 0.0598515039
134200.0000000000 0.0047582227 0.0591690009
134300.0000000000 0.0044890051 0.0598595207
134400.0000000000 0.0045036780 0.0598871773
134500.0000000000 0.0044527791 0.0600729650
134600.0000000000 0.0045077107 0.0599123304
134700.0000000000 0.0044782757 0.0599055802
134800.0000000000 0.0045593805 0.0596437370
134900.0000000000 0.0044483579 0.0596997505
135000.0000000000 0.0044485326 0.0598442917
135100.0000000000 0.0044717401 0.0597312515
135200.0000000000 0.0044690559 0.0597040569
135300.0000000000 0.0044705228 0.0595903089
135400.0000000000 0.0044644037 0.0595350479
135500.0000000000 0.0045131766 0.0594556993
135600.0000000000 0.0044538550 0.0596277034
135700.0000000000 0.0044440176 0.0595712503
135800.0000000000 0.0044669900 0.0595649099
135900.0000000000 0.0044703305 0.0594523912
136000.0000000000 0.0044453497 0.0595736420
136100.0000000000 0.0043887582 0.0596744409
136200.0000000000 0.0044514455 0.0594247943
136300.0000000000 0.0044747105 0.0594575098
136400.0000000000 0.0044101064 0.0594576513
136500.0000000000 0.0043901208 0.0597022315
136600.0000000000 0.0044227175 0.0594015931
136700.0000000000 0.0045391918 0.0593700846
136800.0000000000 0.0044056452 0.0595022132
136900.0000000000 0.0044409308 0.0592671772
137000.0000000000 0.0044177032 0.0592583036
137100.0000000000 0.0044777481 0.0592884039
137200.0000000000 0.0044953087 0.0591283058
137300.0000000000 0.0044230634 0.0592036312
137400.0000000000 0.0044111327 0.0591952344
137500.0000000000 0.0044320845 0.0591763472
137600.0000000000 0.0044629373 0.0589026576
137700.0000000000 0.0043919178 0.0590986972
137800.0000000000 0.0044387519 0.0590351512
137900.0000000000 0.0043810819 0.0592311090
138000.0000000000 0.0044806405 0.0585384136
138100.0000000000 0.0044201116 0.0590085452
138200.0000000000 0.0045787657 0.0590267842
138300.0000000000 0.0043883645 0.0590423410
138400.0000000000 0.0045099636 0.0589531725
138500.0000000000 0.0043396888 0.0590122854
138600.0000000000 0.0043660962 0.0589526435
138700.0000000000 0.0044564348 0.0586929386
138800.0000000000 0.0043916417 0.0589195927
138900.0000000000 0.0043944520 0.0588306403
139000.0000000000 0.0043739605 0.0588026261
139100.0000000000 0.0043729190 0.0588826304
139200.0000000000 0.0044427675 0.0588902971
139300.0000000000 0.0043770237 0.0589343970
139400.0000000000 0.0043755747 0.0587010374
139500.0000000000 0.0043600591 0.0590001335
139600.0000000000 0.0043861421 0.0586863374
139700.0000000000 0.0043801708 0.0586551120
139800.0000000000 0.0043663333 0.0586089259
139900.0000000000 0.0044015702 0.0585364913
140000.0000000000 0.0043594258 0.0585816418
140100.0000000000 0.0043696514 0.0585519662
140200.0000000000 0.0043666094 0.0585272899
140300.0000000000 0.0043531541 0.0585328778
140400.0000000000 0.0043619417 0.0584922647
140500.0000000000 0.0043672359 0.0585181480
140600.0000000000 0.0043294457 0.0584370559
140700.0000000000 0.0043586542 0.0583582362
140800.0000000000 0.0043593134 0.0584112694
140900.0000000000 0.0043519368 0.0583866155
141000.0000000000 0.0043884862 0.0581989055
141100.0000000000 0.0043687131 0.0581289446
141200.0000000000 0.0043757951 0.0583777269
141300.0000000000 0.0043459733 0.0583980148
141400.0000000000 0.0043392778 0.0582942506
141500.0000000000 0.0043041648 0.0585004752
141600.0000000000 0.0043319114 0.0581340259
141700.0000000000 0.0043264048 0.0581228649
141800.0000000000 0.0043319030 0.0581194078
141900.0000000000 0.0043138436 0.0581449559
142000.0000000000 0.0043218365 0.0581634929
142100.0000000000 0.0043088644 0.0582674807
142200.0000000000 0.0043355638 0.0580672165
142300.0000000000 0.0043350308 0.0582891097
142400.0000000000 0.0042301569 0.0581835275
142500.0000000000 0.0043125820 0.0580711281
142600.0000000000 0.0043364399 0.0579761332
142700.0000000000 0.0042728329 0.0582172638
142800.0000000000 0.0043187351 0.0578921949
142900.0000000000 0.0043167151 0.0579227870
143000.0000000000 0.0043206318 0.0578592559
143100.0000000000 0.0043196842 0.0578083461
143200.0000000000 0.0042884650 0.0578711470
143300.0000000000 0.0043362315 0.0577963507
143400.0000000000 0.0042940500 0.0577912247
143500.0000000000 0.0042742202 0.0578901982
143600.0000000000 0.0042870827 0.0578348702
143700.0000000000 0.0043280259 0.0577387130
143800.0000000000 0.0043257932 0.0579203283
143900.0000000000 0.0043094842 0.0577532118
144000.0000000000 0.0043670497 0.0577423041
144100.0000000000 0.0043336277 0.0576050644
144200.0000000000 0.0042710893 0.0576780876
144300.0000000000 0.0042664290 0.0576123809
144400.0000000000 0.0042893600 0.0575685715
144500.0000000000 0.0042884859 0.0575775644
144600.0000000000 0.0043653546 0.0574090993
144700.0000000000 0.0042813740 0.0574697097
144800.0000000000 0.0042768245 0.0576274385
144900.0000000000 0.0042654074 0.0575867658
145000.0000000000 0.0042553969 0.0574657088
145100.0000000000 0.0042744814 0.0574258035
145200.0000000000 0.0042720500 0.0574075719
145300.0000000000 0.0043149248 0.0572820445
145400.0000000000 0.0042365824 0.0573920672
145500.0000000000 0.0042737504 0.0573211005
145600.0000000000 0.0042998044 0.0573154604
145700.0000000000 0.0043286853 0.0571687733
145800.0000000000 0.0042011955 0.0573616540
145900.0000000000 0.0042665882 0.0573292589
146000.0000000000 0.0042691941 0.0571989631
146100.0000000000 0.0043246877 0.0570249324
146200.0000000000 0.0042409617 0.0572182452
146300.0000000000 0.0042407787 0.0572543135
146400.0000000000 0.0042225273 0.0573161905
146500.0000000000 0.0042543719 0.0571999317
146600.0000000000 0.0042410675 0.0571703007
146700.0000000000 0.0043709165 0.0569077944
146800.0000000000 0.0042486990 0.0570407500
146900.0000000000 0.0042139926 0.0571217602
147000.0000000000 0.0042694952 0.0570157459
147100.0000000000 0.0042430785 0.0568637019
147200.0000000000 0.0042516856 0.0568993902
147300.0000000000 0.0042292718 0.0569307497
147400.0000000000 0.0042784975 0.0566885462
147500.0000000000 0.0042481398 0.0569485491
147600.0000000000 0.0042410754 0.0568304276
147700.0000000000 0.0042237786 0.0568393087
147800.0000000000 0.0042219421 0.0568371406
147900.0000000000 0.0042182392 0.0568727320
148000.0000000000 0.0042724909 0.0566553017
148100.0000000000 0.0042267704 0.0567892259
148200.0000000000 0.0042177816 0.0567055633
148300.0000000000 0.0041906136 0.0566693460
148400.0000000000 0.0042044018 0.0568187078
148500.0000000000 0.0042344777 0.0566718792
148600.0000000000 0.0041939370 0.0567767089
148700.0000000000 0.0042832815 0.0562431207
148800.0000000000 0.0042095402 0.0566282412
148900.0000000000 0.0041929966 0.0566284200
149000.0000000000 0.0042142487 0.0565575799
149100.0000000000 0.0042044368 0.0566105759
149200.0000000000 0.0041791446 0.0565613424
149300.0000000000 0.0041897560 0.0565612158
149400.0000000000 0.0041891929 0.0566157093
149500.0000000000 0.0041730579 0.0564442118
149600.0000000000 0.0042327132 0.0564700430
149700.0000000000 0.0041898419 0.0567314690
149800.0000000000 0.0042008758 0.0564632928
149900.0000000000 0.0041827727 0.0562276160
150000.0000000000 0.0041997910 0.0563697880
150100.0000000000 0.0041850266 0.0564074730
150200.0000000000 0.0041827865 0.0563776856
150300.0000000000 0.0041757901 0.0563498949
150400.0000000000 0.0041786299 0.0563141396
150500.0000000000 0.0041546161 0.0564803770
150600.0000000000 0.0041990680 0.0561905643
150700.0000000000 0.0041907119 0.0562427630
150800.0000000000 0.0041933483 0.0562391123
150900.0000000000 0.0041393127 0.0564784696
151000.0000000000 0.0041732591 0.0561470603
151100.0000000000 0.0041571208 0.0561470082
151200.0000000000 0.0041625156 0.0562601229
151300.0000000000 0.0041489271 0.0560501357
151400.0000000000 0.0041102568 0.0562038785
151500.0000000000 0.0041641650 0.0561122512
151600.0000000000 0.0041578296 0.0562748080
151700.0000000000 0.0041612932 0.0561014851
151800.0000000000 0.0042054852 0.0559723293
151900.0000000000 0.0041365257 0.0562069257
152000.0000000000 0.0041688492 0.0559307998
152100.0000000000 0.0041343819 0.0559379523
152200.0000000000 0.0041638398 0.0559962606
152300.0000000000 0.0041789250 0.0558904921
152400.0000000000 0.0041129042 0.0559289669
152500.0000000000 0.0041301504 0.0558856493
152600.0000000000 0.0041361562 0.0558433821
152700.0000000000 0.0041407865 0.0557738607
152800.0000000000 0.0041422193 0.0558468541
152900.0000000000 0.0041657975 0.0558910286
153000.0000000000 0.0041216065 0.0558666950
153100.0000000000 0.0041124565 0.0556344976
153200.0000000000 0.0041417553 0.0556970751
153300.0000000000 0.0041823791 0.0555622345
153400.0000000000 0.0041944486 0.0557922562
153500.0000000000 0.0041284756 0.0557047790
153600.0000000000 0.0040878989 0.0557974418
153700.0000000000 0.0041180771 0.0557120209
153800.0000000000 0.0041487877 0.0556484898
153900.0000000000 0.0040972251 0.0557418084
154000.0000000000 0.0041960399 0.0554367220
154100.0000000000 0.0041085949 0.0556048220
154200.0000000000 0.0041164304 0.0556473350
154300.0000000000 0.0041147759 0.0555521762
154400.0000000000 0.0041136517 0.0555173298
154500.0000000000 0.0041248173 0.0554298972
154600.0000000000 0.0041540748 0.0553571572
154700.0000000000 0.0041281182 0.0554071283
154800.0000000000 0.0040991153 0.0554411923
154900.0000000000 0.0041038803 0.0556205129
155000.0000000000 0.0041006940 0.0553767895
155100.0000000000 0.0041012364 0.0553616797
155200.0000000000 0.0040991680 0.0553414514
155300.0000000000 0.0041253742 0.0554150631
155400.0000000000 0.0040894890 0.0553686386
155500.0000000000 0.0041043014 0.0553315272
155600.0000000000 0.0040837718 0.0552980816
155700.0000000000 0.0040943220 0.0552755883
155800.0000000000 0.0040850513 0.0552374785
155900.0000000000 0.0040736405 0.0551802581
156000.0000000000 0.0040831233 0.0552188819
156100.0000000000 0.0040682445 0.0552494218
156200.0000000000 0.0040761345 0.0551265543
156300.0000000000 0.0040268482 0.0553667908
156400.0000000000 0.0040842516 0.0550730442
156500.0000000000 0.0040768711 0.0551975732
156600.0000000000 0.0040837334 0.0550022637
156700.0000000000 0.0041353304 0.0548304831
156800.0000000000 0.0040768927 0.0550227826
156900.0000000000 0.0040299926 0.0550193554
157000.0000000000 0.0040747650 0.0549813574
157100.0000000000 0.0040674661 0.0550165539
157200.0000000000 0.0040866103 0.0549054434
157300.0000000000 0.0040425294 0.0551193719
157400.0000000000 0.0040526496 0.0549576124
157500.0000000000 0.0040707782 0.0550006767
157600.0000000000 0.0040604804 0.0548498472
157700.0000000000 0.0040672107 0.0548539376
157800.0000000000 0.0040295926 0.0551647013
157900.0000000000 0.0040737963 0.0547581454
158000.0000000000 0.0040409017 0.0548525890
158100.0000000000 0.0040838055 0.0548014333
158200.0000000000 0.0040573104 0.0549013084
158300.0000000000 0.0040713625 0.0547093441
158400.0000000000 0.0040382232 0.0547220697
158500.0000000000 0.0040491425 0.0548385298
158600.0000000000 0.0040681058 0.0544438278
158700.0000000000 0.0040188806 0.0547731509
158800.0000000000 0.0041051412 0.0545564210
158900.0000000000 0.0040298039 0.0546239307
159000.0000000000 0.0040356738 0.0546319922
159100.0000000000 0.0039759949 0.0549192941
159200.0000000000 0.0040293414 0.0545638716
159300.0000000000 0.0040535600 0.0544539755
159400.0000000000 0.0040308060 0.0545883467
159500.0000000000 0.0040626154 0.0544133102
159600.0000000000 0.0040241424 0.0547032421
159700.0000000000 0.0040323782 0.0545077165
159800.0000000000 0.0040922417 0.0542983180
159900.0000000000 0.0040242572 0.0544666042
160000.0000000000 0.0040140513 0.0544312065
160100.0000000000 0.0040218511 0.0544202989
160200.0000000000 0.0040202064 0.0543994596
160300.0000000000 0.0040476019 0.0542037701
160400.0000000000 0.0040543955 0.0542327976
160500.0000000000 0.0040210175 0.0543525135
160600.0000000000 0.0040159866 0.0544297388
160700.0000000000 0.0040394465 0.0542621603
160800.0000000000 0.0040457750 0.0542313298
160900.0000000000 0.0040147169 0.0543267792
161000.0000000000 0.0040293146 0.0543017229
161100.0000000000 0.0040451303 0.0541662788
161200.0000000000 0.0040201839 0.0541847115
161300.0000000000 0.0039993032 0.0542453741
161400.0000000000 0.0040154191 0.0542865982
161500.0000000000 0.0040228015 0.0540050333
161600.0000000000 0.0039935325 0.0541108763
161700.0000000000 0.0039937875 0.0541459685
161800.0000000000 0.0040051804 0.0540250307
161900.0000000000 0.0039969215 0.0541217616
162000.0000000000 0.0039943499 0.0540418243
162100.0000000000 0.0039875217 0.0540230637
162200.0000000000 0.0039916517 0.0540273702
162300.0000000000 0.0039876362 0.0540036028
162400.0000000000 0.0039698449 0.0539930602
162500.0000000000 0.0040742940 0.0536864465
162600.0000000000 0.0039752951 0.0539468443
162700.0000000000 0.0039738230 0.0540097793
162800.0000000000 0.0039718345 0.0539686149
162900.0000000000 0.0039713324 0.0539351022
163000.0000000000 0.0039896124 0.0539120501
163100.0000000000 0.0039741954 0.0538697904
163200.0000000000 0.0039700234 0.0538491895
163300.0000000000 0.0039848241 0.0538691496
163400.0000000000 0.0039787696 0.0536589911
163500.0000000000 0.0039753671 0.0537344580
163600.0000000000 0.0039657004 0.0538178673
163700.0000000000 0.0039570296 0.0538370376
163800.0000000000 0.0039554483 0.0537789678
163900.0000000000 0.0039748069 0.0537439724
164000.0000000000 0.0039315653 0.0536926454
164100.0000000000 0.0039581880 0.0536976149
164200.0000000000 0.0039627976 0.0536046540
164300.0000000000 0.0039736319 0.0536021357
164400.0000000000 0.0039497866 0.0536139151
164500.0000000000 0.0039548681 0.0536024635
164600.0000000000 0.0039613153 0.0535543253
164700.0000000000 0.0039683006 0.0535603007
164800.0000000000 0.0039267503 0.0536225503
164900.0000000000 0.0039901163 0.0534790745
165000.0000000000 0.0039377537 0.0535354232
165100.0000000000 0.0039467557 0.0534928431
165200.0000000000 0.0039449470 0.0534734642
165300.0000000000 0.0039451723 0.0534774353
165400.0000000000 0.0039429541 0.0534592857
165500.0000000000 0.0039368425 0.0534299826
165600.0000000000 0.0039389111 0.0534015437
165700.0000000000 0.0039696621 0.0533689176
165800.0000000000 0.0039613362 0.0533595746
165900.0000000000 0.0039302101 0.0534130698
166000.0000000000 0.0039278329 0.0533481007
166100.0000000000 0.0039324504 0.0533179482
166200.0000000000 0.0039427464 0.0533181345
166300.0000000000 0.0039370593 0.0532795703
166400.0000000000 0.0039198695 0.0533789685
166500.0000000000 0.0038937325 0.0533014005
166600.0000000000 0.0039174950 0.0532354777
166700.0000000000 0.0039347196 0.0532873263
166800.0000000000 0.0039276129 0.0531968688
166900.0000000000 0.0039547376 0.0531514501
167000.0000000000 0.0039051717 0.0531408554
167100.0000000000 0.0038854702 0.0533336615
167200.0000000000 0.0039237129 0.0531264236
167300.0000000000 0.0039086331 0.0531577905
167400.0000000000 0.0039201928 0.0530843949
167500.0000000000 0.0039062621 0.0529035544
167600.0000000000 0.0038972996 0.0530554717
167700.0000000000 0.0039198702 0.0530273905
167800.0000000000 0.0039136541 0.0530215269
167900.0000000000 0.0039251983 0.0529881855
168000.0000000000 0.0039285578 0.0529505005
168100.0000000000 0.0039261627 0.0528798764
168200.0000000000 0.0039234622 0.0529286628
168300.0000000000 0.0038525922 0.0531607112
168400.0000000000 0.0039190243 0.0528287803
168500.0000000000 0.0038715157 0.0528616076
168600.0000000000 0.0038841113 0.0528643941
168700.0000000000 0.0038887119 0.0528968861
168800.0000000000 0.0038955344 0.0528684100
168900.0000000000 0.0038902460 0.0528302630
169000.0000000000 0.0038907132 0.0528088873
169100.0000000000 0.0038925555 0.0528124636
169200.0000000000 0.0038856662 0.0527875190
169300.0000000000 0.0038893368 0.0527605628
169400.0000000000 0.0038941881 0.0526850810
169500.0000000000 0.0038872226 0.0526412492
169600.0000000000 0.0038689112 0.0527767231
169700.0000000000 0.0038835308 0.0526890522
169800.0000000000 0.0038522728 0.0526396399
169900.0000000000 0.0038677845 0.0527566289
170000.0000000000 0.0038715626 0.0526687419
170100.0000000000 0.0038758079 0.0526188230
170200.0000000000 0.0038740287 0.0526003828
170300.0000000000 0.0038722527 0.0525729870
170400.0000000000 0.0038678644 0.0525928205
170500.0000000000 0.0038516910 0.0526374792
170600.0000000000 0.0038598310 0.0525000235
170700.0000000000 0.0038604279 0.0525142615
170800.0000000000 0.0038659675 0.0524904495
170900.0000000000 0.0038720691 0.0524689471
171000.0000000000 0.0038661034 0.0524792960
171100.0000000000 0.0038941553 0.0523523828
171200.0000000000 0.0038644787 0.0524113690
171300.0000000000 0.0038572530 0.0523926383
171400.0000000000 0.0038553948 0.0523920273
171500.0000000000 0.0039017190 0.0523461615
171600.0000000000 0.0038546984 0.0523712402
171700.0000000000 0.0038373947 0.0523317074
171800.0000000000 0.0038837992 0.0522952592
171900.0000000000 0.0038594508 0.0521434163
172000.0000000000 0.0038488306 0.0522693163
172100.0000000000 0.0038518287 0.0522591090
172200.0000000000 0.0038490908 0.0522638103
172300.0000000000 0.0038442018 0.0522555327
172400.0000000000 0.0038474278 0.0522342687
172500.0000000000 0.0038379800 0.0521527743
172600.0000000000 0.0038903592 0.0521728685
172700.0000000000 0.0038151076 0.0522039300
172800.0000000000 0.0038098453 0.0522292768
172900.0000000000 0.0038506852 0.0520572280
173000.0000000000 0.0038546217 0.0521324118
173100.0000000000 0.0038352600 0.0521159386
173200.0000000000 0.0038275783 0.0521497642
173300.0000000000 0.0038341213 0.0520290201
173400.0000000000 0.0038288002 0.0519704139
173500.0000000000 0.0038387063 0.0520412167
173600.0000000000 0.0038325673 0.0519837951
173700.0000000000 0.0038549660 0.0520381843
173800.0000000000 0.0038305236 0.0520275449
173900.0000000000 0.0038467329 0.0518818786
174000.0000000000 0.0038227084 0.0519381305
174100.0000000000 0.0038260798 0.0519231325
174200.0000000000 0.0038128971 0.0519355526
174300.0000000000 0.0038398538 0.0517068794
174400.0000000000 0.0038173060 0.0518835773
174500.0000000000 0.0038080393 0.0518671637
174600.0000000000 0.0037926498 0.0518266326
174700.0000000000 0.0038040644 0.0518526425
174800.0000000000 0.0038041874 0.0516826128
174900.0000000000 0.0037914785 0.0518575674
175000.0000000000 0.0038113660 0.0517149335
175100.0000000000 0.0038076281 0.0517723998
175200.0000000000 0.0038058693 0.0517533933
175300.0000000000 0.0038106676 0.0516940867
175400.0000000000 0.0038049113 0.0517164087
175500.0000000000 0.0038210015 0.0516707590
175600.0000000000 0.0038108981 0.0516418358
175700.0000000000 0.0038129754 0.0516746854
175800.0000000000 0.0038322557 0.0515896892
175900.0000000000 0.0037736535 0.0515840938
176000.0000000000 0.0037946271 0.0516071310
176100.0000000000 0.0037883949 0.0516562229
176200.0000000000 0.0037942313 0.0515812551
176300.0000000000 0.0037922982 0.0515661901
176400.0000000000 0.0038150096 0.0513821533
176500.0000000000 0.0037967383 0.0515059968
176600.0000000000 0.0037803930 0.0515724262
176700.0000000000 0.0037872198 0.0514802998
176800.0000000000 0.0037860774 0.0515062725
176900.0000000000 0.0037804826 0.0514650559
177000.0000000000 0.0037817328 0.0514550125
177100.0000000000 0.0037779439 0.0514415418
177200.0000000000 0.0037774948 0.0514059430
177300.0000000000 0.0037857581 0.0513893729
177400.0000000000 0.0037789056 0.0513960561
177500.0000000000 0.0037739908 0.0514080887
177600.0000000000 0.0038104419 0.0514006680
177700.0000000000 0.0037632596 0.0513585498
177800.0000000000 0.0037709396 0.0512836864
177900.0000000000 0.0037566666 0.0512603735
178000.0000000000 0.0037942363 0.0511795198
178100.0000000000 0.0037544572 0.0512564769
178200.0000000000 0.0037662874 0.0512530794
178300.0000000000 0.0037752138 0.0512219434
178400.0000000000 0.0037641117 0.0512450775
178500.0000000000 0.0037606058 0.0512144780
178600.0000000000 0.0037761926 0.0511455452
178700.0000000000 0.0037518301 0.0511633744
178800.0000000000 0.0037605030 0.0511684408
178900.0000000000 0.0037646701 0.0511498814
179000.0000000000 0.0037925372 0.0510088419
179100.0000000000 0.0037849172 0.0510758897
179200.0000000000 0.0037457996 0.0511264717
179300.0000000000 0.0037820252 0.0511040380
179400.0000000000 0.0037544498 0.0510061970
179500.0000000000 0.0037634293 0.0510558178
179600.0000000000 0.0037520083 0.0510176336
179700.0000000000 0.0037486426 0.0510058617
179800.0000000000 0.0037431471 0.0509600704
179900.0000000000 0.0037614994 0.0509513234
180000.0000000000 0.0037416731 0.0509398496
180100.0000000000 0.0037424093 0.0509498631
180200.0000000000 0.0037407329 0.0509313559
180300.0000000000 0.0037244803 0.0509261405
180400.0000000000 0.0037433012 0.0508654257
180500.0000000000 0.0037376190 0.0508811539
180600.0000000000 0.0037283451 0.0508263474
180700.0000000000 0.0037430074 0.0508543839
180800.0000000000 0.0037147877 0.0509242480
180900.0000000000 0.0037300922 0.0508464416
181000.0000000000 0.0037157577 0.0507897949
181100.0000000000 0.0037252516 0.0508004268
181200.0000000000 0.0037254118 0.0507415449
181300.0000000000 0.0037348283 0.0507306745
181400.0000000000 0.0037471472 0.0506809642
181500.0000000000 0.0037265666 0.0507156467
181600.0000000000 0.0037203928 0.0506902104
181700.0000000000 0.0037193518 0.0507032787
181800.0000000000 0.0037252045 0.0506661450
181900.0000000000 0.0037291232 0.0505780196
182000.0000000000 0.0037224292 0.0506336903
182100.0000000000 0.0037058935 0.0506474739
182200.0000000000 0.0037071563 0.0505422717
182300.0000000000 0.0037167504 0.0506343906
182400.0000000000 0.0037454633 0.0505616581
182500.0000000000 0.0037154200 0.0505530825
182600.0000000000 0.0037095741 0.0505477329
182700.0000000000 0.0036693965 0.0507351374
182800.0000000000 0.0037251691 0.0505095040
182900.0000000000 0.0037010672 0.0504881358
183000.0000000000 0.0036968337 0.0504722958
183100.0000000000 0.0036942246 0.0504715880
183200.0000000000 0.0037000573 0.0504044657
183300.0000000000 0.0037192083 0.0504292464
183400.0000000000 0.0036977002 0.0504041454
183500.0000000000 0.0036991746 0.0503999730
183600.0000000000 0.0036906326 0.0503850868
183700.0000000000 0.0036751786 0.0504241874
183800.0000000000 0.0036961500 0.0503534740
183900.0000000000 0.0036938771 0.0503399064
184000.0000000000 0.0036913861 0.0503445631
184100.0000000000 0.0036866852 0.0503222709
184200.0000000000 0.0036861602 0.0503013050
184300.0000000000 0.0036811798 0.0503167873
184400.0000000000 0.0036883828 0.0502523696
184500.0000000000 0.0036799378 0.0502055725
184600.0000000000 0.0036804160 0.0502115255
184700.0000000000 0.0036885208 0.0502286320
184800.0000000000 0.0036791828 0.0501961102
184900.0000000000 0.0036824954 0.0501760607
185000.0000000000 0.0036976197 0.0501518389
185100.0000000000 0.0036794921 0.0501429056
185200.0000000000 0.0036786473 0.0501248752
185300.0000000000 0.0036761825 0.0501163220
185400.0000000000 0.0036900408 0.0501103839
185500.0000000000 0.0036727695 0.0500903493
185600.0000000000 0.0037032343 0.0499819433
185700.0000000000 0.0036705799 0.0500498032
185800.0000000000 0.0036687920 0.0500307744
185900.0000000000 0.0036701327 0.0500060161
186000.0000000000 0.0036472423 0.0501065841
186100.0000000000 0.0036742217 0.0499675115
186200.0000000000 0.0036650822 0.0499767279
186300.0000000000 0.0036684912 0.0499369343
186400.0000000000 0.0036674192 0.0499305343
186500.0000000000 0.0036745751 0.0499317264
186600.0000000000 0.0036620763 0.0499120345
186700.0000000000 0.0036749911 0.0498362174
186800.0000000000 0.0036677076 0.0498642912
186900.0000000000 0.0036569719 0.0498276716
187000.0000000000 0.0036618203 0.0498085683
187100.0000000000 0.0036453225 0.0498258462
187200.0000000000 0.0036520023 0.0498248851
187300.0000000000 0.0036608899 0.0497736400
187400.0000000000 0.0036516157 0.0497807031
187500.0000000000 0.0036512626 0.0497621139
187600.0000000000 0.0036439709 0.0497223427
187700.0000000000 0.0036543393 0.0497178724
187800.0000000000 0.0036511997 0.0496827950
187900.0000000000 0.0036486260 0.0497068604
188000.0000000000 0.0036491685 0.0497520258
188100.0000000000 0.0036394968 0.0496899178
188200.0000000000 0.0036478471 0.0497025167
188300.0000000000 0.0036560601 0.0496403342
188400.0000000000 0.0036397478 0.0496101742
188500.0000000000 0.0036476300 0.0495284861
188600.0000000000 0.0036384926 0.0496381884
188700.0000000000 0.0036601690 0.0495481258
188800.0000000000 0.0036349300 0.0496404385
188900.0000000000 0.0036547932 0.0495559936
189000.0000000000 0.0036484143 0.0494056856
189100.0000000000 0.0036315146 0.0495169079
189200.0000000000 0.0036410442 0.0495167887
189300.0000000000 0.0036224753 0.0494565805
189400.0000000000 0.0036262459 0.0494877835
189500.0000000000 0.0036266792 0.0494726440
189600.0000000000 0.0036361688 0.0494358679
189700.0000000000 0.0035959039 0.0494511490
189800.0000000000 0.0036251154 0.0494103348
189900.0000000000 0.0036263850 0.0494003510
190000.0000000000 0.0036233704 0.0493656834
190100.0000000000 0.0036193662 0.0493741100
190200.0000000000 0.0036180111 0.0493589705
190300.0000000000 0.0036128473 0.0493627107
190400.0000000000 0.0036090230 0.0492733856
190500.0000000000 0.0036175867 0.0493010496
190600.0000000000 0.0036068709 0.0493367454
190700.0000000000 0.0036134178 0.0492881750
190800.0000000000 0.0036163377 0.0492747938
190900.0000000000 0.0036717500 0.0492196297
191000.0000000000 0.0036017374 0.0492438590
191100.0000000000 0.0036114856 0.0491861691
191200.0000000000 0.0036052859 0.0492377346
191300.0000000000 0.0035961860 0.0491932248
191400.0000000000 0.0035990377 0.0492142578
191500.0000000000 0.0036306534 0.0490888571
191600.0000000000 0.0036201209 0.0492248004
191700.0000000000 0.0036015787 0.0491365334
191800.0000000000 0.0035975417 0.0490764966
191900.0000000000 0.0035993721 0.0490929475
192000.0000000000 0.0035932351 0.0490850275
192100.0000000000 0.0035964989 0.0490556275
192200.0000000000 0.0036078941 0.0489125317
192300.0000000000 0.0035961473 0.0490417694
192400.0000000000 0.0035958697 0.0490237614
192500.0000000000 0.0036069675 0.0489415442
192600.0000000000 0.0036026455 0.0490543609
192700.0000000000 0.0035995174 0.0489986008
192800.0000000000 0.0035889475 0.0489803469
192900.0000000000 0.0035870702 0.0489551937
193000.0000000000 0.0035840197 0.0489372229
193100.0000000000 0.0035882681 0.0488969600
193200.0000000000 0.0035707016 0.0489057591
193300.0000000000 0.0035671196 0.0489062434
193400.0000000000 0.0035785557 0.0489140963
193500.0000000000 0.0035746660 0.0488861715
193600.0000000000 0.0035781249 0.0488711213
193700.0000000000 0.0035650168 0.0488340324
193800.0000000000 0.0035472406 0.0488881683
193900.0000000000 0.0035830141 0.0487405872
194000.0000000000 0.0035935617 0.0488031422
194100.0000000000 0.0035734008 0.0488449847
194200.0000000000 0.0035653902 0.0487716933
194300.0000000000 0.0035733856 0.0487490734
194400.0000000000 0.0035723639 0.0487205451
194500.0000000000 0.0036025631 0.0485705798
194600.0000000000 0.0035657269 0.0486941775
194700.0000000000 0.0035686486 0.0487028202
194800.0000000000 0.0035782197 0.0486531174
194900.0000000000 0.0035634221 0.0486634737
195000.0000000000 0.0035521022 0.0485946452
195100.0000000000 0.0035616387 0.0486310711
195200.0000000000 0.0035603820 0.0486138379
195300.0000000000 0.0035632011 0.0486269658
195400.0000000000 0.0035582399 0.0485842218
195500.0000000000 0.0035545097 0.0485732322
195600.0000000000 0.0035621869 0.0486426195
195700.0000000000 0.0035475153 0.0485735899
195800.0000000000 0.0035490498 0.0485368585
195900.0000000000 0.0035546265 0.0485176211
196000.0000000000 0.0035452552 0.0484769633
196100.0000000000 0.0035673330 0.0485014533
196200.0000000000 0.0035663742 0.0484320139
196300.0000000000 0.0035576885 0.0484028673
196400.0000000000 0.0035458794 0.0484664654
196500.0000000000 0.0035400232 0.0484914770
196600.0000000000 0.0035512646 0.0483917510
196700.0000000000 0.0035460508 0.0483937626
196800.0000000000 0.0035422879 0.0483809998
196900.0000000000 0.0035359086 0.0483106365
197000.0000000000 0.0035478802 0.0483587896
197100.0000000000 0.0035678667 0.0483146449
197200.0000000000 0.0035401890 0.0483079618
197300.0000000000 0.0035336079 0.0483067995
197400.0000000000 0.0035357458 0.0482855504
197500.0000000000 0.0035246986 0.0482742702
197600.0000000000 0.0035346259 0.0482696658
197700.0000000000 0.0035443842 0.0482070585
197800.0000000000 0.0035343144 0.0482163420
197900.0000000000 0.0035290592 0.0482205515
198000.0000000000 0.0035274462 0.0481981402
198100.0000000000 0.0035211746 0.0481533995
198200.0000000000 0.0035258131 0.0481761610
198300.0000000000 0.0035176507 0.0481647318
198400.0000000000 0.0035474370 0.0480638360
198500.0000000000 0.0035248991 0.0481593301
198600.0000000000 0.0035226275 0.0481180465
198700.0000000000 0.0035132717 0.0481835520
198800.0000000000 0.0035221484 0.0480766883
198900.0000000000 0.0035186193 0.0480726724
199000.0000000000 0.0035180795 0.0480632027
199100.0000000000 0.0035139483 0.0480695581
199200.0000000000 0.0035150136 0.0480809277
199300.0000000000 0.0035323548 0.0480654454
199400.0000000000 0.0035312437 0.0480089700
199500.0000000000 0.0035140999 0.0480293920
199600.0000000000 0.0034989010 0.0480061313
199700.0000000000 0.0035073050 0.0480169570
199800.0000000000 0.0035114863 0.0479460200
199900.0000000000 0.0035006529 0.0479484936
200000.0000000000 0.0035122146 0.0479155993
200100.0000000000 0.0035059302 0.0478955572
200200.0000000000 0.0035045319 0.0478806710
200300.0000000000 0.0034988044 0.0478766029
200400.0000000000 0.0035029201 0.0478650694
200500.0000000000 0.0035004544 0.0478475382
200600.0000000000 0.0034722334 0.0479110395
200700.0000000000 0.0034964289 0.0477694934
200800.0000000000 0.0034979517 0.0477944901
200900.0000000000 0.0035049466 0.0477668261
201000.0000000000 0.0034967543 0.0477634286
201100.0000000000 0.0035013676 0.0477837315
201200.0000000000 0.0034943301 0.0477360477
201300.0000000000 0.0034903531 0.0477347290
201400.0000000000 0.0034920982 0.0477109318
201500.0000000000 0.0034903929 0.0476999199
201600.0000000000 0.0034777844 0.0477094417
201700.0000000000 0.0034895842 0.0476611471
201800.0000000000 0.0034885443 0.0476595601
201900.0000000000 0.0034773891 0.0476104757
202000.0000000000 0.0034854016 0.0476406133
202100.0000000000 0.0034857506 0.0475651836
202200.0000000000 0.0034886097 0.0476093283
202300.0000000000 0.0034865801 0.0475639617
202400.0000000000 0.0034717119 0.0475138863
202500.0000000000 0.0034801204 0.0475299572
202600.0000000000 0.0034678517 0.0475743776
202700.0000000000 0.0034755294 0.0475319912
202800.0000000000 0.0034828107 0.0474997675
202900.0000000000 0.0034852881 0.0475316709
203000.0000000000 0.0034715607 0.0474858349
203100.0000000000 0.0034816075 0.0474403267
203200.0000000000 0.0034754210 0.0474639898
203300.0000000000 0.0034847488 0.0474256864
203400.0000000000 0.0034736763 0.0474376520
203500.0000000000 0.0034727852 0.0474181538
203600.0000000000 0.0034643420 0.0473887985
203700.0000000000 0.0034680564 0.0473927026
203800.0000000000 0.0034705325 0.0473821899
203900.0000000000 0.0034625268 0.0473497426
204000.0000000000 0.0034653831 0.0473176753
204100.0000000000 0.0034646878 0.0473202532
204200.0000000000 0.0034554910 0.0473379632
204300.0000000000 0.0034627718 0.0473172134
204400.0000000000 0.0034520951 0.0473188599
204500.0000000000 0.0034597266 0.0472668921
204600.0000000000 0.0034519760 0.0472825160
204700.0000000000 0.0034583024 0.0472436761
204800.0000000000 0.0034574957 0.0472232243
204900.0000000000 0.0034521759 0.0472398614
205000.0000000000 0.0034668880 0.0471831625
205100.0000000000 0.0034520872 0.0471845409
205200.0000000000 0.0034508879 0.0471696472
205300.0000000000 0.0034270071 0.0471165394
205400.0000000000 0.0034452729 0.0471496721
205500.0000000000 0.0034452046 0.0471199145
205600.0000000000 0.0034364203 0.0471360972
205700.0000000000 0.0034476585 0.0471086343
205800.0000000000 0.0034459443 0.0470679765
205900.0000000000 0.0034586478 0.0470582684
206000.0000000000 0.0034395550 0.0470575681
206100.0000000000 0.0034404374 0.0470492979
206200.0000000000 0.0034404926 0.0470574042
206300.0000000000 0.0034467389 0.0470150849
206400.0000000000 0.0034378393 0.0470034694
206500.0000000000 0.0034353195 0.0469866907
206600.0000000000 0.0034358847 0.0469750454
206700.0000000000 0.0034479599 0.0469634747
206800.0000000000 0.0034349512 0.0469545340
206900.0000000000 0.0034299731 0.0469277864
207000.0000000000 0.0034284211 0.0468955552
207100.0000000000 0.0034324601 0.0469109406
207200.0000000000 0.0034351064 0.0469596451
207300.0000000000 0.0034276884 0.0468772268
207400.0000000000 0.0034252373 0.0468865400
207500.0000000000 0.0034254290 0.0468484973
207600.0000000000 0.0034303981 0.0468158563
207700.0000000000 0.0034179443 0.0467612957
207800.0000000000 0.0034076856 0.0468688598
207900.0000000000 0.0034237881 0.0468166982
208000.0000000000 0.0034248961 0.0467611765
208100.0000000000 0.0034203782 0.0467599546
208200.0000000000 0.0034139415 0.0466874158
208300.0000000000 0.0034213595 0.0467199376
208400.0000000000 0.0034183168 0.0467421850
208500.0000000000 0.0034190891 0.0466976976
208600.0000000000 0.0034129302 0.0467976397
208700.0000000000 0.0034111281 0.0467021381
208800.0000000000 0.0034122127 0.0466711884
208900.0000000000 0.0034072580 0.0467038443
209000.0000000000 0.0034082602 0.0466181328
209100.0000000000 0.0034102072 0.0466325348
209200.0000000000 0.0034091368 0.0466171717
209300.0000000000 0.0034119856 0.0465587442
209400.0000000000 0.0034051517 0.0465898728
209500.0000000000 0.0034096587 0.0465785032
209600.0000000000 0.0034057326 0.0465668803
209700.0000000000 0.0033948064 0.0465611135
209800.0000000000 0.0034111345 0.0465503251
209900.0000000000 0.0034027283 0.0465181088
210000.0000000000 0.0034000782 0.0464907130
210100.0000000000 0.0033997535 0.0464879339
210200.0000000000 0.0033986700 0.0464719003
210300.0000000000 0.0033973012 0.0464767283
210400.0000000000 0.0033962188 0.0464425450
210500.0000000000 0.0033966797 0.0464261612
210600.0000000000 0.0033953380 0.0463986909
210700.0000000000 0.0033974933 0.0463744020
210800.0000000000 0.0033901309 0.0463962918
210900.0000000000 0.0033852302 0.0463791629
211000.0000000000 0.0033800259 0.0463245799
211100.0000000000 0.0033969036 0.0462948894
211200.0000000000 0.0033871605 0.0463332822
211300.0000000000 0.0033876721 0.0463126516
211400.0000000000 0.0033875758 0.0463082110
211500.0000000000 0.0033886477 0.0462808525
211600.0000000000 0.0033894248 0.0462780585
211700.0000000000 0.0033862583 0.0462554758
211800.0000000000 0.0033726249 0.0462663835
211900.0000000000 0.0033894875 0.0462488448
212000.0000000000 0.0033740440 0.0462657502
212100.0000000000 0.0033820545 0.0462149372
212200.0000000000 0.0033763820 0.0462059891
212300.0000000000 0.0033765870 0.0461837267
212400.0000000000 0.0033670188 0.0461514955
212500.0000000000 0.0033781470 0.0461725658
212600.0000000000 0.0033694396 0.0461447304
212700.0000000000 0.0033766734 0.0461124694
212800.0000000000 0.0033687301 0.0461148387
212900.0000000000 0.0033738612 0.0460967188
213000.0000000000 0.0033797179 0.0460650166
213100.0000000000 0.0033696608 0.0460739648
213200.0000000000 0.0033697959 0.0460557481
213300.0000000000 0.0033820290 0.0459896689
213400.0000000000 0.0033716981 0.0460530584
213500.0000000000 0.0033705780 0.0459952866
213600.0000000000 0.0033667889 0.0459761461
213700.0000000000 0.0033668738 0.0459746634
213800.0000000000 0.0033761781 0.0459873965
213900.0000000000 0.0033639196 0.0459729647
214000.0000000000 0.0033583102 0.0459549939
214100.0000000000 0.0033571546 0.0459357863
214200.0000000000 0.0033584253 0.0459304964
214300.0000000000 0.0033589177 0.0458743488
214400.0000000000 0.0033553193 0.0459104692
214500.0000000000 0.0033641511 0.0459582051
214600.0000000000 0.0033517539 0.0458697742
214700.0000000000 0.0033505404 0.0458397185
214800.0000000000 0.0033471878 0.0458295261
214900.0000000000 0.0033529534 0.0458283266
215000.0000000000 0.0033462331 0.0458255103
215100.0000000000 0.0033490277 0.0458016088
215200.0000000000 0.0033479348 0.0457871770
215300.0000000000 0.0033530696 0.0458033597
215400.0000000000 0.0033400509 0.0457920646
215500.0000000000 0.0033421298 0.0457386290
215600.0000000000 0.0033500035 0.0457561081
215700.0000000000 0.0033413143 0.0457165306
215800.0000000000 0.0033401008 0.0457085436
215900.0000000000 0.0033415068 0.0456937765
216000.0000000000 0.0033390507 0.0456623127
216100.0000000000 0.0033546535 0.0457028364
216200.0000000000 0.0033376978 0.0456484919
216300.0000000000 0.0033345602 0.0456419727
216400.0000000000 0.0033389792 0.0456177210
216500.0000000000 0.0033490085 0.0456665074
216600.0000000000 0.0033326092 0.0455988859
216700.0000000000 0.0033348709 0.0456188163
216800.0000000000 0.0033389055 0.0454921042
216900.0000000000 0.0033345654 0.0455703577
217000.0000000000 0.0033325474 0.0455398028
217100.0000000000 0.0033299786 0.0455232477
217200.0000000000 0.0033281520 0.0455122208
217300.0000000000 0.0033191583 0.0454993387
217400.0000000000 0.0033208584 0.0454837298
217500.0000000000 0.0033255435 0.0454753106
217600.0000000000 0.0033277379 0.0454445621
217700.0000000000 0.0033244905 0.0455080634
217800.0000000000 0.0033215085 0.0454339077
217900.0000000000 0.0033215028 0.0454234844
218000.0000000000 0.0033262194 0.0454253992
218100.0000000000 0.0033177195 0.0453995531
218200.0000000000 0.0033221117 0.0453898376
218300.0000000000 0.0033182614 0.0453582620
218400.0000000000 0.0033165715 0.0453547975
218500.0000000000 0.0033186975 0.0453509753
218600.0000000000 0.0033145396 0.0453226333
218700.0000000000 0.0033140740 0.0453222086
218800.0000000000 0.0033091881 0.0453343531
218900.0000000000 0.0033086113 0.0452594748
219000.0000000000 0.0033097938 0.0452675586
219100.0000000000 0.0033087020 0.0452578133
219200.0000000000 0.0033078721 0.0452498933
219300.0000000000 0.0033093295 0.0452397531
219400.0000000000 0.0033048070 0.0452227955
219500.0000000000 0.0033057016 0.0452094665
219600.0000000000 0.0033083724 0.0452038264
219700.0000000000 0.0032990934 0.0451753204
219800.0000000000 0.0033029288 0.0451645767
219900.0000000000 0.0033013373 0.0451544588
220000.0000000000 0.0032991258 0.0451491540
220100.0000000000 0.0032996805 0.0451278230
220200.0000000000 0.0032987009 0.0451140394
220300.0000000000 0.0032887066 0.0451044058
220400.0000000000 0.0032859116 0.0450516781
220500.0000000000 0.0032950199 0.0450709080
220600.0000000000 0.0032945642 0.0450644707
220700.0000000000 0.0032963975 0.0450530937
220800.0000000000 0.0032922516 0.0450375145
220900.0000000000 0.0032901639 0.0450047468
221000.0000000000 0.0032910140 0.0450064828
221100.0000000000 0.0032876671 0.0449968716
221200.0000000000 0.0032840131 0.0449724709
221300.0000000000 0.0032853091 0.0449645882
221400.0000000000 0.0032901244 0.0449779695
221500.0000000000 0.0032842021 0.0449553271
221600.0000000000 0.0032915004 0.0449483609
221700.0000000000 0.0032841421 0.0449139541
221800.0000000000 0.0032833163 0.0449044546
221900.0000000000 0.0032838802 0.0448705321
222000.0000000000 0.0032831231 0.0448857983
222100.0000000000 0.0032801541 0.0449275812
222200.0000000000 0.0032837941 0.0448431736
222300.0000000000 0.0032790940 0.0448219841
222400.0000000000 0.0032748881 0.0448219767
222500.0000000000 0.0032644885 0.0447584307
222600.0000000000 0.0032737044 0.0447981944
222700.0000000000 0.0032741557 0.0447659781
222800.0000000000 0.0032756900 0.0447681015
222900.0000000000 0.0032732050 0.0447850069
223000.0000000000 0.0032717343 0.0447593918
223100.0000000000 0.0032702297 0.0447357660
223200.0000000000 0.0032708340 0.0446607759
223300.0000000000 0.0032656967 0.0447249254
223400.0000000000 0.0032675553 0.0446926867
223500.0000000000 0.0032656479 0.0446831798
223600.0000000000 0.0032604677 0.0446303626
223700.0000000000 0.0032653496 0.0446396610
223800.0000000000 0.0032611863 0.0446352428
223900.0000000000 0.0032667854 0.0446627801
224000.0000000000 0.0032624737 0.0446193283
224100.0000000000 0.0032598819 0.0445843553
224200.0000000000 0.0032612396 0.0445756828
224300.0000000000 0.0032580700 0.0445565423
224400.0000000000 0.0032548368 0.0445701172
224500.0000000000 0.0032595769 0.0445536067
224600.0000000000 0.0032577096 0.0445309793
224700.0000000000 0.0032540112 0.0445132171
224800.0000000000 0.0032546182 0.0445153033
224900.0000000000 0.0032535776 0.0444899266
225000.0000000000 0.0032547561 0.0444854637
225100.0000000000 0.0032517339 0.0444686776
225200.0000000000 0.0032506270 0.0444547301
225300.0000000000 0.0032469553 0.0444644754
225400.0000000000 0.0032470325 0.0444275876
225500.0000000000 0.0032479219 0.0444460502
225600.0000000000 0.0032470180 0.0444000503
225700.0000000000 0.0032483255 0.0443817591
225800.0000000000 0.0032451079 0.0443730866
225900.0000000000 0.0032431581 0.0443617468
226000.0000000000 0.0032424835 0.0443486934
226100.0000000000 0.0032411739 0.0443367501
226200.0000000000 0.0032393816 0.0442996016
226300.0000000000 0.0032344657 0.0443438207
226400.0000000000 0.0032435229 0.0443111276
226500.0000000000 0.0032422545 0.0442780396
226600.0000000000 0.0032373008 0.0442668562
226700.0000000000 0.0032356317 0.0442682272
226800.0000000000 0.0032338316 0.0442505022
226900.0000000000 0.0032338763 0.0442376947
227000.0000000000 0.0032337308 0.0442363312
227100.0000000000 0.0032324137 0.0442048451
227200.0000000000 0.0032340159 0.0442156261
227300.0000000000 0.0032369307 0.0441689258
227400.0000000000 0.0032316400 0.0442240303
227500.0000000000 0.0032294446 0.0441532125
227600.0000000000 0.0032284783 0.0441403677
227700.0000000000 0.0032368952 0.0441751620
227800.0000000000 0.0032256123 0.0441195136
227900.0000000000 0.0032303119 0.0441368883
228000.0000000000 0.0032233142 0.0440931311
228100.0000000000 0.0032219693 0.0440823799
228200.0000000000 0.0032247225 0.0440708613
228300.0000000000 0.0032202443 0.0440451493
228400.0000000000 0.0032209970 0.0440356945
228500.0000000000 0.0032201504 0.0440240791
228600.0000000000 0.0032189260 0.0440075760
228700.0000000000 0.0032176327 0.0439974358
228800.0000000000 0.0032183839 0.0439830711
228900.0000000000 0.0032172710 0.0439694663
229000.0000000000 0.0032149632 0.0439512348
229100.0000000000 0.0032215161 0.0439412584
229200.0000000000 0.0032113895 0.0439303582
229300.0000000000 0.0032117052 0.0439150324
229400.0000000000 0.0032202736 0.0439418545
229500.0000000000 0.0032089233 0.0438929042
229600.0000000000 0.0032088676 0.0438778689
229700.0000000000 0.0032079249 0.0438720425
229800.0000000000 0.0032063606 0.0438508307
229900.0000000000 0.0032051527 0.0438654637
230000.0000000000 0.0032051699 0.0438286876
230100.0000000000 0.0032046040 0.0438145315
230200.0000000000 0.0032036265 0.0438008224
230300.0000000000 0.0032035624 0.0437885886
230400.0000000000 0.0032027687 0.0438049948
230500.0000000000 0.0032015241 0.0437578922
230600.0000000000 0.0031955753 0.0437545543
230700.0000000000 0.0031984963 0.0437410315
230800.0000000000 0.0031945879 0.0437275236
230900.0000000000 0.0031971450 0.0437107598
231000.0000000000 0.0031960294 0.0437060510
231100.0000000000 0.0031948596 0.0436900323
231200.0000000000 0.0031902459 0.0436623459
231300.0000000000 0.0031899626 0.0436675762
231400.0000000000 0.0031920966 0.0436473703
231500.0000000000 0.0031943390 0.0436414843
231600.0000000000 0.0031914638 0.0436215615
231700.0000000000 0.0031899712 0.0436065858
231800.0000000000 0.0031869104 0.0435835188
231900.0000000000 0.0031874163 0.0435822671
232000.0000000000 0.0031892237 0.0435836380
232100.0000000000 0.0031863497 0.0435570022
232200.0000000000 0.0031858737 0.0435482850
232300.0000000000 0.0031867363 0.0435397690
232400.0000000000 0.0031840930 0.0435065319
232500.0000000000 0.0031818348 0.0434916755
232600.0000000000 0.0031789912 0.0434923386
232700.0000000000 0.0031806987 0.0434813862
232800.0000000000 0.0031780742 0.0434824889
232900.0000000000 0.0031784431 0.0434527164
233000.0000000000 0.0031787970 0.0434592431
233100.0000000000 0.0031769201 0.0434252536
233200.0000000000 0.0031763961 0.0433960994
233300.0000000000 0.0031747800 0.0433993777
233400.0000000000 0.0031696476 0.0434008306
233500.0000000000 0.0031731487 0.0433587795
233600.0000000000 0.0031731385 0.0433636745
233700.0000000000 0.0031702389 0.0433529531
233800.0000000000 0.0031735327 0.0433216458
233900.0000000000 0.0031677615 0.0433379998
234000.0000000000 0.0031695407 0.0433175927
234100.0000000000 0.0031676977 0.0432876264
234200.0000000000 0.0031676490 0.0432778736
234300.0000000000 0.0031653332 0.0432703113
234400.0000000000 0.0031629560 0.0432592323
234500.0000000000 0.0031609752 0.0432558795
234600.0000000000 0.0031635264 0.0432329690
234700.0000000000 0.0031619342 0.0432203626
234800.0000000000 0.0031555981 0.0431965356
234900.0000000000 0.0031618383 0.0431963121
235000.0000000000 0.0031598739 0.0431757113
235100.0000000000 0.0031585230 0.0431685215
235200.0000000000 0.0031576085 0.0431552892
235300.0000000000 0.0031576474 0.0431397324
235400.0000000000 0.0031558869 0.0431310823
235500.0000000000 0.0031536185 0.0431246077
235600.0000000000 0.0031541468 0.0431096470
235700.0000000000 0.0031537585 0.0430952599
235800.0000000000 0.0031521162 0.0430844044
235900.0000000000 0.0031515416 0.0430703973
236000.0000000000 0.0031503019 0.0430593407
236100.0000000000 0.0031500026 0.0430541029
236200.0000000000 0.0031487619 0.0430312371
236300.0000000000 0.0031441215 0.0430047875
236400.0000000000 0.0031499940 0.0430019637
236500.0000000000 0.0031474462 0.0429982608
236600.0000000000 0.0031447412 0.0429863175
236700.0000000000 0.0031457924 0.0429570740
236800.0000000000 0.0031443822 0.0429584523
236900.0000000000 0.0031418781 0.0429427465
237000.0000000000 0.0031424320 0.0429541981
237100.0000000000 0.0031404165 0.0429211249
237200.0000000000 0.0031398258 0.0429028710
237300.0000000000 0.0031391030 0.0428639119
237400.0000000000 0.0031450524 0.0429040258
237500.0000000000 0.0031377323 0.0428712731
237600.0000000000 0.0031368885 0.0428296840
237700.0000000000 0.0031360127 0.0428367546
237800.0000000000 0.0031349334 0.0428359722
237900.0000000000 0.0031327292 0.0428107744
238000.0000000000 0.0031329822 0.0427875211
238100.0000000000 0.0031313768 0.0427874094
238200.0000000000 0.0031305504 0.0427795043
238300.0000000000 0.0031323140 0.0427811807
238400.0000000000 0.0031303068 0.0427451050
238500.0000000000 0.0031285100 0.0427431902
238600.0000000000 0.0031304354 0.0427321708
238700.0000000000 0.0031260502 0.0427086269
238800.0000000000 0.0031246592 0.0426987773
238900.0000000000 0.0031229153 0.0426487094
239000.0000000000 0.0031248109 0.0426817303
239100.0000000000 0.0031227767 0.0426798081
239200.0000000000 0.0031216122 0.0426470702
239300.0000000000 0.0031204859 0.0426405286
239400.0000000000 0.0031222063 0.0426355069
239500.0000000000 0.0031201728 0.0426174169
239600.0000000000 0.0031166072 0.0425748741
239700.0000000000 0.0031172815 0.0425941711
239800.0000000000 0.0031180118 0.0425802981
239900.0000000000 0.0031160326 0.0425595110
240000.0000000000 0.0031149378 0.0425472399
240100.0000000000 0.0031137995 0.0425349688
240200.0000000000 0.0031129138 0.0425219675
240300.0000000000 0.0031113604 0.0425067311
240400.0000000000 0.0031110390 0.0425018808
240500.0000000000 0.0031107999 0.0424879556
240600.0000000000 0.0031098631 0.0424726745
240700.0000000000 0.0031104994 0.0424701711
240800.0000000000 0.0031075977 0.0424300348
240900.0000000000 0.0031074413 0.0424364572
241000.0000000000 0.0031061642 0.0424234410
241100.0000000000 0.0031030488 0.0423981463
241200.0000000000 0.0031058181 0.0423859274
241300.0000000000 0.0031006239 0.0423503583
241400.0000000000 0.0031025858 0.0423725014
241500.0000000000 0.0031002339 0.0423290645
241600.0000000000 0.0031005154 0.0423484584
241700.0000000000 0.0030989086 0.0423296382
241800.0000000000 0.0031022110 0.0423419540
241900.0000000000 0.0030983418 0.0423053270
242000.0000000000 0.0030949831 0.0422967290
242100.0000000000 0.0030942858 0.0422486579
242200.0000000000 0.0030944626 0.0422691097
242300.0000000000 0.0030986133 0.0422436511
242400.0000000000 0.0030934922 0.0422472050
242500.0000000000 0.0030953077 0.0422297558
242600.0000000000 0.0030922858 0.0422266489
242700.0000000000 0.0030907234 0.0422049677
242800.0000000000 0.0030900733 0.0421984037
242900.0000000000 0.0030897343 0.0421675583
243000.0000000000 0.0030879963 0.0421660160
243100.0000000000 0.0030884367 0.0421505114
243200.0000000000 0.0030885647 0.0421347087
243300.0000000000 0.0030837107 0.0421138918
243400.0000000000 0.0030816359 0.0421237861
243500.0000000000 0.0030854354 0.0420896103
243600.0000000000 0.0030829887 0.0420843577
243700.0000000000 0.0030811835 0.0420775702
243800.0000000000 0.0030815624 0.0420766463
243900.0000000000 0.0030799039 0.0420539295
244000.0000000000 0.0030793046 0.0420372104
244100.0000000000 0.0030791635 0.0420258557
244200.0000000000 0.0030801949 0.0420194929
244300.0000000000 0.0030769178 0.0419994881
244400.0000000000 0.0030799978 0.0420122510
244500.0000000000 0.0030769759 0.0419885656
244600.0000000000 0.0030741316 0.0419481611
244700.0000000000 0.0030721542 0.0419582939
244800.0000000000 0.0030726728 0.0419444060
244900.0000000000 0.0030704857 0.0419407328
245000.0000000000 0.0030731656 0.0419161385
245100.0000000000 0.0030697428 0.0419044783
245200.0000000000 0.0030688451 0.0418917006
245300.0000000000 0.0030660532 0.0418762183
245400.0000000000 0.0030671893 0.0418687006
245500.0000000000 0.0030651402 0.0418479657
245600.0000000000 0.0030651713 0.0418409621
245700.0000000000 0.0030652480 0.0418327218
245800.0000000000 0.0030639594 0.0418245708
245900.0000000000 0.0030628488 0.0418085670
246000.0000000000 0.0030617118 0.0417927941
246100.0000000000 0.0030603819 0.0417779600
246200.0000000000 0.0030594055 0.0417635580
246300.0000000000 0.0030609376 0.0417890167
246400.0000000000 0.0030581556 0.0417421898
246500.0000000000 0.0030583148 0.0417394554
246600.0000000000 0.0030581755 0.0417099436
246700.0000000000 0.0030554619 0.0417049518
246800.0000000000 0.0030546222 0.0416816016
246900.0000000000 0.0030552391 0.0416706716
247000.0000000000 0.0030532272 0.0416615372
247100.0000000000 0.0030571060 0.0416795453
247200.0000000000 0.0030487511 0.0416321372
247300.0000000000 0.0030508547 0.0416326662
247400.0000000000 0.0030488417 0.0416169082
247500.0000000000 0.0030480490 0.0416040932
247600.0000000000 0.0030477449 0.0416109478
247700.0000000000 0.0030477228 0.0415839543
247800.0000000000 0.0030483499 0.0415782695
247900.0000000000 0.0030449306 0.0415676599
248000.0000000000 0.0030448047 0.0415394520
248100.0000000000 0.0030490744 0.0415240889
248200.0000000000 0.0030437699 0.0415359279
248300.0000000000 0.0030425752 0.0415049260
248400.0000000000 0.0030427896 0.0414812108
248500.0000000000 0.0030403223 0.0414845338
248600.0000000000 0.0030404864 0.0414471915
248700.0000000000 0.0030379250 0.0414568102
248800.0000000000 0.0030381838 0.0414539864
248900.0000000000 0.0030366803 0.0414304351
249000.0000000000 0.0030362770 0.0414234018
249100.0000000000 0.0030350942 0.0414073830
249200.0000000000 0.0030327158 0.0413813507
249300.0000000000 0.0030361700 0.0413594683
249400.0000000000 0.0030333021 0.0413633501
249500.0000000000 0.0030311075 0.0413567638
249600.0000000000 0.0030308418 0.0413453197
249700.0000000000 0.0030311620 0.0413432931
249800.0000000000 0.0030289353 0.0413195779
249900.0000000000 0.0030285139 0.0413091918
250000.0000000000 0.0030307787 0.0412822431
250100.0000000000 0.0030266100 0.0412816917
250200.0000000000 0.0030257397 0.0412685340
250300.0000000000 0.0030228972 0.0412424570
250400.0000000000 0.0030237421 0.0412509357
250500.0000000000 0.0030232713 0.0412376439
250600.0000000000 0.0030222411 0.0412185332
250700.0000000000 0.0030221182 0.0412090486
250800.0000000000 0.0030213551 0.0412007263
250900.0000000000 0.0030201285 0.0411885818
251000.0000000000 0.0030184217 0.0411772495
251100.0000000000 0.0030229805 0.0411965688
251200.0000000000 0.0030197994 0.0411502113
251300.0000000000 0.0030184986 0.0411476558
251400.0000000000 0.0030159767 0.0411251476
251500.0000000000 0.0030148940 0.0411126977
251600.0000000000 0.0030137293 0.0410956731
251700.0000000000 0.0030138625 0.0410876265
251800.0000000000 0.0030111461 0.0410767784
251900.0000000000 0.0030110987 0.0410378640
252000.0000000000 0.0030118373 0.0410628533
252100.0000000000 0.0030098003 0.0410370966
252200.0000000000 0.0030083857 0.0410289606
252300.0000000000 0.0030087638 0.0410167789
252400.0000000000 0.0030071698 0.0410012817
252500.0000000000 0.0030052874 0.0409920579
252600.0000000000 0.0030053317 0.0409783711
252700.0000000000 0.0030041623 0.0409673815
252800.0000000000 0.0030025636 0.0409398293
252900.0000000000 0.0030032894 0.0409390321
253000.0000000000 0.0030019542 0.0409254944
253100.0000000000 0.0030012006 0.0409149518
253200.0000000000 0.0030003744 0.0409042900
253300.0000000000 0.0029998608 0.0408950736
253400.0000000000 0.0029980334 0.0408721780
253500.0000000000 0.0029990491 0.0408656811
253600.0000000000 0.0029960809 0.0408579027
253700.0000000000 0.0029961144 0.0408389484
253800.0000000000 0.0029962519 0.0408273330
253900.0000000000 0.0029959542 0.0408110907
254000.0000000000 0.0029952148 0.0408209627
254100.0000000000 0.0029936813 0.0407946622
254200.0000000000 0.0029919876 0.0407796418
254300.0000000000 0.0029911147 0.0407665586
254400.0000000000 0.0029915873 0.0407617008
254500.0000000000 0.0029881141 0.0407381793
254600.0000000000 0.0029897342 0.0407284563
254700.0000000000 0.0029882208 0.0407260572
254800.0000000000 0.0029867804 0.0407044058
254900.0000000000 0.0029853303 0.0406966423
255000.0000000000 0.0029854820 0.0406853994
255100.0000000000 0.0029845725 0.0406684791
255200.0000000000 0.0029838105 0.0406562602
255300.0000000000 0.0029846013 0.0406547179
255400.0000000000 0.0029820552 0.0406305855
255500.0000000000 0.0029795752 0.0406024968
255600.0000000000 0.0029818752 0.0406127413
255700.0000000000 0.0029796599 0.0406103199
255800.0000000000 0.0029792910 0.0405842131
255900.0000000000 0.0029769746 0.0405733352
256000.0000000000 0.0029771285 0.0405579870
256100.0000000000 0.0029762314 0.0405487632
256200.0000000000 0.0029755133 0.0405367678
256300.0000000000 0.0029746856 0.0405237814
256400.0000000000 0.0029739392 0.0405141031
256500.0000000000 0.0029715585 0.0404972126
256600.0000000000 0.0029731808 0.0405005058
256700.0000000000 0.0029709391 0.0404769396
256800.0000000000 0.0029703817 0.0404623067
256900.0000000000 0.0029701230 0.0404485306
257000.0000000000 0.0029686833 0.0404358571
257100.0000000000 0.0029700510 0.0404508030
257200.0000000000 0.0029673069 0.0404143547
257300.0000000000 0.0029669637 0.0403940668
257400.0000000000 0.0029641661 0.0403807377
257500.0000000000 0.0029648005 0.0403773999
257600.0000000000 0.0029639612 0.0403655087
257700.0000000000 0.0029626360 0.0403532153
257800.0000000000 0.0029636839 0.0403359448
257900.0000000000 0.0029620038 0.0403503542
258000.0000000000 0.0029609226 0.0403159326
258100.0000000000 0.0029561134 0.0402823528
258200.0000000000 0.0029587189 0.0402913904
258300.0000000000 0.0029572161 0.0402647322
258400.0000000000 0.0029568074 0.0402635103
258500.0000000000 0.0029590756 0.0402874564
258600.0000000000 0.0029531183 0.0402427977
258700.0000000000 0.0029543706 0.0402311897
258800.0000000000 0.0029549423 0.0402372991
258900.0000000000 0.0029528956 0.0402026390
259000.0000000000 0.0029520919 0.0401900103
259100.0000000000 0.0029502871 0.0401605880
259200.0000000000 0.0029507150 0.0401559761
259300.0000000000 0.0029500362 0.0401450535
259400.0000000000 0.0029494246 0.0401457837
259500.0000000000 0.0029476133 0.0401167040
259600.0000000000 0.0029468108 0.0401173299
259700.0000000000 0.0029467776 0.0401101922
259800.0000000000 0.0029456540 0.0400935923
259900.0000000000 0.0029462196 0.0400914168
260000.0000000000 0.0029438287 0.0400652354
260100.0000000000 0.0029431165 0.0400573155
260200.0000000000 0.0029423220 0.0400451487
260300.0000000000 0.0029415293 0.0400324901
260400.0000000000 0.0029410390 0.0400254195
260500.0000000000 0.0029401026 0.0400124332
260600.0000000000 0.0029390386 0.0399813866
260700.0000000000 0.0029386859 0.0399900591
260800.0000000000 0.0029379245 0.0399786895
260900.0000000000 0.0029367211 0.0399735039
261000.0000000000 0.0029383215 0.0399695327
261100.0000000000 0.0029349546 0.0399432396
261200.0000000000 0.0029339029 0.0399349099
261300.0000000000 0.0029329191 0.0399135938
261400.0000000000 0.0029330942 0.0399194797
261500.0000000000 0.0029320878 0.0398918157
261600.0000000000 0.0029340545 0.0398712372
261700.0000000000 0.0029297325 0.0398663794
261800.0000000000 0.0029298293 0.0398595920
261900.0000000000 0.0029285288 0.0398443108
262000.0000000000 0.0029313646 0.0398290148
262100.0000000000 0.0029274228 0.0398213481
262200.0000000000 0.0029275636 0.0398316225
262300.0000000000 0.0029258789 0.0397968953
262400.0000000000 0.0029255174 0.0397864794
262500.0000000000 0.0029245516 0.0397863155
262600.0000000000 0.0029226541 0.0397403156
262700.0000000000 0.0029226096 0.0397526091
262800.0000000000 0.0029213038 0.0397272175
262900.0000000000 0.0029204962 0.0397256007
263000.0000000000 0.0029200783 0.0397163694
263100.0000000000 0.0029204613 0.0396971320
263200.0000000000 0.0029182026 0.0396893909
263300.0000000000 0.0029175698 0.0396743333
263400.0000000000 0.0029192573 0.0396716958
263500.0000000000 0.0029155843 0.0396546786
263600.0000000000 0.0029165147 0.0396217545
263700.0000000000 0.0029132433 0.0396283483
263800.0000000000 0.0029130375 0.0396148180
263900.0000000000 0.0029129469 0.0396070098
264000.0000000000 0.0029116743 0.0395958414
264100.0000000000 0.0029125934 0.0395786753
264200.0000000000 0.0029100424 0.0395692801
264300.0000000000 0.0029090861 0.0395598402
264400.0000000000 0.0029087509 0.0395477479
264500.0000000000 0.0029086198 0.0395290768
264600.0000000000 0.0029063503 0.0395206725
264700.0000000000 0.0029069552 0.0395205458
264800.0000000000 0.0029046487 0.0394902071
264900.0000000000 0.0029052031 0.0394882923
265000.0000000000 0.0029054783 0.0394698744
265100.0000000000 0.0029028999 0.0394577300
265200.0000000000 0.0029020627 0.0394456377
265300.0000000000 0.0029015147 0.0394324427
265400.0000000000 0.0028999841 0.0394180184
265500.0000000000 0.0029006748 0.0394108658
265600.0000000000 0.0028991927 0.0394016048
265700.0000000000 0.0028972801 0.0393921798
265800.0000000000 0.0028970715 0.0393737321
265900.0000000000 0.0028966890 0.0393714150
266000.0000000000 0.0028916584 0.0393423503
266100.0000000000 0.0028938320 0.0393256535
266200.0000000000 0.0028939570 0.0393249383
266300.0000000000 0.0028931655 0.0393119072
266400.0000000000 0.0028923661 0.0392991295
266500.0000000000 0.0028901794 0.0392909264
266600.0000000000 0.0028877107 0.0392814642
266700.0000000000 0.0028908828 0.0392791098
266800.0000000000 0.0028891247 0.0392515575
266900.0000000000 0.0028887370 0.0392450830
267000.0000000000 0.0028872319 0.0392359486
267100.0000000000 0.0028861743 0.0392215019
267200.0000000000 0.0028839215 0.0392005583
267300.0000000000 0.0028868652 0.0391920050
267400.0000000000 0.0028849760 0.0391758969
267500.0000000000 0.0028833259 0.0391649669
267600.0000000000 0.0028831583 0.0391554748
267700.0000000000 0.0028828876 0.0391217684
267800.0000000000 0.0028815421 0.0391338682
267900.0000000000 0.0028790322 0.0391167467
268000.0000000000 0.0028799375 0.0391120529
268100.0000000000 0.0028781969 0.0390883153
268200.0000000000 0.0028779509 0.0390778547
268300.0000000000 0.0028778261 0.0390844559
268400.0000000000 0.0028765915 0.0390546908
268500.0000000000 0.0028734806 0.0390418833
268600.0000000000 0.0028747664 0.0390375843
268700.0000000000 0.0028734894 0.0390150388
268800.0000000000 0.0028733623 0.0390075212
268900.0000000000 0.0028725936 0.0390051817
269000.0000000000 0.0028714187 0.0389854526
269100.0000000000 0.0028690528 0.0389767503
269200.0000000000 0.0028702477 0.0389671614
269300.0000000000 0.0028686103 0.0389502411
269400.0000000000 0.0028682102 0.0389346545
269500.0000000000 0.0028687304 0.0389177119
269600.0000000000 0.0028665387 0.0389089053
269700.0000000000 0.0028666427 0.0389006724
269800.0000000000 0.0028649607 0.0388798108
269900.0000000000 0.0028643615 0.0388633674
270000.0000000000 0.0028634004 0.0388629352
270100.0000000000 0.0028624985 0.0388497626
270200.0000000000 0.0028617316 0.0388374543
270300.0000000000 0.0028604647 0.0388162723
270400.0000000000 0.0028596856 0.0388057297
270500.0000000000 0.0028588225 0.0388019150
270600.0000000000 0.0028607414 0.0387893235
270700.0000000000 0.0028578641 0.0387741690
270800.0000000000 0.0028562246 0.0387559747
270900.0000000000 0.0028560299 0.0387527412
271000.0000000000 0.0028552073 0.0387409990
271100.0000000000 0.0028544332 0.0387236317
271200.0000000000 0.0028533576 0.0387142366
271300.0000000000 0.0028528400 0.0387047892
271400.0000000000 0.0028522156 0.0386935910
271500.0000000000 0.0028518814 0.0386829143
271600.0000000000 0.0028497520 0.0386670967
271700.0000000000 0.0028490058 0.0386525308
271800.0000000000 0.0028502479 0.0386575674
271900.0000000000 0.0028485193 0.0386340832
272000.0000000000 0.0028476367 0.0386167830
272100.0000000000 0.0028466137 0.0386068290
272200.0000000000 0.0028475799 0.0385962939
272300.0000000000 0.0028447901 0.0385834193
272400.0000000000 0.0028428439 0.0385582139
272500.0000000000 0.0028431727 0.0385646140
272600.0000000000 0.0028406386 0.0385486548
272700.0000000000 0.0028419415 0.0385385519
272800.0000000000 0.0028411287 0.0385237103
272900.0000000000 0.0028406155 0.0385098671
273000.0000000000 0.0028387654 0.0384907191
273100.0000000000 0.0028382039 0.0384836783
273200.0000000000 0.0028387385 0.0384767642
273300.0000000000 0.0028364203 0.0384591436
273400.0000000000 0.0028362792 0.0384558355
273500.0000000000 0.0028358503 0.0384434154
273600.0000000000 0.0028337086 0.0384101188
273700.0000000000 0.0028325951 0.0384107968
273800.0000000000 0.0028339599 0.0383864334
273900.0000000000 0.0028329467 0.0383923715
274000.0000000000 0.0028312396 0.0383768445
274100.0000000000 0.0028302104 0.0383627331
274200.0000000000 0.0028296655 0.0383501490
274300.0000000000 0.0028294576 0.0383510431
274400.0000000000 0.0028283347 0.0383299654
274500.0000000000 0.0028272624 0.0383148333
274600.0000000000 0.0028265030 0.0382944410
274700.0000000000 0.0028253684 0.0383040374
274800.0000000000 0.0028250211 0.0382796442
274900.0000000000 0.0028242210 0.0382662406
275000.0000000000 0.0028232721 0.0382553702
275100.0000000000 0.0028227989 0.0382431512
275200.0000000000 0.0028219557 0.0382313346
275300.0000000000 0.0028211299 0.0382191827
275400.0000000000 0.0028197517 0.0382045945
275500.0000000000 0.0028195586 0.0381954079
275600.0000000000 0.0028188582 0.0381818702
275700.0000000000 0.0028183976 0.0381723260
275800.0000000000 0.0028172202 0.0381547278
275900.0000000000 0.0028174477 0.0381547725
276000.0000000000 0.0028158734 0.0381374722
276100.0000000000 0.0028152166 0.0381234800
276200.0000000000 0.0028146634 0.0381121775
276300.0000000000 0.0028144290 0.0381125053
276400.0000000000 0.0028125339 0.0380841111
276500.0000000000 0.0028117119 0.0380782103
276600.0000000000 0.0028111136 0.0380620574
276700.0000000000 0.0028103521 0.0380550092
276800.0000000000 0.0028095854 0.0380374109
276900.0000000000 0.0028089269 0.0380263393
277000.0000000000 0.0028069319 0.0380078843
277100.0000000000 0.0028076306 0.0380128389
277200.0000000000 0.0028081444 0.0379903232
277300.0000000000 0.0028052660 0.0379738128
277400.0000000000 0.0028048992 0.0379697596
277500.0000000000 0.0028039960 0.0379559016
277600.0000000000 0.0028027886 0.0379421254
277700.0000000000 0.0028028847 0.0379222026
277800.0000000000 0.0028014580 0.0379179185
277900.0000000000 0.0027999560 0.0378801441
278000.0000000000 0.0027991865 0.0378905302
278100.0000000000 0.0028004752 0.0378841525
278200.0000000000 0.0027996884 0.0378779908
278300.0000000000 0.0027979923 0.0378543874
278400.0000000000 0.0027975208 0.0378504237
278500.0000000000 0.0027960511 0.0378311043
278600.0000000000 0.0027952183 0.0378215229
278700.0000000000 0.0027941884 0.0378113156
278800.0000000000 0.0027933408 0.0377985602
278900.0000000000 0.0027923005 0.0377758806
279000.0000000000 0.0027923106 0.0377738317
279100.0000000000 0.0027914320 0.0377607038
279200.0000000000 0.0027910981 0.0377468681
279300.0000000000 0.0027899343 0.0377369439
279400.0000000000 0.0027895824 0.0377301192
279500.0000000000 0.0027884555 0.0377147635
279600.0000000000 0.0027876628 0.0377012556
279700.0000000000 0.0027869905 0.0376942297
279800.0000000000 0.0027862751 0.0376819586
279900.0000000000 0.0027871609 0.0376619464
280000.0000000000 0.0027848922 0.0376587799
280100.0000000000 0.0027842272 0.0376485651
280200.0000000000 0.0027835305 0.0376381343
280300.0000000000 0.0027828625 0.0376272713
280400.0000000000 0.0027821500 0.0376155888
280500.0000000000 0.0027822583 0.0376082724
280600.0000000000 0.0027809026 0.0375982886
280700.0000000000 0.0027803108 0.0375878429
280800.0000000000 0.0027796653 0.0375774791
280900.0000000000 0.0027789209 0.0375668173
281000.0000000000 0.0027816302 0.0375910019
281100.0000000000 0.0027776650 0.0375482207
281200.0000000000 0.0027770653 0.0375385945
281300.0000000000 0.0027764163 0.0375288939
281400.0000000000 0.0027757137 0.0375183215
281500.0000000000 0.0027750474 0.0375078832
281600.0000000000 0.0027743033 0.0374959921
281700.0000000000 0.0027735658 0.0374840935
281800.0000000000 0.0027728093 0.0374739980
281900.0000000000 0.0027722986 0.0374642899
282000.0000000000 0.0027716729 0.0374542838
282100.0000000000 0.0027709854 0.0374438083
282200.0000000000 0.0027702884 0.0374324685
282300.0000000000 0.0027688299 0.0374078443
282400.0000000000 0.0027690852 0.0374158090
282500.0000000000 0.0027685440 0.0374057358
282600.0000000000 0.0027679788 0.0373959159
282700.0000000000 0.0027673501 0.0373858055
282800.0000000000 0.0027666793 0.0373745626
282900.0000000000 0.0027661315 0.0373732662
283000.0000000000 0.0027654668 0.0373554146
283100.0000000000 0.0027647584 0.0373451626
283200.0000000000 0.0027640866 0.0373346870
283300.0000000000 0.0027634169 0.0373236006
283400.0000000000 0.0027626270 0.0373120000
283500.0000000000 0.0027623929 0.0373051753
283600.0000000000 0.0027614470 0.0372935300
283700.0000000000 0.0027608014 0.0372835165
283800.0000000000 0.0027602074 0.0372729143
283900.0000000000 0.0027595808 0.0372625654
284000.0000000000 0.0027588434 0.0372514194
284100.0000000000 0.0027625450 0.0373240104
284200.0000000000 0.0027576442 0.0372332101
284300.0000000000 0.0027569164 0.0372240161
284400.0000000000 0.0027563034 0.0372144421
284500.0000000000 0.0027556116 0.0372043093
284600.0000000000 0.0027548524 0.0371937817
284700.0000000000 0.0027546880 0.0371861001
284800.0000000000 0.0027537227 0.0371762207
284900.0000000000 0.0027531956 0.0371676897
285000.0000000000 0.0027526780 0.0371591737
285100.0000000000 0.0027521412 0.0371513134
285200.0000000000 0.0027515969 0.0371424397
285300.0000000000 0.0027509598 0.0371335288
285400.0000000000 0.0027504171 0.0371242230
285500.0000000000 0.0027497621 0.0371141648
285600.0000000000 0.0027490405 0.0371038234
285700.0000000000 0.0027483470 0.0370945921
285800.0000000000 0.0027478099 0.0370842060
285900.0000000000 0.0027471464 0.0370742744
286000.0000000000 0.0027477064 0.0370559906
286100.0000000000 0.0027459560 0.0370586579
286200.0000000000 0.0027453970 0.0370497992
286300.0000000000 0.0027448276 0.0370407467
286400.0000000000 0.0027441211 0.0370313814
286500.0000000000 0.0027435017 0.0370215839
286600.0000000000 0.0027442321 0.0370062506
286700.0000000000 0.0027424043 0.0370037248
286800.0000000000 0.0027418215 0.0369943594
286900.0000000000 0.0027411973 0.0369849344
287000.0000000000 0.0027405734 0.0369747346
287100.0000000000 0.0027399781 0.0369643932
287200.0000000000 0.0027392378 0.0369532024
287300.0000000000 0.0027385520 0.0369416391
287400.0000000000 0.0027377615 0.0369350752
287500.0000000000 0.0027374119 0.0369246443
287600.0000000000 0.0027367649 0.0369146680
287700.0000000000 0.0027360768 0.0369041254
287800.0000000000 0.0027354024 0.0368928304
287900.0000000000 0.0027346810 0.0368812745
288000.0000000000 0.0027340026 0.0368705606
288100.0000000000 0.0027334889 0.0368612101
288200.0000000000 0.0027328843 0.0368517926
288300.0000000000 0.0027322373 0.0368410637
288400.0000000000 0.0027314924 0.0368301635
288500.0000000000 0.0027308697 0.0368238901
288600.0000000000 0.0027304938 0.0368150910
288700.0000000000 0.0027298813 0.0368071412
288800.0000000000 0.0027292907 0.0367982527
288900.0000000000 0.0027286734 0.0367892747
289000.0000000000 0.0027280182 0.0367796635
289100.0000000000 0.0027273088 0.0367692699
289200.0000000000 0.0027266815 0.0367608582
289300.0000000000 0.0027261736 0.0367502784
289400.0000000000 0.0027255361 0.0367403766
289500.0000000000 0.0027249051 0.0367295211
289600.0000000000 0.0027242115 0.0367188072
289700.0000000000 0.0027235355 0.0367074003
289800.0000000000 0.0027230763 0.0367026245
289900.0000000000 0.0027223460 0.0366907185
290000.0000000000 0.0027217507 0.0366806751
290100.0000000000 0.0027211439 0.0366713470
290200.0000000000 0.0027205831 0.0366616985
290300.0000000000 0.0027198986 0.0366511857
290400.0000000000 0.0027192410 0.0366404047
290500.0000000000 0.0027184898 0.0366291245
290600.0000000000 0.0027179472 0.0366171216
290700.0000000000 0.0027171591 0.0366076221
290800.0000000000 0.0027164596 0.0365962526
290900.0000000000 0.0027157999 0.0365845179
291000.0000000000 0.0027150125 0.0365726864
291100.0000000000 0.0027146449 0.0365642076
291200.0000000000 0.0027138777 0.0365565112
291300.0000000000 0.0027133419 0.0365479728
291400.0000000000 0.0027128009 0.0365393748
291500.0000000000 0.0027121772 0.0365300094
291600.0000000000 0.0027115302 0.0365201598
291700.0000000000 0.0027108735 0.0365097215
291800.0000000000 0.0027119463 0.0365053927
291900.0000000000 0.0027095819 0.0364895155
292000.0000000000 0.0027089461 0.0364798149
292100.0000000000 0.0027084024 0.0364698833
292200.0000000000 0.0027076956 0.0364593779
292300.0000000000 0.0027070326 0.0364483585
292400.0000000000 0.0027062921 0.0364371007
292500.0000000000 0.0027056477 0.0364255598
292600.0000000000 0.0027050928 0.0364196812
292700.0000000000 0.0027044845 0.0364100923
292800.0000000000 0.0027039293 0.0364008909
292900.0000000000 0.0027032960 0.0363910561
293000.0000000000 0.0027026585 0.0363805061
293100.0000000000 0.0027019965 0.0363700306
293200.0000000000 0.0027012831 0.0363585492
293300.0000000000 0.0027004821 0.0363470753
293400.0000000000 0.0027011767 0.0363290971
293500.0000000000 0.0026992418 0.0363270780
293600.0000000000 0.0026986788 0.0363178765
293700.0000000000 0.0026980790 0.0363081088
293800.0000000000 0.0026973910 0.0362974470
293900.0000000000 0.0026968287 0.0362881040
294000.0000000000 0.0026961168 0.0362770026
294100.0000000000 0.0026954245 0.0362649476
294200.0000000000 0.0026950708 0.0362573480
294300.0000000000 0.0026942333 0.0362473121
294400.0000000000 0.0026935944 0.0362373283
294500.0000000000 0.0026929671 0.0362270986
294600.0000000000 0.0026922963 0.0362164443
294700.0000000000 0.0026915023 0.0362313902
294800.0000000000 0.0026910072 0.0361967077
294900.0000000000 0.0026905024 0.0361874392
295000.0000000000 0.0026899459 0.0361775821
295100.0000000000 0.0026893908 0.0361684477
295200.0000000000 0.0026888173 0.0361591121
295300.0000000000 0.0026882664 0.0361488675
295400.0000000000 0.0026875848 0.0361387497
295500.0000000000 0.0026869514 0.0361275142
295600.0000000000 0.0026862414 0.0361158391
295700.0000000000 0.0026859677 0.0361068314
295800.0000000000 0.0026850808 0.0360992169
295900.0000000000 0.0026845689 0.0360902687
296000.0000000000 0.0026839868 0.0360806649
296100.0000000000 0.0026833185 0.0360708600
296200.0000000000 0.0026826865 0.0360601460
296300.0000000000 0.0026819801 0.0360486870
296400.0000000000 0.0026813830 0.0360395377
296500.0000000000 0.0026805884 0.0360290399
296600.0000000000 0.0026799970 0.0360239809
296700.0000000000 0.0026799268 0.0360233774
296800.0000000000 0.0026785416 0.0359955644
296900.0000000000 0.0026778185 0.0359834945
297000.0000000000 0.0026770282 0.0359729146
297100.0000000000 0.0026764462 0.0359607106
297200.0000000000 0.0026756803 0.0359487748
297300.0000000000 0.0026749518 0.0359362727
297400.0000000000 0.0026693391 0.0358488774
297500.0000000000 0.0026737256 0.0359178846
297600.0000000000 0.0026732333 0.0359091824
297700.0000000000 0.0026726774 0.0359001225
297800.0000000000 0.0026720965 0.0358904069
297900.0000000000 0.0026714376 0.0358805572
298000.0000000000 0.0026707466 0.0358698284
298100.0000000000 0.0026700204 0.0358582502
298200.0000000000 0.0026696277 0.0358481025
298300.0000000000 0.0026686491 0.0358356749
298400.0000000000 0.0026679793 0.0358243948
298500.0000000000 0.0026672288 0.0358120640
298600.0000000000 0.0026666147 0.0358034810
298700.0000000000 0.0026661176 0.0357950395
298800.0000000000 0.0026654887 0.0357854804
298900.0000000000 0.0026648133 0.0357750123
299000.0000000000 0.0026641381 0.0357643133
299100.0000000000 0.0026634339 0.0357533386
299200.0000000000 0.0026628854 0.0357450759
299300.0000000000 0.0026621835 0.0357339447
299400.0000000000 0.0026615424 0.0357240876
299500.0000000000 0.0026609490 0.0357138281
299600.0000000000 0.0026603052 0.0357031813
299700.0000000000 0.0026594698 0.0356914764
299800.0000000000 0.0026589428 0.0356830796
299900.0000000000 0.0026583002 0.0356727084
300000.0000000000 0.0026577013 0.0356621062
