100.0000000000 0.6982923535 1.0844363843
200.0000000000 0.7433752154 1.1346167354
300.0000000000 0.7463999827 1.1753726928
400.0000000000 0.7269515165 1.1770696673
500.0000000000 0.7116214842 1.1583876344
600.0000000000 0.7044078204 1.1449470728
700.0000000000 0.6899974791 1.1341992096
800.0000000000 0.6808908463 1.1294118092
900.0000000000 0.6751311186 1.1560891868
1000.0000000000 0.6655831244 1.1141352804
1100.0000000000 0.6574468646 1.1115990207
1200.0000000000 0.6489129066 1.1042025090
1300.0000000000 0.6376327545 1.0948388666
1400.0000000000 0.6231815057 1.0916899505
1500.0000000000 0.6087724018 1.0860522153
1600.0000000000 0.5963818571 1.0647630416
1700.0000000000 0.6018260375 1.0998620563
1800.0000000000 0.5944255071 1.0932313019
1900.0000000000 0.5925630741 1.1028718838
2000.0000000000 0.5901485947 1.0846941510
2100.0000000000 0.5854263834 1.0996997081
2200.0000000000 0.5793069391 1.0910863601
2300.0000000000 0.5753591671 1.0908017480
2400.0000000000 0.5730444783 1.0888917618
2500.0000000000 0.5688372369 1.0894048982
2600.0000000000 0.5585959149 1.0794252031
2700.0000000000 0.5614978792 1.0856416547
2800.0000000000 0.5603749735 1.0860979357
2900.0000000000 0.5555855151 1.0773112350
3000.0000000000 0.5535011531 1.0769972899
3100.0000000000 0.5520008643 1.0728465818
3200.0000000000 0.5465998710 1.0527361981
3300.0000000000 0.5480333172 1.0668985076
3400.0000000000 0.5464565953 1.0613735565
3500.0000000000 0.5446060280 1.0618515365
3600.0000000000 0.5428651232 1.0617941744
3700.0000000000 0.5373838725 1.0504629291
3800.0000000000 0.5408402157 1.0553218476
3900.0000000000 0.5384089909 1.0576912887
4000.0000000000 0.5388405261 1.0541208694
4100.0000000000 0.5360743749 1.0521897055
4200.0000000000 0.5478059505 1.0666186521
4300.0000000000 0.5418379616 1.0688804365
4400.0000000000 0.5307723534 1.0421136781
4500.0000000000 0.5294483098 1.0401287652
4600.0000000000 0.5289679142 1.0359619535
4700.0000000000 0.5231034356 1.0240696571
4800.0000000000 0.5222727859 1.0250157691
4900.0000000000 0.5263056553 1.0318641686
5000.0000000000 0.5261545574 1.0278978921
5100.0000000000 0.5237171979 1.0229963454
5200.0000000000 0.5226016270 1.0222900313
5300.0000000000 0.5203526714 1.0153025480
5400.0000000000 0.5244902578 1.0205796378
5500.0000000000 0.5204408279 1.0199057216
5600.0000000000 0.5185016446 1.0106039856
5700.0000000000 0.5197750121 1.0238285194
5800.0000000000 0.5187407813 1.0257228006
5900.0000000000 0.5202640765 1.0223407201
6000.0000000000 0.5190115377 1.0291408876
6100.0000000000 0.5184787081 1.0249536986
6200.0000000000 0.5174637872 1.0225129778
6300.0000000000 0.5174202776 1.0197826343
6400.0000000000 0.5050724021 1.0215987039
6500.0000000000 0.5181126557 1.0320969147
6600.0000000000 0.5215603091 1.0176173897
6700.0000000000 0.5172284226 1.0112342864
6800.0000000000 0.5175168943 1.0258851811
6900.0000000000 0.5167396248 1.0193456724
7000.0000000000 0.5149617764 1.0202169668
7100.0000000000 0.5138818418 1.0204922070
7200.0000000000 0.5158730821 1.0184942461
7300.0000000000 0.5155835867 1.0183962228
7400.0000000000 0.5166314359 1.0167463494
7500.0000000000 0.5128711098 1.0150513612
7600.0000000000 0.5130218981 1.0163000861
7700.0000000000 0.5153096349 1.0227000172
7800.0000000000 0.5161493058 1.0184395187
7900.0000000000 0.5149880634 1.0128852689
8000.0000000000 0.5146537328 1.0131028724
8100.0000000000 0.5103601171 1.0024558776
8200.0000000000 0.5127330038 1.0119802003
8300.0000000000 0.5145719892 1.0136603528
8400.0000000000 0.5081810463 1.0002533092
8500.0000000000 0.5142088900 1.0169488765
8600.0000000000 0.5140640632 1.0139574836
8700.0000000000 0.5141353040 1.0110760311
8800.0000000000 0.5148936574 1.0125122420
8900.0000000000 0.5142399421 1.0091850235
9000.0000000000 0.5127837394 1.0122751276
9100.0000000000 0.5146042235 1.0164413043
9200.0000000000 0.5264333148 1.0821247942
9300.0000000000 0.5210551233 1.0759478037
9400.0000000000 0.5201444196 1.0724864130
9500.0000000000 0.5197310823 1.0623118778
9600.0000000000 0.5191778815 1.0580883374
9700.0000000000 0.5187634103 1.0546795701
9800.0000000000 0.5214334110 1.0599990239
9900.0000000000 0.5184960636 1.0530820427
10000.0000000000 0.5205992481 1.0530539832
10100.0000000000 0.5178443224 1.0487140983
10200.0000000000 0.5174926210 1.0468122966
10300.0000000000 0.5181321078 1.0454978875
10400.0000000000 0.5174417051 1.0471845015
10500.0000000000 0.5173099859 1.0447060856
10600.0000000000 0.5169392784 1.0424294937
10700.0000000000 0.5145914767 1.0462947729
10800.0000000000 0.5164069932 1.0433682147
10900.0000000000 0.5167689893 1.0404854023
11000.0000000000 0.5162781880 1.0384715923
11100.0000000000 0.5176290163 1.0530215256
11200.0000000000 0.5164576858 1.0427358054
11300.0000000000 0.5159417281 1.0390093603
11400.0000000000 0.5155231915 1.0358574294
11500.0000000000 0.5159233671 1.0324465705
11600.0000000000 0.5150296529 1.0302941127
11700.0000000000 0.5166775967 1.0366417839
11800.0000000000 0.5149809691 1.0325565188
11900.0000000000 0.5151073170 1.0346255822
12000.0000000000 0.5149426707 1.0309741570
12100.0000000000 0.5254685041 1.0533122158
12200.0000000000 0.5143574683 1.0271583272
12300.0000000000 0.5157421570 1.0270668789
12400.0000000000 0.5138171550 1.0269311517
12500.0000000000 0.5128085657 1.0235131308
12600.0000000000 0.5140163230 1.0259524844
12700.0000000000 0.5119417109 1.0237763337
12800.0000000000 0.5131571385 1.0278341248
12900.0000000000 0.5138788478 1.0289623625
13000.0000000000 0.5139684126 1.0342692360
13100.0000000000 0.5132607975 1.0261297412
13200.0000000000 0.5154390942 1.0316281244
13300.0000000000 0.5129489883 1.0242073981
13400.0000000000 0.5121737011 1.0253542101
13500.0000000000 0.5135923136 1.0312423593
13600.0000000000 0.5130853325 1.0265442169
13700.0000000000 0.5135892558 1.0284894182
13800.0000000000 0.5124643755 1.0266033447
13900.0000000000 0.5115292409 1.0238667967
14000.0000000000 0.5130302902 1.0256013161
14100.0000000000 0.5126249242 1.0237972958
14200.0000000000 0.5102995668 1.0188372356
14300.0000000000 0.5125584919 1.0239274797
14400.0000000000 0.5167066223 1.0356169209
14500.0000000000 0.5117287459 1.0227794346
14600.0000000000 0.5114508980 1.0248150617
14700.0000000000 0.5069234852 1.0164642126
14800.0000000000 0.5122093179 1.0274941676
14900.0000000000 0.5116300194 1.0186688357
15000.0000000000 0.5124891985 1.0315162406
15100.0000000000 0.5120622016 1.0228407976
15200.0000000000 0.5118459548 1.0221765941
15300.0000000000 0.5120139893 1.0184789427
15400.0000000000 0.5161781098 1.0350110388
15500.0000000000 0.5122945760 1.0210528380
15600.0000000000 0.5109247453 1.0303337878
15700.0000000000 0.5115306602 1.0164639148
15800.0000000000 0.5139359381 1.0199257468
15900.0000000000 0.5109900364 1.0163881797
16000.0000000000 0.5125391281 1.0232704288
16100.0000000000 0.5093488328 1.0177742547
16200.0000000000 0.5107772720 1.0144182002
16300.0000000000 0.5112212396 1.0291080183
16400.0000000000 0.5107719921 1.0172687824
16500.0000000000 0.5114141010 1.0231209850
16600.0000000000 0.5117468183 1.0215666747
16700.0000000000 0.5112878708 1.0164462420
16800.0000000000 0.5115648975 1.0192813668
16900.0000000000 0.5160861715 1.0276361114
17000.0000000000 0.5102741943 1.0200410950
17100.0000000000 0.5142676499 1.0323184896
17200.0000000000 0.5113637532 1.0207268073
17300.0000000000 0.5119103744 1.0202941689
17400.0000000000 0.5115173860 1.0210959557
17500.0000000000 0.5108591405 1.0190168786
17600.0000000000 0.5104114394 1.0222668219
17700.0000000000 0.5109572555 1.0228864457
17800.0000000000 0.5111248629 1.0226261075
17900.0000000000 0.5113760985 1.0237576048
18000.0000000000 0.5100818435 1.0209451149
18100.0000000000 0.5101892462 1.0203647743
18200.0000000000 0.5268916137 1.0589493167
18300.0000000000 0.5197096820 1.0314102000
18400.0000000000 0.5157133497 1.0257773236
18500.0000000000 0.5144313823 1.0255157768
18600.0000000000 0.5138983132 1.0245825618
18700.0000000000 0.5135852783 1.0234134588
18800.0000000000 0.5133544899 1.0230998135
18900.0000000000 0.5131609968 1.0228243879
19000.0000000000 0.5130179399 1.0206400137
19100.0000000000 0.5127344342 1.0209645237
19200.0000000000 0.5125806126 1.0206880923
19300.0000000000 0.5127156906 1.0217438619
19400.0000000000 0.5112658903 1.0188747066
19500.0000000000 0.5119766815 1.0222720689
19600.0000000000 0.5122512298 1.0213865879
19700.0000000000 0.5121021692 1.0198723085
19800.0000000000 0.5136384062 1.0219291493
19900.0000000000 0.5121137300 1.0210105486
20000.0000000000 0.5137015936 1.0211014158
20100.0000000000 0.5117241851 1.0204695917
20200.0000000000 0.5117239438 1.0203161749
20300.0000000000 0.5127751673 1.0252948932
20400.0000000000 0.5118244493 1.0206864669
20500.0000000000 0.5116894776 1.0206567764
20600.0000000000 0.5115530138 1.0210684321
20700.0000000000 0.5157061990 1.0338689692
20800.0000000000 0.5119648102 1.0221052549
20900.0000000000 0.5112198076 1.0209152184
21000.0000000000 0.5129179894 1.0285038135
21100.0000000000 0.5108536484 1.0204221092
21200.0000000000 0.5111457754 1.0229863215
21300.0000000000 0.5098763724 1.0205275088
21400.0000000000 0.5113014706 1.0264434747
21500.0000000000 0.5105758683 1.0229384943
21600.0000000000 0.5113801664 1.0225848004
21700.0000000000 0.5112926417 1.0253181800
21800.0000000000 0.5115908137 1.0197342548
21900.0000000000 0.5113280777 1.0220895677
22000.0000000000 0.5109112733 1.0233180474
22100.0000000000 0.5112662184 1.0233738653
22200.0000000000 0.5094693924 1.0208449762
22300.0000000000 0.5110819683 1.0225137423
22400.0000000000 0.5115960338 1.0235111310
22500.0000000000 0.5110252257 1.0242213576
22600.0000000000 0.5114180585 1.0255537412
22700.0000000000 0.5115925073 1.0292079642
22800.0000000000 0.5114015894 1.0293921984
22900.0000000000 0.5102984692 1.0279878049
23000.0000000000 0.5093312996 1.0243223242
23100.0000000000 0.5095288913 1.0209610953
23200.0000000000 0.5110180130 1.0262550942
23300.0000000000 0.5087177173 1.0229443151
23400.0000000000 0.5106085581 1.0287777490
23500.0000000000 0.5106595770 1.0273113928
23600.0000000000 0.5106177841 1.0277496769
23700.0000000000 0.5139800254 1.0365958157
23800.0000000000 0.5117245412 1.0369428936
23900.0000000000 0.5108319845 1.0323868039
24000.0000000000 0.8023331492 1.0618108487
24100.0000000000 0.6465644819 1.1041494694
24200.0000000000 0.5508786608 1.1026911137
24300.0000000000 0.5322330853 1.0785017310
24400.0000000000 0.5264929932 1.0752188189
24500.0000000000 0.5233894315 1.0725834890
24600.0000000000 0.5211853663 1.0711271145
24700.0000000000 0.5205731350 1.0686613300
24800.0000000000 0.5190585366 1.0677682289
24900.0000000000 0.5179750336 1.0666306370
25000.0000000000 0.5181166724 1.0640041881
25100.0000000000 0.5168918104 1.0641880014
25200.0000000000 0.5161377705 1.0632526704
25300.0000000000 0.5155328545 1.0618801989
25400.0000000000 0.5150393359 1.0603119337
25500.0000000000 0.5148304677 1.0577871927
25600.0000000000 0.5146717758 1.0577343755
25700.0000000000 0.5142769596 1.0566419714
25800.0000000000 0.5137154628 1.0547048055
25900.0000000000 0.5144685632 1.0542667077
26000.0000000000 0.5138571131 1.0533622258
26100.0000000000 0.5157862630 1.0517536715
26200.0000000000 0.5136816890 1.0521341727
26300.0000000000 0.5146131328 1.0521199535
26400.0000000000 0.5133327308 1.0501889825
26500.0000000000 0.5145888169 1.0533562877
26600.0000000000 0.5132156224 1.0492182166
26700.0000000000 0.5119238450 1.0436321550
26800.0000000000 0.5129510572 1.0489773917
26900.0000000000 0.5125695884 1.0487023908
27000.0000000000 0.5110662070 1.0452008526
27100.0000000000 0.5128135906 1.0475305039
27200.0000000000 0.5126756523 1.0489298160
27300.0000000000 0.5124065315 1.0486547667
27400.0000000000 0.5092803426 1.0458309296
27500.0000000000 0.5116195411 1.0478372555
27600.0000000000 0.5121887364 1.0475869197
27700.0000000000 0.5121870164 1.0493459906
27800.0000000000 0.5122724108 1.0480842161
27900.0000000000 0.5133876444 1.0499263424
28000.0000000000 0.5125078985 1.0493922028
28100.0000000000 0.5116584771 1.0493554379
28200.0000000000 0.5129881750 1.0481454599
28300.0000000000 0.5116265477 1.0468445401
28400.0000000000 0.5101507785 1.0464839730
28500.0000000000 0.5123942957 1.0501039083
28600.0000000000 0.5122530840 1.0495685245
28700.0000000000 0.5153532693 1.0539583880
28800.0000000000 0.5127538642 1.0478238519
28900.0000000000 0.5088306166 1.0476566608
29000.0000000000 0.5118658956 1.0506084840
29100.0000000000 0.5118460273 1.0492104831
29200.0000000000 0.5118633523 1.0500549766
29300.0000000000 0.5117482063 1.0509285349
29400.0000000000 0.5116730735 1.0486325416
29500.0000000000 0.5119853217 1.0508865359
29600.0000000000 0.5094371977 1.0466251577
29700.0000000000 0.5121852667 1.0511190090
29800.0000000000 0.5117468876 1.0509302373
29900.0000000000 0.5120311784 1.0522357839
30000.0000000000 0.5115571068 1.0510811004
30100.0000000000 0.5118105239 1.0522281508
30200.0000000000 0.5116955666 1.0525646004
30300.0000000000 0.5121680238 1.0534376259
30400.0000000000 0.5113484937 1.0508574079
30500.0000000000 0.5141305892 1.0503089185
30600.0000000000 0.5118851925 1.0535086896
30700.0000000000 0.5132327520 1.0563339311
30800.0000000000 0.5120549312 1.0536432470
30900.0000000000 0.5124387064 1.0531534496
31000.0000000000 0.5111266467 1.0526910591
31100.0000000000 0.5112823026 1.0538882557
31200.0000000000 0.5116648751 1.0529777575
31300.0000000000 0.5111238633 1.0537888426
31400.0000000000 0.5117924783 1.0538857485
31500.0000000000 0.5108139223 1.0531672853
31600.0000000000 0.5100232994 1.0529090817
31700.0000000000 0.5099859399 1.0570869166
31800.0000000000 0.5111844155 1.0533164199
31900.0000000000 0.5110526033 1.0529417898
32000.0000000000 0.5113030684 1.0547678265
32100.0000000000 0.5113143708 1.0571084338
32200.0000000000 0.5109484086 1.0548564325
32300.0000000000 0.5107548899 1.0535143259
32400.0000000000 0.5111703950 1.0578904021
32500.0000000000 0.5106904268 1.0580010283
32600.0000000000 0.5123810807 1.0608300734
32700.0000000000 0.5115617362 1.0568297896
32800.0000000000 0.5105128392 1.0594777259
32900.0000000000 0.5107785824 1.0609718579
33000.0000000000 0.5109277185 1.0614120457
33100.0000000000 0.5109344475 1.0628450307
33200.0000000000 0.5093197302 1.0540115255
33300.0000000000 0.5082228366 1.0548816602
33400.0000000000 0.5108587196 1.0634288582
33500.0000000000 0.5126080946 1.0683698672
33600.0000000000 0.5110685910 1.0640388000
33700.0000000000 0.5108388593 1.0676142815
33800.0000000000 0.5107528572 1.0646707434
33900.0000000000 0.5104704115 1.0647457781
34000.0000000000 0.5107468771 1.0689767990
34100.0000000000 0.5113934834 1.0711575690
34200.0000000000 0.5110335791 1.0695634949
34300.0000000000 0.5109846844 1.0711565483
34400.0000000000 0.5109850362 1.0737057793
34500.0000000000 0.5108890512 1.0718965846
34600.0000000000 0.5108412139 1.0695813316
34700.0000000000 0.5104978354 1.0704070273
34800.0000000000 0.5101082042 1.0744257364
34900.0000000000 0.5099376947 1.0694386157
35000.0000000000 0.5096924376 1.0734957400
35100.0000000000 0.5107778109 1.0772561970
35200.0000000000 0.5107123694 1.0775628927
35300.0000000000 0.5105545605 1.0779472086
35400.0000000000 0.5106547546 1.0783549267
35500.0000000000 0.5098907784 1.0748341698
35600.0000000000 0.5099863420 1.0793362054
35700.0000000000 0.5104963420 1.0796133745
35800.0000000000 0.5140132127 1.0913820955
35900.0000000000 0.5105332878 1.0822446066
36000.0000000000 0.5103910173 1.0813103336
36100.0000000000 0.5104848777 1.0822687316
36200.0000000000 0.5106155010 1.0828284937
36300.0000000000 0.5105387730 1.0838643554
36400.0000000000 0.5109713784 1.0853418428
36500.0000000000 0.5098745957 1.0827373731
36600.0000000000 0.5109974925 1.0857549179
36700.0000000000 0.5110115057 1.0856113377
36800.0000000000 0.5124408842 1.0923729706
36900.0000000000 0.5110997902 1.0937880147
37000.0000000000 0.5091336982 1.0926104578
37100.0000000000 0.5108826835 1.0897173080
37200.0000000000 0.5107857709 1.0924141723
37300.0000000000 0.5136955465 1.0970175955
37400.0000000000 0.5124284085 1.0967376623
37500.0000000000 0.5099494005 1.0926770437
37600.0000000000 0.5097921304 1.0897859353
37700.0000000000 0.5104675714 1.0943282116
37800.0000000000 0.5102377584 1.0930688176
37900.0000000000 0.5106824139 1.0932906660
38000.0000000000 0.5100048831 1.0969072226
38100.0000000000 0.5105921207 1.0947655830
38200.0000000000 0.5104222210 1.0981390494
38300.0000000000 0.5089560763 1.0898273978
38400.0000000000 0.5112278338 1.0999739486
38500.0000000000 0.5114290650 1.0963219348
38600.0000000000 0.5095432082 1.1008781585
38700.0000000000 0.5116763592 1.1073172632
38800.0000000000 0.5101318863 1.1000038925
38900.0000000000 0.5108402560 1.1025191042
39000.0000000000 0.5108509633 1.1019078213
39100.0000000000 0.5107010111 1.1022939774
39200.0000000000 0.5106338288 1.1033009234
39300.0000000000 0.5108842621 1.1018233392
39400.0000000000 0.5109315401 1.1017285156
39500.0000000000 0.5101430770 1.1020250711
39600.0000000000 0.5116902960 1.1065164003
39700.0000000000 0.5104098475 1.1016003209
39800.0000000000 0.5108062063 1.1059245858
39900.0000000000 0.5096374393 1.1037382129
40000.0000000000 0.5112355952 1.1058976668
40100.0000000000 0.5108108546 1.1054785568
40200.0000000000 0.5113894046 1.1056401673
40300.0000000000 0.5110510200 1.1071909908
40400.0000000000 0.5107666240 1.1060692537
40500.0000000000 0.5110444729 1.1071834582
40600.0000000000 0.5096842736 1.1022997740
40700.0000000000 0.5126441589 1.1105084959
40800.0000000000 0.5107171872 1.1073829103
40900.0000000000 0.5109875895 1.1107771862
41000.0000000000 0.5106766486 1.1105267945
41100.0000000000 0.5115428391 1.1151948068
41200.0000000000 0.5109846296 1.1111802775
41300.0000000000 0.5112270818 1.1126309875
41400.0000000000 0.5102280545 1.1069196337
41500.0000000000 0.5111105293 1.1132197323
41600.0000000000 0.5110710045 1.1151543799
41700.0000000000 0.5116073475 1.1208574864
41800.0000000000 0.5112311638 1.1167553309
41900.0000000000 0.5118909241 1.1178115699
42000.0000000000 0.5105757035 1.1139041581
42100.0000000000 0.5113723086 1.1183890942
42200.0000000000 0.5112919128 1.1188982520
42300.0000000000 0.5126731786 1.1239689681
42400.0000000000 0.5109518120 1.1196650657
42500.0000000000 0.5115584331 1.1229009125
42600.0000000000 0.5105634976 1.1183333638
42700.0000000000 0.5119665772 1.1225274005
42800.0000000000 0.5118024997 1.1228840295
42900.0000000000 0.5117267542 1.1238360050
43000.0000000000 0.5109006668 1.1281687859
43100.0000000000 0.5118968327 1.1249251016
43200.0000000000 0.5121000063 1.1264251116
43300.0000000000 0.5121013198 1.1323629263
43400.0000000000 0.5124575870 1.1271956824
43500.0000000000 0.5119365700 1.1272354814
43600.0000000000 0.5118263000 1.1314906143
43700.0000000000 0.5117670134 1.1329758875
43800.0000000000 0.5120389296 1.1368241869
43900.0000000000 0.5119804424 1.1398044490
44000.0000000000 0.5120357552 1.1447888725
44100.0000000000 0.5115960700 1.1462413930
44200.0000000000 0.5118246293 1.1463163160
44300.0000000000 0.5114746299 1.1510022842
44400.0000000000 0.5110219515 1.1512973123
44500.0000000000 0.5119041746 1.1546742879
44600.0000000000 0.5109313940 1.1591813080
44700.0000000000 0.5109764714 1.1655347161
44800.0000000000 0.5118998283 1.1684686803
44900.0000000000 0.5127690911 1.1719094031
45000.0000000000 0.5124536915 1.1740780287
45100.0000000000 0.5124478380 1.1779476218
45200.0000000000 0.5125137845 1.1819312834
45300.0000000000 0.5126084830 1.1855484806
45400.0000000000 0.5122833548 1.1885734164
45500.0000000000 0.5132976004 1.1941449158
45600.0000000000 0.5128100929 1.1963801794
45700.0000000000 0.5129807581 1.1988694929
45800.0000000000 0.5128163475 1.2009402477
45900.0000000000 0.5131090678 1.1998904311
46000.0000000000 0.5125614550 1.2074108087
46100.0000000000 0.5134304507 1.2101875507
46200.0000000000 0.5138764755 1.2157432549
46300.0000000000 0.5130754846 1.2178853266
46400.0000000000 0.5133798648 1.2209295743
46500.0000000000 0.5128341865 1.2232218199
46600.0000000000 0.5130389905 1.2257681154
46700.0000000000 0.5127729594 1.2280311250
46800.0000000000 0.5135239991 1.2342780345
46900.0000000000 0.5135803293 1.2367926203
47000.0000000000 0.5126379971 1.2395219319
47100.0000000000 0.5146422764 1.2440416478
47200.0000000000 0.5145195683 1.2456391715
47300.0000000000 0.5135474123 1.2488355302
47400.0000000000 0.5137659197 1.2508018278
47500.0000000000 0.5141588049 1.2543459796
47600.0000000000 0.5140430524 1.2584666871
47700.0000000000 0.5137048189 1.2595445477
47800.0000000000 0.5141061954 1.2615531646
47900.0000000000 0.5135918200 1.2664014064
48000.0000000000 0.5136297328 1.2693358921
48100.0000000000 0.5120612586 1.2694746815
48200.0000000000 0.5150752369 1.2799779438
48300.0000000000 0.5144405063 1.2774673961
48400.0000000000 0.5137087399 1.2785061859
48500.0000000000 0.5144814017 1.2811255418
48600.0000000000 0.5143570833 1.2859672569
48700.0000000000 0.5137746493 1.2879248225
48800.0000000000 0.5139347213 1.2896987759
48900.0000000000 0.5137230221 1.2936054729
49000.0000000000 0.5145620311 1.2968031131
49100.0000000000 0.5148116787 1.3007430993
49200.0000000000 0.5141212269 1.2989511751
49300.0000000000 0.5145314108 1.3019976877
49400.0000000000 0.5146973488 1.3044757210
49500.0000000000 0.5143699413 1.3091550134
49600.0000000000 0.5145406426 1.3104212247
49700.0000000000 0.5135262038 1.3113985025
49800.0000000000 0.5146303575 1.3135782741
49900.0000000000 0.5141894766 1.3129137718
50000.0000000000 0.5140911397 1.3157778643
50100.0000000000 0.5145902747 1.3197010123
50200.0000000000 0.5145689815 1.3215388023
50300.0000000000 0.5145386487 1.3226341270
50400.0000000000 0.5151268456 1.3242787384
50500.0000000000 0.5143694629 1.3264481686
50600.0000000000 0.5130985424 1.3266169392
50700.0000000000 0.5147668466 1.3285299801
50800.0000000000 0.5147968658 1.3310004138
50900.0000000000 0.5157795877 1.3309162520
51000.0000000000 0.5143283265 1.3324181401
51100.0000000000 0.5147309876 1.3342583739
51200.0000000000 0.5147031339 1.3358552288
51300.0000000000 0.5145834033 1.3369414937
51400.0000000000 0.5146736715 1.3400012981
51500.0000000000 0.5138461844 1.3408753704
51600.0000000000 0.5145546574 1.3465332519
51700.0000000000 0.5143279766 1.3490668070
51800.0000000000 0.5148069421 1.3542747926
51900.0000000000 0.5142335933 1.3525286745
52000.0000000000 0.5140986454 1.3547562789
52100.0000000000 0.5138289155 1.3504407536
52200.0000000000 0.5156563833 1.3653055262
52300.0000000000 0.5138732676 1.3621717822
52400.0000000000 0.5147007329 1.3645151388
52500.0000000000 0.5146746342 1.3688119780
52600.0000000000 0.5140530186 1.3679950964
52700.0000000000 0.5146436767 1.3672434818
52800.0000000000 0.5138719725 1.3710697424
52900.0000000000 0.5140719919 1.3736452889
53000.0000000000 0.5153712963 1.3794884812
53100.0000000000 0.5150074015 1.3788650762
53200.0000000000 0.5141093621 1.3934562792
53300.0000000000 0.5141148936 1.4118228544
53400.0000000000 0.5133186035 1.4257440259
53500.0000000000 0.5144667303 1.4432871331
53600.0000000000 0.5137851474 1.4489940395
53700.0000000000 0.5133017221 1.4596440186
53800.0000000000 0.5130293465 1.4629245986
53900.0000000000 0.5123724273 1.4780309786
54000.0000000000 0.5139699952 1.4859269251
54100.0000000000 0.5134975856 1.4955298294
54200.0000000000 0.5119070522 1.5052576651
54300.0000000000 0.5115256230 1.5106583227
54400.0000000000 0.5111379737 1.5189332952
54500.0000000000 0.5109332589 1.5272923698
54600.0000000000 0.5091472759 1.5311163058
54700.0000000000 0.5087850376 1.5400526513
54800.0000000000 0.5077919507 1.5492475619
54900.0000000000 0.5061339255 1.5548830022
55000.0000000000 0.5047283340 1.5654284348
55100.0000000000 0.5010011905 1.5703995218
55200.0000000000 0.4988587716 1.5727981319
55300.0000000000 0.4970971984 1.5784535994
55400.0000000000 0.4963334410 1.5837476243
55500.0000000000 0.4944449082 1.5845056762
55600.0000000000 0.4943248961 1.5946908583
55700.0000000000 0.4931962986 1.5987318148
55800.0000000000 0.4926220110 1.6055662622
55900.0000000000 0.4917277925 1.6084798564
56000.0000000000 0.4907921580 1.6167427291
56100.0000000000 0.4891224059 1.6185217490
56200.0000000000 0.4887256789 1.6245316257
56300.0000000000 0.4899424632 1.6315377940
56400.0000000000 0.4882423730 1.6373417367
56500.0000000000 0.4877748148 1.6435941448
56600.0000000000 0.4874243107 1.6486384858
56700.0000000000 0.4867517164 1.6560347666
56800.0000000000 0.4859605902 1.6606295099
56900.0000000000 0.4847762461 1.6612668623
57000.0000000000 0.4853122931 1.6702793230
57100.0000000000 0.4846237813 1.6773623218
57200.0000000000 0.4836318850 1.6820036759
57300.0000000000 0.4829326724 1.6869732727
57400.0000000000 0.4821944003 1.6909666647
57500.0000000000 0.4813874812 1.6955023994
57600.0000000000 0.4790055503 1.6986230602
57700.0000000000 0.4790998557 1.7060296525
57800.0000000000 0.4768855384 1.7084158053
57900.0000000000 0.4743445038 1.7082437863
58000.0000000000 0.4733389797 1.7145175924
58100.0000000000 0.4716528488 1.7159881582
58200.0000000000 0.4684073813 1.7163069834
58300.0000000000 0.4691836001 1.7221443047
58400.0000000000 0.4681835282 1.7241785516
58500.0000000000 0.4673276851 1.7281425585
58600.0000000000 0.4665267568 1.7297587384
58700.0000000000 0.4656532674 1.7364408960
58800.0000000000 0.4662986417 1.7407774915
58900.0000000000 0.4652005561 1.7430273880
59000.0000000000 0.4661853226 1.7476212372
59100.0000000000 0.4649225119 1.7519612302
59200.0000000000 0.4650534471 1.7569392313
59300.0000000000 0.4653645681 1.7629819502
59400.0000000000 0.4660181555 1.7658082237
59500.0000000000 0.4644633063 1.7707840790
59600.0000000000 0.4649114278 1.7779375901
59700.0000000000 0.4657225093 1.7791352858
59800.0000000000 0.4649210000 1.7853013267
59900.0000000000 0.4654676408 1.7911597480
60000.0000000000 0.4652746566 1.7966006388
60100.0000000000 0.4657666677 1.8011780371
60200.0000000000 0.4658917395 1.8064085831
60300.0000000000 0.4644551512 1.8090314855
60400.0000000000 0.4653750996 1.8183460225
60500.0000000000 0.4669338955 1.8216043104
60600.0000000000 0.4660993613 1.8266173591
60700.0000000000 0.4674631447 1.8331072916
60800.0000000000 0.4671110977 1.8367104520
60900.0000000000 0.4670675139 1.8410679092
61000.0000000000 0.4679500745 1.8466963758
61100.0000000000 0.4679433323 1.8510875096
61200.0000000000 0.4682569585 1.8540738811
61300.0000000000 0.4686870036 1.8587481369
61400.0000000000 0.4681709756 1.8612451543
61500.0000000000 0.4684467291 1.8639021506
61600.0000000000 0.4687728996 1.8667079200
61700.0000000000 0.4686565528 1.8681180467
61800.0000000000 0.4688185575 1.8713006963
61900.0000000000 0.4693361216 1.8740066876
62000.0000000000 0.4694635741 1.8758963336
62100.0000000000 0.4698091285 1.8784468760
62200.0000000000 0.4699776065 1.8797934045
62300.0000000000 0.4698314254 1.8810145249
62400.0000000000 0.4708894250 1.8846585144
62500.0000000000 0.4706290703 1.8850335469
62600.0000000000 0.4704499802 1.8852514018
62700.0000000000 0.4704979163 1.8869656910
62800.0000000000 0.4700102236 1.8881732215
62900.0000000000 0.4709921410 1.8891408433
63000.0000000000 0.4712019865 1.8908296217
63100.0000000000 0.4704764184 1.8915553083
63200.0000000000 0.4712208662 1.8929389109
63300.0000000000 0.4709647943 1.8941286792
63400.0000000000 0.4701024002 1.8954564919
63500.0000000000 0.4713871498 1.8960996260
63600.0000000000 0.4711947119 1.8970549096
63700.0000000000 0.4714295312 1.8981839408
63800.0000000000 0.4717177812 1.8989134421
63900.0000000000 0.4727465619 1.9009295096
64000.0000000000 0.4716986612 1.9003260721
64100.0000000000 0.4714706565 1.9003128399
64200.0000000000 0.4723959134 1.9019464244
64300.0000000000 0.4716158675 1.9004925479
64400.0000000000 0.4703358958 1.8988697519
64500.0000000000 0.4723410299 1.9035837640
64600.0000000000 0.4724241018 1.9043477167
64700.0000000000 0.4732383382 1.9063135375
64800.0000000000 0.4722888690 1.9042466869
64900.0000000000 0.4729002374 1.9060136070
65000.0000000000 0.4726661502 1.9061154713
65100.0000000000 0.4728980158 1.9067456712
65200.0000000000 0.4730160592 1.9072181572
65300.0000000000 0.4728930137 1.9075503339
65400.0000000000 0.4724427010 1.9072057595
65500.0000000000 0.4728192901 1.9080139388
65600.0000000000 0.4739677540 1.9096286883
65700.0000000000 0.4731488861 1.9105737795
65800.0000000000 0.4739103439 1.9098131050
65900.0000000000 0.4733189185 1.9101176252
66000.0000000000 0.4738519290 1.9101573219
66100.0000000000 0.4739734407 1.9095522155
66200.0000000000 0.4734858202 1.9099140753
66300.0000000000 0.4736846941 1.9108414044
66400.0000000000 0.4742561480 1.9124031057
66500.0000000000 0.4731448513 1.9091401686
66600.0000000000 0.4742647297 1.9130206098
66700.0000000000 0.4735644127 1.9110568752
66800.0000000000 0.4739884979 1.9123226990
66900.0000000000 0.4743105079 1.9123908271
67000.0000000000 0.4741426879 1.9131913175
67100.0000000000 0.4733173785 1.9111591567
67200.0000000000 0.4745817260 1.9123450507
67300.0000000000 0.4738691419 1.9138271798
67400.0000000000 0.4740165236 1.9167547812
67500.0000000000 0.4740766118 1.9135625948
67600.0000000000 0.4735567051 1.9123035063
67700.0000000000 0.4738720895 1.9130182852
67800.0000000000 0.4739942785 1.9146742214
67900.0000000000 0.4738770519 1.9156921496
68000.0000000000 0.4742129972 1.9145018448
68100.0000000000 0.4742683189 1.9145603766
68200.0000000000 0.4736361505 1.9145609726
68300.0000000000 0.4742806732 1.9147629728
68400.0000000000 0.4744299872 1.9153494229
68500.0000000000 0.4744856261 1.9163525690
68600.0000000000 0.4745721052 1.9155266275
68700.0000000000 0.4745342440 1.9156959643
68800.0000000000 0.4747848732 1.9158656587
68900.0000000000 0.4746467255 1.9159298529
69000.0000000000 0.4742980039 1.9156362404
69100.0000000000 0.4742628593 1.9158554067
69200.0000000000 0.4747975108 1.9151956429
69300.0000000000 0.4744947786 1.9160504927
69400.0000000000 0.4752160050 1.9173414101
69500.0000000000 0.4746368290 1.9163216938
69600.0000000000 0.4746594298 1.9162643542
69700.0000000000 0.4742975346 1.9156481017
69800.0000000000 0.4743935682 1.9157546748
69900.0000000000 0.4752236028 1.9152954807
70000.0000000000 0.4747228290 1.9169431915
70100.0000000000 0.4747516881 1.9171598543
70200.0000000000 0.4748192553 1.9172726263
70300.0000000000 0.4748200366 1.9169808020
70400.0000000000 0.4743602057 1.9167767157
70500.0000000000 0.4746027982 1.9167367806
70600.0000000000 0.4745443179 1.9163545956
70700.0000000000 0.4750102794 1.9177171578
70800.0000000000 0.4749910710 1.9178531160
70900.0000000000 0.4758255763 1.9193880548
71000.0000000000 0.4740124535 1.9182515730
71100.0000000000 0.4747786034 1.9181876172
71200.0000000000 0.4750349034 1.9175180187
71300.0000000000 0.4750124401 1.9171165218
71400.0000000000 0.4754322107 1.9197607030
71500.0000000000 0.4742459622 1.9184328307
71600.0000000000 0.4748989176 1.9183105220
71700.0000000000 0.4750517932 1.9187228669
71800.0000000000 0.4757022073 1.9189894785
71900.0000000000 0.4752889711 1.9183206548
72000.0000000000 0.4751967960 1.9185927500
72100.0000000000 0.4751530678 1.9189159860
72200.0000000000 0.4752416072 1.9190154661
72300.0000000000 0.4752880460 1.9185490002
72400.0000000000 0.4752357258 1.9189124693
72500.0000000000 0.4756573630 1.9198805084
72600.0000000000 0.4758598420 1.9190820445
72700.0000000000 0.4755522097 1.9198005785
72800.0000000000 0.4750387536 1.9192233075
72900.0000000000 0.4753569201 1.9193427552
73000.0000000000 0.4752006907 1.9190003862
73100.0000000000 0.4750564571 1.9192960252
73200.0000000000 0.4758534150 1.9209192981
73300.0000000000 0.4751970453 1.9196537127
73400.0000000000 0.4753390160 1.9194210161
73500.0000000000 0.4752898838 1.9181792130
73600.0000000000 0.4747579259 1.9193164696
73700.0000000000 0.4742742732 1.9177015414
73800.0000000000 0.4756383852 1.9194461097
73900.0000000000 0.4755983794 1.9216901650
74000.0000000000 0.4759084393 1.9211078276
74100.0000000000 0.4750092542 1.9188111414
74200.0000000000 0.4762523834 1.9210379113
74300.0000000000 0.4761194267 1.9200148572
74400.0000000000 0.4757876067 1.9215903868
74500.0000000000 0.4758552220 1.9211245169
74600.0000000000 0.4758383885 1.9206864228
74700.0000000000 0.4753033371 1.9205186357
74800.0000000000 0.4763313297 1.9207027544
74900.0000000000 0.4755457155 1.9212492098
75000.0000000000 0.4756831569 1.9203138341
75100.0000000000 0.4756640374 1.9208378186
75200.0000000000 0.4757271379 1.9209007611
75300.0000000000 0.4756239983 1.9200553884
75400.0000000000 0.4757174301 1.9211843600
75500.0000000000 0.4764811533 1.9219488491
75600.0000000000 0.4758616877 1.9210379113
75700.0000000000 0.4759640445 1.9216282357
75800.0000000000 0.4758675016 1.9212146987
75900.0000000000 0.4765407775 1.9217175831
76000.0000000000 0.4756190823 1.9202847471
76100.0000000000 0.4760938272 1.9226316203
76200.0000000000 0.4749166426 1.9208278646
76300.0000000000 0.4758571038 1.9216052284
76400.0000000000 0.4760472458 1.9218953242
76500.0000000000 0.4758586227 1.9215391268
76600.0000000000 0.4765377971 1.9231957783
76700.0000000000 0.4763202140 1.9217911352
76800.0000000000 0.4760591283 1.9220742573
76900.0000000000 0.4758712822 1.9213233580
77000.0000000000 0.4759932544 1.9216096987
77100.0000000000 0.4757708468 1.9207677235
77200.0000000000 0.4753737398 1.9214153876
77300.0000000000 0.4756863012 1.9223642935
77400.0000000000 0.4762499762 1.9213879098
77500.0000000000 0.4767620269 1.9232957949
77600.0000000000 0.4761025286 1.9222775687
77700.0000000000 0.4761069954 1.9213914265
77800.0000000000 0.4759544912 1.9213152518
77900.0000000000 0.4761704709 1.9222074141
78000.0000000000 0.4766062252 1.9228088846
78100.0000000000 0.4758567330 1.9215378155
78200.0000000000 0.4761438054 1.9224596609
78300.0000000000 0.4762795851 1.9226622571
78400.0000000000 0.4760503287 1.9217851748
78500.0000000000 0.4760750586 1.9217940559
78600.0000000000 0.4764049922 1.9223701944
78700.0000000000 0.4754296906 1.9216507663
78800.0000000000 0.4764162648 1.9225615253
78900.0000000000 0.4763337544 1.9226185669
79000.0000000000 0.4761678282 1.9219238748
79100.0000000000 0.4763537407 1.9227032651
79200.0000000000 0.4764324419 1.9237357964
79300.0000000000 0.4763588085 1.9226244678
79400.0000000000 0.4765754197 1.9230004539
79500.0000000000 0.4763128301 1.9220380773
79600.0000000000 0.4765080762 1.9239835729
79700.0000000000 0.4763636067 1.9231362929
79800.0000000000 0.4761437281 1.9230650057
79900.0000000000 0.4762455391 1.9214881648
80000.0000000000 0.4759846000 1.9208989133
80100.0000000000 0.4764754271 1.9230075468
80200.0000000000 0.4765306871 1.9230530848
80300.0000000000 0.4766535912 1.9232583036
80400.0000000000 0.4766785514 1.9229582538
80500.0000000000 0.4765546992 1.9248257269
80600.0000000000 0.4767998943 1.9236869206
80700.0000000000 0.4773424844 1.9243082394
80800.0000000000 0.4765160097 1.9233179678
80900.0000000000 0.4766178494 1.9230508198
81000.0000000000 0.4760944834 1.9230005731
81100.0000000000 0.4767186018 1.9237037291
81200.0000000000 0.4768772898 1.9228134145
81300.0000000000 0.4767242549 1.9227060665
81400.0000000000 0.4762532693 1.9225375046
81500.0000000000 0.4769642207 1.9229304780
81600.0000000000 0.4765454644 1.9231263985
81700.0000000000 0.4770324159 1.9240425219
81800.0000000000 0.4767822661 1.9235898842
81900.0000000000 0.4767543524 1.9219382395
82000.0000000000 0.4768217560 1.9239000072
82100.0000000000 0.4765371293 1.9229726185
82200.0000000000 0.4769563252 1.9237664928
82300.0000000000 0.4767463180 1.9241999378
82400.0000000000 0.4768110450 1.9239525785
82500.0000000000 0.4768435523 1.9231224646
82600.0000000000 0.4773564045 1.9258974184
82700.0000000000 0.4757951208 1.9232411970
82800.0000000000 0.4768070056 1.9228236665
82900.0000000000 0.4769605561 1.9235732545
83000.0000000000 0.4771796927 1.9244089116
83100.0000000000 0.4767414121 1.9236419191
83200.0000000000 0.4770577922 1.9249829044
83300.0000000000 0.4770988164 1.9239627113
83400.0000000000 0.4770628748 1.9239608635
83500.0000000000 0.4771724770 1.9246067395
83600.0000000000 0.4769789372 1.9239853610
83700.0000000000 0.4771803657 1.9240042557
83800.0000000000 0.4769654829 1.9238940467
83900.0000000000 0.4768767456 1.9233446707
84000.0000000000 0.4772019805 1.9243108024
84100.0000000000 0.4773647417 1.9233204712
84200.0000000000 0.4773362668 1.9250762452
84300.0000000000 0.4774034741 1.9250767817
84400.0000000000 0.4772548949 1.9249654998
84500.0000000000 0.4775129368 1.9247437705
84600.0000000000 0.4774604964 1.9241492142
84700.0000000000 0.4770257099 1.9233402004
84800.0000000000 0.4772234884 1.9249296774
84900.0000000000 0.4771814365 1.9245890369
85000.0000000000 0.4771699743 1.9245860566
85100.0000000000 0.4773533622 1.9245663871
85200.0000000000 0.4774019047 1.9245983352
85300.0000000000 0.4772903276 1.9245874872
85400.0000000000 0.4771862419 1.9243900170
85500.0000000000 0.4773972870 1.9245241274
85600.0000000000 0.4771320982 1.9241637577
85700.0000000000 0.4772332491 1.9244868745
85800.0000000000 0.4773624863 1.9247136106
85900.0000000000 0.4774216182 1.9248790731
86000.0000000000 0.4771059960 1.9248290648
86100.0000000000 0.4775214473 1.9238250245
86200.0000000000 0.4773721789 1.9262900342
86300.0000000000 0.4780056044 1.9254905571
86400.0000000000 0.4774316220 1.9244441380
86500.0000000000 0.4778548826 1.9255499830
86600.0000000000 0.4773655404 1.9250619997
86700.0000000000 0.4771072172 1.9226718535
86800.0000000000 0.4777045816 1.9246551384
86900.0000000000 0.4778203343 1.9242104282
87000.0000000000 0.4776903651 1.9249894609
87100.0000000000 0.4776550016 1.9249055971
87200.0000000000 0.4776975481 1.9250474562
87300.0000000000 0.4780021737 1.9254260649
87400.0000000000 0.4774837555 1.9242123951
87500.0000000000 0.4776787782 1.9242821326
87600.0000000000 0.4778311834 1.9252961864
87700.0000000000 0.4784731131 1.9266876568
87800.0000000000 0.4776826907 1.9254333963
87900.0000000000 0.4778138762 1.9247199883
88000.0000000000 0.4778716033 1.9251731028
88100.0000000000 0.4778306127 1.9253436913
88200.0000000000 0.4777831535 1.9241894473
88300.0000000000 0.4780195221 1.9255153527
88400.0000000000 0.4780175795 1.9256040444
88500.0000000000 0.4777294179 1.9255151142
88600.0000000000 0.4777577219 1.9252654304
88700.0000000000 0.4777455472 1.9249097695
88800.0000000000 0.4780568680 1.9260429134
88900.0000000000 0.4781069332 1.9255098094
89000.0000000000 0.4780028521 1.9258956899
89100.0000000000 0.4777075374 1.9249997725
89200.0000000000 0.4779654413 1.9264081110
89300.0000000000 0.4782369700 1.9259819974
89400.0000000000 0.4780536457 1.9249844541
89500.0000000000 0.4779171107 1.9250296344
89600.0000000000 0.4777852897 1.9263706197
89700.0000000000 0.4784056429 1.9255597581
89800.0000000000 0.4785572126 1.9254781594
89900.0000000000 0.4781920388 1.9259499897
90000.0000000000 0.4774809209 1.9250907888
90100.0000000000 0.4781970414 1.9257035245
90200.0000000000 0.4782391575 1.9257369627
90300.0000000000 0.4782802388 1.9257118692
90400.0000000000 0.4783351712 1.9259207238
90500.0000000000 0.4778303538 1.9248673310
90600.0000000000 0.4784324114 1.9258140911
90700.0000000000 0.4783199923 1.9259384264
90800.0000000000 0.4785850496 1.9249643077
90900.0000000000 0.4783136852 1.9257500161
91000.0000000000 0.4787008397 1.9256306280
91100.0000000000 0.4781653571 1.9252016534
91200.0000000000 0.4788916126 1.9266613712
91300.0000000000 0.4782860151 1.9257965674
91400.0000000000 0.4783704355 1.9259406914
91500.0000000000 0.4786257703 1.9255411615
91600.0000000000 0.4784643675 1.9262820472
91700.0000000000 0.4781520446 1.9260248532
91800.0000000000 0.4791316132 1.9273108234
91900.0000000000 0.4784498696 1.9260253896
92000.0000000000 0.4784678862 1.9263979782
92100.0000000000 0.4784781141 1.9271687259
92200.0000000000 0.4788733750 1.9257582416
92300.0000000000 0.4784919737 1.9262520661
92400.0000000000 0.4785521472 1.9260205616
92500.0000000000 0.4785666579 1.9261910309
92600.0000000000 0.4782797341 1.9261230220
92700.0000000000 0.4786028525 1.9272112240
92800.0000000000 0.4786716932 1.9267737855
92900.0000000000 0.4786466435 1.9258017530
93000.0000000000 0.4785708922 1.9261232008
93100.0000000000 0.4787464775 1.9265516390
93200.0000000000 0.4783211007 1.9250654568
93300.0000000000 0.4788746424 1.9266419997
93400.0000000000 0.4784521426 1.9253950705
93500.0000000000 0.4785574192 1.9255185117
93600.0000000000 0.4788010516 1.9261258234
93700.0000000000 0.4787863772 1.9261744012
93800.0000000000 0.4786884639 1.9262037267
93900.0000000000 0.4786558582 1.9269742359
94000.0000000000 0.4788538602 1.9266260256
94100.0000000000 0.4787234060 1.9265744080
94200.0000000000 0.4787161316 1.9269047965
94300.0000000000 0.4787422298 1.9261320819
94400.0000000000 0.4788989962 1.9268640270
94500.0000000000 0.4788852912 1.9268379201
94600.0000000000 0.4789223920 1.9267325391
94700.0000000000 0.4790505899 1.9263631095
94800.0000000000 0.4789661084 1.9274573316
94900.0000000000 0.4787865969 1.9266707291
95000.0000000000 0.4788202101 1.9265133132
95100.0000000000 0.4788726796 1.9265511026
95200.0000000000 0.4789152109 1.9265696396
95300.0000000000 0.4789130233 1.9263987531
95400.0000000000 0.4789749297 1.9266495098
95500.0000000000 0.4790152407 1.9265841235
95600.0000000000 0.4789987885 1.9267535199
95700.0000000000 0.4788387487 1.9264383902
95800.0000000000 0.4790254946 1.9267236580
95900.0000000000 0.4790371493 1.9262028326
96000.0000000000 0.4790171817 1.9266594638
96100.0000000000 0.4791732791 1.9271025647
96200.0000000000 0.4790624520 1.9262797226
96300.0000000000 0.4790597277 1.9263496985
96400.0000000000 0.4792986210 1.9267503013
96500.0000000000 0.4791183295 1.9269516458
96600.0000000000 0.4792253554 1.9269986738
96700.0000000000 0.4791276326 1.9266998758
96800.0000000000 0.4793960526 1.9268388142
96900.0000000000 0.4792752654 1.9268292774
97000.0000000000 0.4787554969 1.9252786030
97100.0000000000 0.4793588219 1.9269126643
97200.0000000000 0.4793098607 1.9280342449
97300.0000000000 0.4791619550 1.9262198200
97400.0000000000 0.4792948532 1.9270673980
97500.0000000000 0.4792883901 1.9267454137
97600.0000000000 0.4795862284 1.9273757328
97700.0000000000 0.4796143005 1.9270048727
97800.0000000000 0.4793549442 1.9274173369
97900.0000000000 0.4798744473 1.9268711795
98000.0000000000 0.4793667375 1.9270759215
98100.0000000000 0.4792608087 1.9262828221
98200.0000000000 0.4796800622 1.9268987765
98300.0000000000 0.4792781607 1.9269253601
98400.0000000000 0.4793908851 1.9275624146
98500.0000000000 0.4797519110 1.9281592359
98600.0000000000 0.4792770259 1.9264661063
98700.0000000000 0.4793645716 1.9273830642
98800.0000000000 0.4793602883 1.9271515002
98900.0000000000 0.4791919315 1.9268588413
99000.0000000000 0.4795511775 1.9273842563
99100.0000000000 0.4794565002 1.9275273074
99200.0000000000 0.4794047087 1.9278823127
99300.0000000000 0.4794630514 1.9266466488
99400.0000000000 0.4793173675 1.9275246252
99500.0000000000 0.4795621551 1.9274901737
99600.0000000000 0.4794550119 1.9271333207
99700.0000000000 0.4794175900 1.9270285358
99800.0000000000 0.4794480675 1.9268351783
99900.0000000000 0.4797060252 1.9276717891
100000.0000000000 0.4795717237 1.9272274961
100100.0000000000 0.4795410548 1.9271828522
100200.0000000000 0.4795669020 1.9271961440
100300.0000000000 0.4795607835 1.9271168699
100400.0000000000 0.4790661765 1.9261195649
100500.0000000000 0.4796752228 1.9270789613
100600.0000000000 0.4797081268 1.9277417053
100700.0000000000 0.4796706475 1.9271091809
100800.0000000000 0.4795519519 1.9274774780
100900.0000000000 0.4799555624 1.9271136512
101000.0000000000 0.4795979751 1.9269654741
101100.0000000000 0.4796253168 1.9274991740
101200.0000000000 0.4795758308 1.9268687357
101300.0000000000 0.4798043888 1.9270616760
101400.0000000000 0.4796882741 1.9270636429
101500.0000000000 0.4796954394 1.9274905910
101600.0000000000 0.4797381792 1.9278128137
101700.0000000000 0.4796181086 1.9271854748
101800.0000000000 0.4797966230 1.9274195422
101900.0000000000 0.4799200931 1.9276526560
102000.0000000000 0.4796094282 1.9266060581
102100.0000000000 0.4797585472 1.9270373573
102200.0000000000 0.4792376142 1.9257404794
102300.0000000000 0.4796464062 1.9274359335
102400.0000000000 0.4796692921 1.9275532951
102500.0000000000 0.4797151163 1.9269219031
102600.0000000000 0.4795433700 1.9267304529
102700.0000000000 0.4798317026 1.9277495136
102800.0000000000 0.4797241764 1.9273973693
102900.0000000000 0.4798725164 1.9275993099
103000.0000000000 0.4799741325 1.9275466790
103100.0000000000 0.4797002372 1.9272736301
103200.0000000000 0.4799190300 1.9275349368
103300.0000000000 0.4796895061 1.9271996011
103400.0000000000 0.4799426505 1.9280510535
103500.0000000000 0.4798892686 1.9275125851
103600.0000000000 0.4796689755 1.9273235788
103700.0000000000 0.4802372805 1.9286804189
103800.0000000000 0.4798894474 1.9278957238
103900.0000000000 0.4801592309 1.9278866638
104000.0000000000 0.4801876112 1.9272410263
104100.0000000000 0.4796968880 1.9280119528
104200.0000000000 0.4800399069 1.9293485870
104300.0000000000 0.4800330716 1.9276602258
104400.0000000000 0.4804709846 1.9284616102
104500.0000000000 0.4801928541 1.9280539741
104600.0000000000 0.4800703558 1.9278159727
104700.0000000000 0.4801958552 1.9279138436
104800.0000000000 0.4799323413 1.9274170985
104900.0000000000 0.4796583137 1.9272835244
105000.0000000000 0.4799175315 1.9284195294
105100.0000000000 0.4799573503 1.9276363243
105200.0000000000 0.4799793886 1.9276484241
105300.0000000000 0.4799114417 1.9277327647
105400.0000000000 0.4799827843 1.9275243272
105500.0000000000 0.4800600287 1.9276754250
105600.0000000000 0.4801269307 1.9282435765
105700.0000000000 0.4803558834 1.9272316088
105800.0000000000 0.4799286802 1.9274940480
105900.0000000000 0.4798766606 1.9274687757
106000.0000000000 0.4796165913 1.9267221083
106100.0000000000 0.4799768541 1.9277136316
106200.0000000000 0.4801099358 1.9276241650
106300.0000000000 0.4800938738 1.9279012670
106400.0000000000 0.4801637167 1.9282307615
106500.0000000000 0.4802141808 1.9278930415
106600.0000000000 0.4801541838 1.9280660142
106700.0000000000 0.4801019986 1.9277997007
106800.0000000000 0.4801033928 1.9276823987
106900.0000000000 0.4799724419 1.9265062799
107000.0000000000 0.4803073976 1.9282636632
107100.0000000000 0.4800448052 1.9275842895
107200.0000000000 0.4795185244 1.9271387448
107300.0000000000 0.4802348277 1.9280493845
107400.0000000000 0.4802456086 1.9283328046
107500.0000000000 0.4801166645 1.9278447022
107600.0000000000 0.4798582437 1.9264491190
107700.0000000000 0.4805639418 1.9282043566
107800.0000000000 0.4799598102 1.9272522320
107900.0000000000 0.4803248210 1.9279660572
108000.0000000000 0.4803214972 1.9282973398
108100.0000000000 0.4799390123 1.9275201549
108200.0000000000 0.4803519653 1.9287156452
108300.0000000000 0.4802778352 1.9275425066
108400.0000000000 0.4804698522 1.9287768592
108500.0000000000 0.4800974188 1.9277799119
108600.0000000000 0.4801202595 1.9277127375
108700.0000000000 0.4805072390 1.9281147708
108800.0000000000 0.4801640774 1.9276688685
108900.0000000000 0.4801131965 1.9276715507
109000.0000000000 0.4799324746 1.9270055284
109100.0000000000 0.4800883205 1.9278076281
109200.0000000000 0.4802661094 1.9276147475
109300.0000000000 0.4799164956 1.9279075255
109400.0000000000 0.4802367100 1.9279935946
109500.0000000000 0.4799662571 1.9278557886
109600.0000000000 0.4801253231 1.9278799285
109700.0000000000 0.4801421597 1.9283595671
109800.0000000000 0.4802960786 1.9277598848
109900.0000000000 0.4801136976 1.9278036346
110000.0000000000 0.4801831696 1.9278247346
110100.0000000000 0.4802674082 1.9279916276
110200.0000000000 0.4802844771 1.9279992570
110300.0000000000 0.4802799163 1.9279694547
110400.0000000000 0.4803187593 1.9280638088
110500.0000000000 0.4801895306 1.9268237938
110600.0000000000 0.4801275088 1.9277214398
110700.0000000000 0.4805342045 1.9278594245
110800.0000000000 0.4802886486 1.9282765378
110900.0000000000 0.4806645507 1.9290790548
111000.0000000000 0.4802118644 1.9280201782
111100.0000000000 0.4801220312 1.9276590933
111200.0000000000 0.4805352930 1.9280269732
111300.0000000000 0.4803032297 1.9278311123
111400.0000000000 0.4803780605 1.9280803789
111500.0000000000 0.4805126569 1.9288176288
111600.0000000000 0.4802342020 1.9278901209
111700.0000000000 0.4804434122 1.9284051050
111800.0000000000 0.4804205269 1.9278329601
111900.0000000000 0.4802763201 1.9276467551
112000.0000000000 0.4804500007 1.9284099330
112100.0000000000 0.4803045121 1.9277620305
112200.0000000000 0.4802476563 1.9282204499
112300.0000000000 0.4804020565 1.9283794750
112400.0000000000 0.4806408053 1.9283329238
112500.0000000000 0.4805371949 1.9282147278
112600.0000000000 0.4802503715 1.9281384935
112700.0000000000 0.4802707097 1.9277450432
112800.0000000000 0.4800847755 1.9274318208
112900.0000000000 0.4801884369 1.9284666766
113000.0000000000 0.4805770287 1.9283766736
113100.0000000000 0.4805075958 1.9288744320
113200.0000000000 0.4802910711 1.9280987968
113300.0000000000 0.4804603931 1.9279065718
113400.0000000000 0.4803374072 1.9283379902
113500.0000000000 0.4806688894 1.9282049526
113600.0000000000 0.4804533669 1.9281263937
113700.0000000000 0.4804195260 1.9283802499
113800.0000000000 0.4803461620 1.9277458777
113900.0000000000 0.4804597395 1.9281370034
114000.0000000000 0.4804935144 1.9283143868
114100.0000000000 0.4806768594 1.9287955155
114200.0000000000 0.4804838103 1.9282449474
114300.0000000000 0.4807843994 1.9289425601
114400.0000000000 0.4804419114 1.9282119860
114500.0000000000 0.4805243677 1.9290488352
114600.0000000000 0.4805721015 1.9278125157
114700.0000000000 0.4805193790 1.9281112541
114800.0000000000 0.4804151080 1.9284977307
114900.0000000000 0.4803970178 1.9289913763
115000.0000000000 0.4804560071 1.9285959591
115100.0000000000 0.4804799632 1.9282737960
115200.0000000000 0.4804925125 1.9282807102
115300.0000000000 0.4803969279 1.9282121052
115400.0000000000 0.4805239150 1.9283095588
115500.0000000000 0.4806413369 1.9293668856
115600.0000000000 0.4804601446 1.9282478084
115700.0000000000 0.4804683724 1.9280490865
115800.0000000000 0.4807002694 1.9285028567
115900.0000000000 0.4806809016 1.9286659946
116000.0000000000 0.4806757453 1.9282973995
116100.0000000000 0.4805209175 1.9283587922
116200.0000000000 0.4804881353 1.9282621135
116300.0000000000 0.4803537068 1.9276148667
116400.0000000000 0.4804023662 1.9277889718
116500.0000000000 0.4805040060 1.9282401194
116600.0000000000 0.4804500319 1.9280596365
116700.0000000000 0.4802260255 1.9270088662
116800.0000000000 0.4804167020 1.9285526861
116900.0000000000 0.4803977086 1.9283315529
117000.0000000000 0.4805853960 1.9284612526
117100.0000000000 0.4804454626 1.9277742495
117200.0000000000 0.4806267653 1.9284370531
117300.0000000000 0.4806440772 1.9282695641
117400.0000000000 0.4806453795 1.9286111583
117500.0000000000 0.4805772001 1.9283450832
117600.0000000000 0.4806583673 1.9284028401
117700.0000000000 0.4803904922 1.9284654249
117800.0000000000 0.4805249090 1.9280864586
117900.0000000000 0.4804629168 1.9287760247
118000.0000000000 0.4805628109 1.9282037009
118100.0000000000 0.4801991133 1.9281961312
118200.0000000000 0.4804906311 1.9282972802
118300.0000000000 0.4806266564 1.9279932966
118400.0000000000 0.4804703092 1.9285479774
118500.0000000000 0.4804799090 1.9283031811
118600.0000000000 0.4807013899 1.9283532490
118700.0000000000 0.4805277808 1.9283800115
118800.0000000000 0.4805905499 1.9283363809
118900.0000000000 0.4803704503 1.9285237779
119000.0000000000 0.4804555687 1.9280461659
119100.0000000000 0.4805164752 1.9282172312
119200.0000000000 0.4807223053 1.9286724319
119300.0000000000 0.4805151858 1.9292760481
119400.0000000000 0.4804224103 1.9284325232
119500.0000000000 0.4807451622 1.9284739484
119600.0000000000 0.4807843953 1.9288826575
119700.0000000000 0.4805050990 1.9283959259
119800.0000000000 0.4806167748 1.9285744418
119900.0000000000 0.4806444303 1.9286175956
120000.0000000000 0.4805649703 1.9282637228
120100.0000000000 0.4806018108 1.9284999956
120200.0000000000 0.4806104409 1.9285064925
120300.0000000000 0.4805479214 1.9282677163
120400.0000000000 0.4806708364 1.9285558452
120500.0000000000 0.4805250867 1.9287189235
120600.0000000000 0.4804444909 1.9284194102
120700.0000000000 0.4807650907 1.9282641401
120800.0000000000 0.4806606824 1.9283276786
120900.0000000000 0.4806888381 1.9287015189
121000.0000000000 0.4807141056 1.9287425269
121100.0000000000 0.4805793446 1.9286053767
121200.0000000000 0.4805443443 1.9285441627
121300.0000000000 0.4808129337 1.9292469610
121400.0000000000 0.4809094777 1.9288433184
121500.0000000000 0.4804341032 1.9287299504
121600.0000000000 0.4807239027 1.9288311590
121700.0000000000 0.4803562342 1.9280893792
121800.0000000000 0.4806652515 1.9283503284
121900.0000000000 0.4806274180 1.9283957471
122000.0000000000 0.4806923277 1.9289268841
122100.0000000000 0.4805241541 1.9284878363
122200.0000000000 0.4805116330 1.9287098636
122300.0000000000 0.4804136508 1.9283740510
122400.0000000000 0.4808026819 1.9287763228
122500.0000000000 0.4804411148 1.9284920086
122600.0000000000 0.4806056158 1.9285664548
122700.0000000000 0.4806343425 1.9283151020
122800.0000000000 0.4808915075 1.9286933531
122900.0000000000 0.4808851515 1.9290941347
123000.0000000000 0.4807038120 1.9287389507
123100.0000000000 0.4806177825 1.9288149466
123200.0000000000 0.4806297461 1.9288026084
123300.0000000000 0.4806446900 1.9285721173
123400.0000000000 0.4806869500 1.9287765612
123500.0000000000 0.4806577188 1.9285846938
123600.0000000000 0.4807285772 1.9292230000
123700.0000000000 0.4806802414 1.9287205924
123800.0000000000 0.4806082853 1.9287250628
123900.0000000000 0.4803137742 1.9282340993
124000.0000000000 0.4806128788 1.9285086979
124100.0000000000 0.4804863978 1.9284589280
124200.0000000000 0.4805925543 1.9285992374
124300.0000000000 0.4805621255 1.9283332814
124400.0000000000 0.4806421721 1.9283590903
124500.0000000000 0.4807657251 1.9284993996
124600.0000000000 0.4806690606 1.9286309470
124700.0000000000 0.4807713377 1.9288366427
124800.0000000000 0.4807006460 1.9290671338
124900.0000000000 0.4807135597 1.9287696471
125000.0000000000 0.4807706100 1.9289134135
125100.0000000000 0.4806574730 1.9286949624
125200.0000000000 0.4806625640 1.9286971678
125300.0000000000 0.4806547552 1.9287044396
125400.0000000000 0.4807493792 1.9287862767
125500.0000000000 0.4807119692 1.9282262315
125600.0000000000 0.4804598221 1.9285639514
125700.0000000000 0.4806833090 1.9288491596
125800.0000000000 0.4809044031 1.9285758724
125900.0000000000 0.4805791939 1.9291304936
126000.0000000000 0.4804184418 1.9283372154
126100.0000000000 0.4807800256 1.9294792403
126200.0000000000 0.4806756503 1.9288795580
126300.0000000000 0.4806098309 1.9291735281
126400.0000000000 0.4805355630 1.9285957207
126500.0000000000 0.4807293483 1.9288685312
126600.0000000000 0.4807407934 1.9286569943
126700.0000000000 0.4806269365 1.9289308776
126800.0000000000 0.4808165904 1.9290686240
126900.0000000000 0.4805566671 1.9286441197
127000.0000000000 0.4806305978 1.9288117279
127100.0000000000 0.4807647142 1.9287542094
127200.0000000000 0.4806927218 1.9289454211
127300.0000000000 0.4808226833 1.9288791408
127400.0000000000 0.4807020695 1.9292881479
127500.0000000000 0.4806953043 1.9289429178
127600.0000000000 0.4806949262 1.9289731373
127700.0000000000 0.4806222744 1.9283035387
127800.0000000000 0.4806237260 1.9286432852
127900.0000000000 0.4806879753 1.9287888397
128000.0000000000 0.4804399762 1.9285244335
128100.0000000000 0.4806778566 1.9287057509
128200.0000000000 0.4806838547 1.9288259138
128300.0000000000 0.4806047428 1.9285697331
128400.0000000000 0.4805917752 1.9285201420
128500.0000000000 0.4806913655 1.9290130724
128600.0000000000 0.4806218194 1.9283348908
128700.0000000000 0.4806602866 1.9288617958
128800.0000000000 0.4807125506 1.9288462986
128900.0000000000 0.4808009479 1.9289095392
129000.0000000000 0.4805211269 1.9286595573
129100.0000000000 0.4806968308 1.9282586564
129200.0000000000 0.4807511294 1.9286851277
129300.0000000000 0.4805936853 1.9285081019
129400.0000000000 0.4807928503 1.9291007509
129500.0000000000 0.4807816249 1.9288073172
129600.0000000000 0.4806033953 1.9283196320
129700.0000000000 0.4809095353 1.9291090955
129800.0000000000 0.4805040339 1.9284781803
129900.0000000000 0.4808506096 1.9291444411
130000.0000000000 0.4806996619 1.9286825051
130100.0000000000 0.4806816624 1.9288553585
130200.0000000000 0.4806854027 1.9288581599
130300.0000000000 0.4806047805 1.9285693754
130400.0000000000 0.4806128337 1.9290049066
130500.0000000000 0.4806944553 1.9288985123
130600.0000000000 0.4808811360 1.9292289008
130700.0000000000 0.4807598855 1.9288469543
130800.0000000000 0.4806871218 1.9289634218
130900.0000000000 0.4806538850 1.9287483682
131000.0000000000 0.4806600009 1.9291305532
131100.0000000000 0.4803503805 1.9278845777
131200.0000000000 0.4806163065 1.9285578717
131300.0000000000 0.4807224750 1.9289755811
131400.0000000000 0.4806064108 1.9284114231
131500.0000000000 0.4806577236 1.9288974394
131600.0000000000 0.4807164521 1.9289437522
131700.0000000000 0.4807163550 1.9290716042
131800.0000000000 0.4807368573 1.9288843860
131900.0000000000 0.4804439856 1.9288265695
132000.0000000000 0.4806226626 1.9287887205
132100.0000000000 0.4805720876 1.9287171950
132200.0000000000 0.4806231185 1.9286846508
132300.0000000000 0.4805785243 1.9283928861
132400.0000000000 0.4806216234 1.9287747134
132500.0000000000 0.4806775162 1.9292710413
132600.0000000000 0.4808690837 1.9292805185
132700.0000000000 0.4807279817 1.9288320531
132800.0000000000 0.4805844570 1.9288894524
132900.0000000000 0.4806133037 1.9288815250
133000.0000000000 0.4810308433 1.9293721308
133100.0000000000 0.4807032190 1.9290361990
133200.0000000000 0.4806627066 1.9290497889
133300.0000000000 0.4808622360 1.9291951050
133400.0000000000 0.4806989504 1.9289982905
133500.0000000000 0.4806761967 1.9290230860
133600.0000000000 0.4808291294 1.9297736277
133700.0000000000 0.4808414018 1.9290158738
133800.0000000000 0.4807161746 1.9290615310
133900.0000000000 0.4806513610 1.9290589084
134000.0000000000 0.4807717452 1.9292694916
134100.0000000000 0.4807664696 1.9288994660
134200.0000000000 0.4807558838 1.9291124334
134300.0000000000 0.4805594143 1.9284105291
134400.0000000000 0.4806934607 1.9289605607
134500.0000000000 0.4808255488 1.9291470041
134600.0000000000 0.4807113677 1.9284560074
134700.0000000000 0.4807091073 1.9290550341
134800.0000000000 0.4810442605 1.9291229238
134900.0000000000 0.4806471826 1.9287375798
135000.0000000000 0.4807734887 1.9291595210
135100.0000000000 0.4806944228 1.9289931645
135200.0000000000 0.4806985605 1.9289975752
135300.0000000000 0.4806515059 1.9289927472
135400.0000000000 0.4807130058 1.9291497459
135500.0000000000 0.4805970474 1.9288055290
135600.0000000000 0.4808971033 1.9292545904
135700.0000000000 0.4806020705 1.9287724485
135800.0000000000 0.4806408375 1.9288904061
135900.0000000000 0.4807916248 1.9288972010
136000.0000000000 0.4805853137 1.9287567128
136100.0000000000 0.4805628526 1.9289556731
136200.0000000000 0.4806684507 1.9290445437
136300.0000000000 0.4806239358 1.9290747036
136400.0000000000 0.4806727308 1.9289024462
136500.0000000000 0.4806864817 1.9288067211
136600.0000000000 0.4805911871 1.9285359372
136700.0000000000 0.4806793322 1.9289593090
136800.0000000000 0.4806673931 1.9290605773
136900.0000000000 0.4807175064 1.9290280332
137000.0000000000 0.4807166806 1.9290208806
137100.0000000000 0.4807618368 1.9291831841
137200.0000000000 0.4808647268 1.9292109002
137300.0000000000 0.4807087967 1.9288070192
137400.0000000000 0.4807257028 1.9291173209
137500.0000000000 0.4806174643 1.9286882867
137600.0000000000 0.4807337086 1.9289891710
137700.0000000000 0.4807455289 1.9292060723
137800.0000000000 0.4806863270 1.9286918034
137900.0000000000 0.4807151171 1.9291862239
138000.0000000000 0.4806919621 1.9291315665
138100.0000000000 0.4807117836 1.9290505041
138200.0000000000 0.4807499054 1.9291941513
138300.0000000000 0.4807591673 1.9291762699
138400.0000000000 0.4806290677 1.9290086021
138500.0000000000 0.4807319079 1.9295553555
138600.0000000000 0.4807182335 1.9295306196
138700.0000000000 0.4807595131 1.9291416992
138800.0000000000 0.4806427075 1.9288226356
138900.0000000000 0.4806599199 1.9289490570
139000.0000000000 0.4807682455 1.9290987839
139100.0000000000 0.4806900688 1.9294345965
139200.0000000000 0.4806702596 1.9290505637
139300.0000000000 0.4807126304 1.9288436760
139400.0000000000 0.4806523633 1.9291275729
139500.0000000000 0.4806247972 1.9292337884
139600.0000000000 0.4807509376 1.9290858497
139700.0000000000 0.4806154361 1.9288644780
139800.0000000000 0.4807490741 1.9295763959
139900.0000000000 0.4807467881 1.9294188608
140000.0000000000 0.4807652813 1.9291025390
140100.0000000000 0.4807170990 1.9291163673
140200.0000000000 0.4807206508 1.9291199435
140300.0000000000 0.4807069498 1.9290642132
140400.0000000000 0.4807346165 1.9291802634
140500.0000000000 0.4806910609 1.9292919029
140600.0000000000 0.4807093545 1.9291830649
140700.0000000000 0.4807201996 1.9290864457
140800.0000000000 0.4807153770 1.9288904657
140900.0000000000 0.4806132671 1.9291902174
141000.0000000000 0.4808578304 1.9294263710
141100.0000000000 0.4808327492 1.9292612662
141200.0000000000 0.4807471328 1.9291549911
141300.0000000000 0.4806993416 1.9289254536
141400.0000000000 0.4806639234 1.9291715016
141500.0000000000 0.4807248462 1.9291539778
141600.0000000000 0.4805543722 1.9291339506
141700.0000000000 0.4808225727 1.9291037907
141800.0000000000 0.4808116770 1.9292125096
141900.0000000000 0.4806707732 1.9291052212
142000.0000000000 0.4807134925 1.9290847172
142100.0000000000 0.4806906183 1.9289989461
142200.0000000000 0.4807110225 1.9291798462
142300.0000000000 0.4807552768 1.9290531267
142400.0000000000 0.4807279858 1.9288848032
142500.0000000000 0.4808381804 1.9295181622
142600.0000000000 0.4807905765 1.9295052280
142700.0000000000 0.4807391677 1.9294269671
142800.0000000000 0.4807472916 1.9293490042
142900.0000000000 0.4808767951 1.9294563522
143000.0000000000 0.4807934865 1.9292967309
143100.0000000000 0.4807655088 1.9294475903
143200.0000000000 0.4806677272 1.9293806543
143300.0000000000 0.4807836616 1.9293516864
143400.0000000000 0.4807081386 1.9290696372
143500.0000000000 0.4807620075 1.9294430007
143600.0000000000 0.4807441215 1.9292028536
143700.0000000000 0.4807313733 1.9295376529
143800.0000000000 0.4807279004 1.9292604913
143900.0000000000 0.4807453027 1.9291877140
144000.0000000000 0.4806084858 1.9290639152
144100.0000000000 0.4807353506 1.9291433682
144200.0000000000 0.4805816257 1.9288955917
144300.0000000000 0.4806916326 1.9292497029
144400.0000000000 0.4807095166 1.9288821210
144500.0000000000 0.4807923335 1.9292369475
144600.0000000000 0.4807693325 1.9292653193
144700.0000000000 0.4809439069 1.9294701208
144800.0000000000 0.4807254407 1.9290910353
144900.0000000000 0.4808225967 1.9290680875
145000.0000000000 0.4806991117 1.9292555441
145100.0000000000 0.4807568996 1.9292270531
145200.0000000000 0.4807591406 1.9292291393
145300.0000000000 0.4807501068 1.9292275299
145400.0000000000 0.4806966312 1.9290678491
145500.0000000000 0.4807564461 1.9292469014
145600.0000000000 0.4810345097 1.9293898334
145700.0000000000 0.4808604730 1.9294095029
145800.0000000000 0.4806483531 1.9291900982
145900.0000000000 0.4808327819 1.9294338216
146000.0000000000 0.4809191860 1.9300487627
146100.0000000000 0.4807229905 1.9292339672
146200.0000000000 0.4807952839 1.9294023504
146300.0000000000 0.4806769182 1.9291518320
146400.0000000000 0.4807357491 1.9291859855
146500.0000000000 0.4807515544 1.9290295233
146600.0000000000 0.4807660701 1.9292915453
146700.0000000000 0.4809532570 1.9296624054
146800.0000000000 0.4808462645 1.9291242351
146900.0000000000 0.4807528655 1.9294677963
147000.0000000000 0.4807023404 1.9293323149
147100.0000000000 0.4808039317 1.9292495837
147200.0000000000 0.4808085496 1.9291426529
147300.0000000000 0.4808040696 1.9292448749
147400.0000000000 0.4808373681 1.9293734421
147500.0000000000 0.4807744716 1.9292826642
147600.0000000000 0.4808041468 1.9294026484
147700.0000000000 0.4807098640 1.9291602363
147800.0000000000 0.4807847496 1.9294477691
147900.0000000000 0.4807971954 1.9293411960
148000.0000000000 0.4807323191 1.9292608489
148100.0000000000 0.4807730310 1.9290848364
148200.0000000000 0.4807850297 1.9293194999
148300.0000000000 0.4808120262 1.9293518652
148400.0000000000 0.4807278337 1.9292367090
148500.0000000000 0.4807960735 1.9293601503
148600.0000000000 0.4808044187 1.9292529215
148700.0000000000 0.4807464801 1.9293641438
148800.0000000000 0.4806354693 1.9287157645
148900.0000000000 0.4807909504 1.9294670810
149000.0000000000 0.4808333196 1.9293398251
149100.0000000000 0.4806927930 1.9291991581
149200.0000000000 0.4807766176 1.9293025126
149300.0000000000 0.4807851244 1.9293486466
149400.0000000000 0.4805851118 1.9290509810
149500.0000000000 0.4808322012 1.9293763031
149600.0000000000 0.4808056963 1.9294284572
149700.0000000000 0.4807080541 1.9292759289
149800.0000000000 0.4807563694 1.9292584647
149900.0000000000 0.4808951410 1.9294106354
150000.0000000000 0.4807570668 1.9292651405
150100.0000000000 0.4808033151 1.9293264736
150200.0000000000 0.4808061876 1.9293294539
150300.0000000000 0.4807703583 1.9292955388
150400.0000000000 0.4807982337 1.9296378483
150500.0000000000 0.4807373776 1.9297030558
150600.0000000000 0.4808812492 1.9294792403
150700.0000000000 0.4808615607 1.9291799654
150800.0000000000 0.4807690066 1.9290902008
150900.0000000000 0.4808365508 1.9293357124
151000.0000000000 0.4809020136 1.9293014397
151100.0000000000 0.4807638150 1.9291636934
151200.0000000000 0.4808180034 1.9293858399
151300.0000000000 0.4808303604 1.9294036021
151400.0000000000 0.4808028714 1.9292843332
151500.0000000000 0.4808101684 1.9293639054
151600.0000000000 0.4806783417 1.9289717068
151700.0000000000 0.4807819826 1.9288083305
151800.0000000000 0.4807233566 1.9292486300
151900.0000000000 0.4808568285 1.9293529381
152000.0000000000 0.4807609260 1.9292948236
152100.0000000000 0.4809709094 1.9294584979
152200.0000000000 0.4808364054 1.9293323745
152300.0000000000 0.4809140486 1.9295496334
152400.0000000000 0.4807179813 1.9292399873
152500.0000000000 0.4808622293 1.9293694486
152600.0000000000 0.4808135286 1.9293951978
152700.0000000000 0.4808446751 1.9291417588
152800.0000000000 0.4808626428 1.9296742071
152900.0000000000 0.4808418693 1.9292837371
153000.0000000000 0.4809487298 1.9294351329
153100.0000000000 0.4808695851 1.9293526997
153200.0000000000 0.4808404044 1.9292259206
153300.0000000000 0.4808188341 1.9294314374
153400.0000000000 0.4809048431 1.9294877638
153500.0000000000 0.4808423559 1.9294970025
153600.0000000000 0.4808229085 1.9293081154
153700.0000000000 0.4808757107 1.9294396033
153800.0000000000 0.4809080803 1.9295489182
153900.0000000000 0.4808802637 1.9294189801
154000.0000000000 0.4808496738 1.9293396463
154100.0000000000 0.4810351979 1.9295716275
154200.0000000000 0.4808290907 1.9294849624
154300.0000000000 0.4808709125 1.9293943633
154400.0000000000 0.4807340705 1.9291104664
154500.0000000000 0.4808710842 1.9293541898
154600.0000000000 0.4808124778 1.9293384542
154700.0000000000 0.4808365551 1.9293411364
154800.0000000000 0.4808392104 1.9293512096
154900.0000000000 0.4808662119 1.9296553721
155000.0000000000 0.4808130025 1.9292616238
155100.0000000000 0.4808615890 1.9294202914
155200.0000000000 0.4808642896 1.9294214238
155300.0000000000 0.4807523282 1.9293880452
155400.0000000000 0.4808675520 1.9293949594
155500.0000000000 0.4809356784 1.9297100295
155600.0000000000 0.4808577488 1.9292647828
155700.0000000000 0.4808639129 1.9292993535
155800.0000000000 0.4807282768 1.9292425503
155900.0000000000 0.4808585926 1.9295276989
156000.0000000000 0.4807901162 1.9292288412
156100.0000000000 0.4809502676 1.9297149767
156200.0000000000 0.4809835514 1.9296370734
156300.0000000000 0.4809092986 1.9296532859
156400.0000000000 0.4808624977 1.9294508685
156500.0000000000 0.4808659107 1.9293720116
156600.0000000000 0.4808943870 1.9292840351
156700.0000000000 0.4809429906 1.9296026220
156800.0000000000 0.4807684001 1.9292249073
156900.0000000000 0.4807989375 1.9292634715
157000.0000000000 0.4808831065 1.9294598688
157100.0000000000 0.4809159646 1.9294511666
157200.0000000000 0.4806442209 1.9287723293
157300.0000000000 0.4808400817 1.9294719686
157400.0000000000 0.4809060137 1.9294624318
157500.0000000000 0.4808921260 1.9292030920
157600.0000000000 0.4808920617 1.9294653525
157700.0000000000 0.4808640126 1.9294565906
157800.0000000000 0.4808726495 1.9294430603
157900.0000000000 0.4809270695 1.9295078506
158000.0000000000 0.4809393431 1.9297208776
158100.0000000000 0.4809988365 1.9295578589
158200.0000000000 0.4809675431 1.9295312156
158300.0000000000 0.4809143397 1.9294579615
158400.0000000000 0.4809699499 1.9295333018
158500.0000000000 0.4809100413 1.9295678129
158600.0000000000 0.4809057204 1.9294640412
158700.0000000000 0.4809108427 1.9295032610
158800.0000000000 0.4808974230 1.9296613325
158900.0000000000 0.4809661594 1.9295962443
159000.0000000000 0.4809400839 1.9295399179
159100.0000000000 0.4808916014 1.9294126620
159200.0000000000 0.4808648777 1.9295756211
159300.0000000000 0.4809769511 1.9296185364
159400.0000000000 0.4809528831 1.9295644154
159500.0000000000 0.4808979371 1.9296325435
159600.0000000000 0.4808912930 1.9294186820
159700.0000000000 0.4810195406 1.9297694554
159800.0000000000 0.4809123482 1.9294000854
159900.0000000000 0.4809285106 1.9295204868
160000.0000000000 0.4808870994 1.9294781675
160100.0000000000 0.4809234390 1.9295026054
160200.0000000000 0.4809258530 1.9295052280
160300.0000000000 0.4809376373 1.9296362986
160400.0000000000 0.4809400723 1.9294000258
160500.0000000000 0.4809215941 1.9294743528
160600.0000000000 0.4808896849 1.9292553057
160700.0000000000 0.4810502373 1.9296817769
160800.0000000000 0.4810264279 1.9296562661
160900.0000000000 0.4809693866 1.9295604219
161000.0000000000 0.4808892455 1.9291949858
161100.0000000000 0.4809768937 1.9296950092
161200.0000000000 0.4809836636 1.9295728792
161300.0000000000 0.4809687861 1.9297298183
161400.0000000000 0.4809717313 1.9294753064
161500.0000000000 0.4808681627 1.9291642894
161600.0000000000 0.4810051559 1.9296925654
161700.0000000000 0.4808412530 1.9292013039
161800.0000000000 0.4809584905 1.9296588291
161900.0000000000 0.4810815791 1.9296974530
162000.0000000000 0.4809764431 1.9295799722
162100.0000000000 0.4810085057 1.9296435107
162200.0000000000 0.4809642860 1.9295138706
162300.0000000000 0.4810037580 1.9293958534
162400.0000000000 0.4809706734 1.9294290532
162500.0000000000 0.4809093465 1.9292683591
162600.0000000000 0.4809469277 1.9295566072
162700.0000000000 0.4809445553 1.9295647134
162800.0000000000 0.4809840980 1.9294785251
162900.0000000000 0.4809625249 1.9295495738
163000.0000000000 0.4809063533 1.9293438782
163100.0000000000 0.4809711085 1.9296235432
163200.0000000000 0.4811105426 1.9297536601
163300.0000000000 0.4810039766 1.9296545376
163400.0000000000 0.4810209312 1.9298450341
163500.0000000000 0.4809682025 1.9296468486
163600.0000000000 0.4809937220 1.9296104898
163700.0000000000 0.4810451119 1.9296573986
163800.0000000000 0.4810410985 1.9294958104
163900.0000000000 0.4809447312 1.9295040359
164000.0000000000 0.4810176667 1.9295905818
164100.0000000000 0.4809274571 1.9295129170
164200.0000000000 0.4809821797 1.9295414676
164300.0000000000 0.4809738797 1.9296255101
164400.0000000000 0.4809505059 1.9295862903
164500.0000000000 0.4809929010 1.9295942773
164600.0000000000 0.4810155360 1.9296104302
164700.0000000000 0.4809423019 1.9295696010
164800.0000000000 0.4810578799 1.9297118177
164900.0000000000 0.4809732565 1.9295917739
165000.0000000000 0.4809593070 1.9294530739
165100.0000000000 0.4809866761 1.9295798530
165200.0000000000 0.4809890889 1.9295819392
165300.0000000000 0.4810110929 1.9295909395
165400.0000000000 0.4809719864 1.9293504943
165500.0000000000 0.4809075486 1.9294871678
165600.0000000000 0.4809897987 1.9297032942
165700.0000000000 0.4810908402 1.9298452129
165800.0000000000 0.4810067547 1.9295453419
165900.0000000000 0.4809708224 1.9296410074
166000.0000000000 0.4810641335 1.9298807372
166100.0000000000 0.4809946836 1.9293065061
166200.0000000000 0.4810026162 1.9296069731
166300.0000000000 0.4809895446 1.9294996847
166400.0000000000 0.4809719160 1.9296002378
166500.0000000000 0.4808661472 1.9291735877
166600.0000000000 0.4810002705 1.9295255532
166700.0000000000 0.4809917488 1.9295954694
166800.0000000000 0.4810683278 1.9298624982
166900.0000000000 0.4809560349 1.9292786111
167000.0000000000 0.4809393629 1.9296182384
167100.0000000000 0.4810030541 1.9295994033
167200.0000000000 0.4809162403 1.9294124235
167300.0000000000 0.4810474863 1.9296495904
167400.0000000000 0.4810561088 1.9296280731
167500.0000000000 0.4810173672 1.9296441068
167600.0000000000 0.4809492746 1.9295561303
167700.0000000000 0.4811684095 1.9299089302
167800.0000000000 0.4810450331 1.9295859327
167900.0000000000 0.4810795290 1.9297069897
168000.0000000000 0.4810492409 1.9297258248
168100.0000000000 0.4810613370 1.9296236624
168200.0000000000 0.4810463046 1.9296495904
168300.0000000000 0.4810438503 1.9297190298
168400.0000000000 0.4810042573 1.9295554747
168500.0000000000 0.4810258180 1.9294545640
168600.0000000000 0.4809814253 1.9295897474
168700.0000000000 0.4809747270 1.9294188608
168800.0000000000 0.4810078643 1.9296036948
168900.0000000000 0.4809934365 1.9296510209
169000.0000000000 0.4810672277 1.9297320833
169100.0000000000 0.4810834162 1.9296621074
169200.0000000000 0.4810491570 1.9296498884
169300.0000000000 0.4811041978 1.9296534051
169400.0000000000 0.4810814324 1.9296985258
169500.0000000000 0.4811589836 1.9298250069
169600.0000000000 0.4810774293 1.9296633591
169700.0000000000 0.4810919534 1.9297091951
169800.0000000000 0.4810291072 1.9296199669
169900.0000000000 0.4809680509 1.9296314110
170000.0000000000 0.4810321572 1.9296358814
170100.0000000000 0.4810498404 1.9296512594
170200.0000000000 0.4810518530 1.9296521534
170300.0000000000 0.4810164451 1.9295837869
170400.0000000000 0.4810457363 1.9296113838
170500.0000000000 0.4809782397 1.9293583025
170600.0000000000 0.4810838810 1.9297103276
170700.0000000000 0.4810797798 1.9296682467
170800.0000000000 0.4810666775 1.9297418584
170900.0000000000 0.4810887317 1.9297645678
171000.0000000000 0.4810860609 1.9295875420
171100.0000000000 0.4810316083 1.9297281493
171200.0000000000 0.4809963699 1.9295524945
171300.0000000000 0.4810446632 1.9295945157
171400.0000000000 0.4810954640 1.9297037114
171500.0000000000 0.4811019656 1.9298077215
171600.0000000000 0.4810664213 1.9296726574
171700.0000000000 0.4810239720 1.9298249473
171800.0000000000 0.4810908563 1.9296842803
171900.0000000000 0.4810420620 1.9295253147
172000.0000000000 0.4810776272 1.9295808067
172100.0000000000 0.4811207545 1.9297204603
172200.0000000000 0.4811758781 1.9297859659
172300.0000000000 0.4810258165 1.9296828498
172400.0000000000 0.4810865309 1.9297372689
172500.0000000000 0.4811213627 1.9297281493
172600.0000000000 0.4810238873 1.9296876778
172700.0000000000 0.4810667400 1.9296898236
172800.0000000000 0.4811120503 1.9296226491
172900.0000000000 0.4811310938 1.9297171225
173000.0000000000 0.4810837259 1.9296951284
173100.0000000000 0.4810498136 1.9296420802
173200.0000000000 0.4811819933 1.9297997345
173300.0000000000 0.4810945547 1.9296727170
173400.0000000000 0.4810936401 1.9296538820
173500.0000000000 0.4810508338 1.9294753660
173600.0000000000 0.4810812843 1.9296958436
173700.0000000000 0.4811265999 1.9299083938
173800.0000000000 0.4810757688 1.9297703494
173900.0000000000 0.4810502393 1.9296898236
174000.0000000000 0.4809424524 1.9292545904
174100.0000000000 0.4810957490 1.9297330369
174200.0000000000 0.4810990595 1.9297779788
174300.0000000000 0.4810902685 1.9298338284
174400.0000000000 0.4810772523 1.9296482195
174500.0000000000 0.4811377579 1.9296424379
174600.0000000000 0.4811044120 1.9297165860
174700.0000000000 0.4811276955 1.9297441830
174800.0000000000 0.4811309978 1.9297671308
174900.0000000000 0.4810351950 1.9294617166
175000.0000000000 0.4811128065 1.9296996583
175100.0000000000 0.4811114278 1.9297152747
175200.0000000000 0.4811135299 1.9297177781
175300.0000000000 0.4811284597 1.9298055758
175400.0000000000 0.4811139058 1.9297045459
175500.0000000000 0.4811943478 1.9298471202
175600.0000000000 0.4811117534 1.9297186722
175700.0000000000 0.4811386241 1.9296448817
175800.0000000000 0.4810813198 1.9296899428
175900.0000000000 0.4811036919 1.9297652830
176000.0000000000 0.4811382699 1.9297929992
176100.0000000000 0.4810656006 1.9296021451
176200.0000000000 0.4810584646 1.9293829788
176300.0000000000 0.4811389559 1.9296167483
176400.0000000000 0.4811336561 1.9296360602
176500.0000000000 0.4811539820 1.9298063506
176600.0000000000 0.4812071573 1.9299327721
176700.0000000000 0.4811287988 1.9297190894
176800.0000000000 0.4811346514 1.9297004928
176900.0000000000 0.4812029708 1.9299290170
177000.0000000000 0.4811339554 1.9296344508
177100.0000000000 0.4811709906 1.9299299111
177200.0000000000 0.4811999673 1.9299299707
177300.0000000000 0.4811742119 1.9299589981
177400.0000000000 0.4811873505 1.9298651804
177500.0000000000 0.4811348643 1.9296211590
177600.0000000000 0.4810948279 1.9296064367
177700.0000000000 0.4811588274 1.9296969165
177800.0000000000 0.4811397341 1.9297190894
177900.0000000000 0.4811375991 1.9297635545
178000.0000000000 0.4811582579 1.9298005690
178100.0000000000 0.4810863013 1.9295954098
178200.0000000000 0.4810800656 1.9295423021
178300.0000000000 0.4811473955 1.9297488918
178400.0000000000 0.4811266797 1.9296414842
178500.0000000000 0.4811211340 1.9297685017
178600.0000000000 0.4811914037 1.9296726574
178700.0000000000 0.4811616775 1.9297494878
178800.0000000000 0.4811644204 1.9297438254
178900.0000000000 0.4811576365 1.9296306958
179000.0000000000 0.4813273371 1.9301631440
179100.0000000000 0.4811676169 1.9297728528
179200.0000000000 0.4811796892 1.9298543324
179300.0000000000 0.4811784498 1.9299381961
179400.0000000000 0.4811792811 1.9297503223
179500.0000000000 0.4811077487 1.9294880618
179600.0000000000 0.4811637718 1.9296692004
179700.0000000000 0.4811665150 1.9297617664
179800.0000000000 0.4811479157 1.9297803034
179900.0000000000 0.4812148618 1.9298201789
180000.0000000000 0.4811538860 1.9297503223
180100.0000000000 0.4811690159 1.9297753562
180200.0000000000 0.4811705862 1.9297762503
180300.0000000000 0.4811401960 1.9297797670
180400.0000000000 0.4810228922 1.9294912805
180500.0000000000 0.4811861436 1.9300212254
180600.0000000000 0.4811821786 1.9298197021
180700.0000000000 0.4812285386 1.9297970523
180800.0000000000 0.4811758477 1.9297617068
180900.0000000000 0.4811343801 1.9295702566
181000.0000000000 0.4811151133 1.9297040691
181100.0000000000 0.4811585071 1.9297575344
181200.0000000000 0.4811982887 1.9297981848
181300.0000000000 0.4812060737 1.9298263778
181400.0000000000 0.4811845308 1.9297897209
181500.0000000000 0.4811761227 1.9297637929
181600.0000000000 0.4811821048 1.9297798266
181700.0000000000 0.4812817723 1.9298918237
181800.0000000000 0.4811787037 1.9297661771
181900.0000000000 0.4811422475 1.9296993603
182000.0000000000 0.4811530395 1.9297581305
182100.0000000000 0.4811903910 1.9297832240
182200.0000000000 0.4811624007 1.9298248281
182300.0000000000 0.4812195604 1.9298353185
182400.0000000000 0.4811285106 1.9299063672
182500.0000000000 0.4811733428 1.9298031916
182600.0000000000 0.4812350359 1.9298255433
182700.0000000000 0.4811881802 1.9298327555
182800.0000000000 0.4811801218 1.9298421134
182900.0000000000 0.4811908061 1.9298317422
183000.0000000000 0.4811882687 1.9297063936
183100.0000000000 0.4812122115 1.9297145595
183200.0000000000 0.4812476637 1.9298292984
183300.0000000000 0.4812128820 1.9298238148
183400.0000000000 0.4811861429 1.9297643890
183500.0000000000 0.4812015699 1.9297294606
183600.0000000000 0.4811723902 1.9298958172
183700.0000000000 0.4812375139 1.9298760285
183800.0000000000 0.4811889218 1.9297632565
183900.0000000000 0.4811738393 1.9297265400
184000.0000000000 0.4812181898 1.9298732270
184100.0000000000 0.4812709755 1.9299768795
184200.0000000000 0.4812401179 1.9298990359
184300.0000000000 0.4812117755 1.9298164238
184400.0000000000 0.4811886379 1.9297471036
184500.0000000000 0.4811552964 1.9297466268
184600.0000000000 0.4812294697 1.9298528423
184700.0000000000 0.4812849760 1.9300207485
184800.0000000000 0.4812110969 1.9297310104
184900.0000000000 0.4812113161 1.9297933568
185000.0000000000 0.4812596510 1.9300894131
185100.0000000000 0.4812217201 1.9298290004
185200.0000000000 0.4812229183 1.9298294176
185300.0000000000 0.4811941355 1.9298250665
185400.0000000000 0.4812081658 1.9298263778
185500.0000000000 0.4811402191 1.9296424975
185600.0000000000 0.4812325841 1.9297763099
185700.0000000000 0.4811954246 1.9297676076
185800.0000000000 0.4812502771 1.9299061884
185900.0000000000 0.4812064350 1.9298377623
186000.0000000000 0.4812548087 1.9299036850
186100.0000000000 0.4812403205 1.9298510541
186200.0000000000 0.4812328570 1.9299222817
186300.0000000000 0.4812316802 1.9298222651
186400.0000000000 0.4811169006 1.9298300733
186500.0000000000 0.4811990710 1.9297931184
186600.0000000000 0.4812343453 1.9298339476
186700.0000000000 0.4812454392 1.9299234738
186800.0000000000 0.4812334937 1.9298228015
186900.0000000000 0.4812437772 1.9298072447
187000.0000000000 0.4812452617 1.9298632731
187100.0000000000 0.4812259586 1.9298287620
187200.0000000000 0.4812789188 1.9299450506
187300.0000000000 0.4812150075 1.9297122945
187400.0000000000 0.4811879909 1.9296825518
187500.0000000000 0.4812403994 1.9299032082
187600.0000000000 0.4812549310 1.9299212684
187700.0000000000 0.4812238556 1.9297199835
187800.0000000000 0.4812150123 1.9298253049
187900.0000000000 0.4812438085 1.9298340668
188000.0000000000 0.4812674651 1.9299010028
188100.0000000000 0.4812277943 1.9298529615
188200.0000000000 0.4812904167 1.9298736443
188300.0000000000 0.4812280322 1.9298557033
188400.0000000000 0.4812786024 1.9298357953
188500.0000000000 0.4812460925 1.9298208346
188600.0000000000 0.4813103256 1.9299795021
188700.0000000000 0.4812444416 1.9297461499
188800.0000000000 0.4812622464 1.9299159040
188900.0000000000 0.4812473015 1.9299020161
189000.0000000000 0.4812798198 1.9298622002
189100.0000000000 0.4812803796 1.9299572696
189200.0000000000 0.4812020891 1.9297240366
189300.0000000000 0.4812597491 1.9298545708
189400.0000000000 0.4812724895 1.9297803630
189500.0000000000 0.4812923208 1.9299139966
189600.0000000000 0.4813251397 1.9300282587
189700.0000000000 0.4812366127 1.9297131290
189800.0000000000 0.4812702920 1.9298288216
189900.0000000000 0.4812725872 1.9298542728
190000.0000000000 0.4812847115 1.9299440970
190100.0000000000 0.4812686722 1.9298777570
190200.0000000000 0.4812696733 1.9298784723
190300.0000000000 0.4812672042 1.9299166788
190400.0000000000 0.4812754339 1.9299055924
190500.0000000000 0.4812993937 1.9299272289
190600.0000000000 0.4812561391 1.9298093309
190700.0000000000 0.4812734517 1.9298326363
190800.0000000000 0.4812776139 1.9298455705
190900.0000000000 0.4812549088 1.9296653857
191000.0000000000 0.4812576533 1.9299564351
191100.0000000000 0.4812655740 1.9299791445
191200.0000000000 0.4812775852 1.9299032678
191300.0000000000 0.4812468797 1.9298416366
191400.0000000000 0.4812833898 1.9298903932
191500.0000000000 0.4812058227 1.9298419346
191600.0000000000 0.4812410705 1.9299647202
191700.0000000000 0.4812694172 1.9298556437
191800.0000000000 0.4812879632 1.9299014200
191900.0000000000 0.4813023100 1.9299259772
192000.0000000000 0.4812898021 1.9298393120
192100.0000000000 0.4813153686 1.9298894395
192200.0000000000 0.4812834468 1.9299201955
192300.0000000000 0.4813147321 1.9299556007
192400.0000000000 0.4812936021 1.9298257818
192500.0000000000 0.4812586582 1.9298619022
192600.0000000000 0.4812388175 1.9298885454
192700.0000000000 0.4812245874 1.9298157086
192800.0000000000 0.4813103294 1.9299650778
192900.0000000000 0.4812868588 1.9298629751
193000.0000000000 0.4812790241 1.9298750748
193100.0000000000 0.4812822502 1.9298192252
193200.0000000000 0.4812741293 1.9298532595
193300.0000000000 0.4812904297 1.9298719754
193400.0000000000 0.4812975472 1.9299175133
193500.0000000000 0.4812924784 1.9298988570
193600.0000000000 0.4813005579 1.9299087514
193700.0000000000 0.4812834053 1.9299063076
193800.0000000000 0.4813010786 1.9298833598
193900.0000000000 0.4813092356 1.9298908700
194000.0000000000 0.4813079408 1.9299678792
194100.0000000000 0.4813622973 1.9300268282
194200.0000000000 0.4813102454 1.9299281229
194300.0000000000 0.4812801388 1.9298954596
194400.0000000000 0.4812952724 1.9298573722
194500.0000000000 0.4813201102 1.9299052347
194600.0000000000 0.4813131806 1.9298850288
194700.0000000000 0.4813235739 1.9299480905
194800.0000000000 0.4812966094 1.9299238314
194900.0000000000 0.4813206946 1.9298953404
195000.0000000000 0.4813550282 1.9299839129
195100.0000000000 0.4813097696 1.9299224009
195200.0000000000 0.4813107380 1.9299231757
195300.0000000000 0.4813051971 1.9299039234
195400.0000000000 0.4813369588 1.9300084104
195500.0000000000 0.4813128070 1.9299594750
195600.0000000000 0.4813009166 1.9298629751
195700.0000000000 0.4813518913 1.9300320138
195800.0000000000 0.4813471211 1.9299926748
195900.0000000000 0.4813591521 1.9300124039
196000.0000000000 0.4812816186 1.9299625744
196100.0000000000 0.4813178333 1.9299477925
196200.0000000000 0.4813024137 1.9299076785
196300.0000000000 0.4812849315 1.9298788895
196400.0000000000 0.4813042437 1.9298836579
196500.0000000000 0.4812859545 1.9299746146
196600.0000000000 0.4813448924 1.9298986782
196700.0000000000 0.4813096894 1.9299043407
196800.0000000000 0.4813454350 1.9299553026
196900.0000000000 0.4813543095 1.9300388088
197000.0000000000 0.4813364893 1.9299654354
197100.0000000000 0.4813121311 1.9299793233
197200.0000000000 0.4813217280 1.9299791445
197300.0000000000 0.4813333873 1.9299944033
197400.0000000000 0.4813825077 1.9299625148
197500.0000000000 0.4813414731 1.9299753298
197600.0000000000 0.4812659761 1.9299234738
197700.0000000000 0.4813215265 1.9297974695
197800.0000000000 0.4813166408 1.9299567928
197900.0000000000 0.4813367283 1.9299589981
198000.0000000000 0.4813537234 1.9299793233
198100.0000000000 0.4813148935 1.9299548854
198200.0000000000 0.4813464382 1.9298852076
198300.0000000000 0.4813114383 1.9298847904
198400.0000000000 0.4812567593 1.9299017181
198500.0000000000 0.4813174648 1.9298119535
198600.0000000000 0.4813052023 1.9298505177
198700.0000000000 0.4813482344 1.9299505343
198800.0000000000 0.4813602590 1.9299949397
198900.0000000000 0.4813261159 1.9298603524
199000.0000000000 0.4813305602 1.9298912873
199100.0000000000 0.4814125325 1.9301914562
199200.0000000000 0.4813349597 1.9299703230
199300.0000000000 0.4813381002 1.9300073375
199400.0000000000 0.4813476194 1.9299747338
199500.0000000000 0.4813775326 1.9300742139
199600.0000000000 0.4813322367 1.9299732436
199700.0000000000 0.4813559113 1.9299881448
199800.0000000000 0.4813369015 1.9299989332
199900.0000000000 0.4813518825 1.9300517430
200000.0000000000 0.4813920530 1.9300080528
200100.0000000000 0.4813449733 1.9299624552
200200.0000000000 0.4813459785 1.9299632301
200300.0000000000 0.4813446473 1.9299476136
200400.0000000000 0.4813516580 1.9299685349
200500.0000000000 0.4813856749 1.9299165596
200600.0000000000 0.4813415754 1.9299603690
200700.0000000000 0.4813464138 1.9299551238
200800.0000000000 0.4813453261 1.9299496998
200900.0000000000 0.4813607764 1.9300268282
201000.0000000000 0.4813223884 1.9298684587
201100.0000000000 0.4813499520 1.9299163808
201200.0000000000 0.4813668173 1.9299895157
201300.0000000000 0.4813565316 1.9300091256
201400.0000000000 0.4813720761 1.9300405373
201500.0000000000 0.4813530126 1.9300150861
201600.0000000000 0.4813643176 1.9299731840
201700.0000000000 0.4813427939 1.9299989929
201800.0000000000 0.4813622210 1.9299899925
201900.0000000000 0.4813254322 1.9299428453
202000.0000000000 0.4813488136 1.9299810519
202100.0000000000 0.4813415667 1.9299772372
202200.0000000000 0.4813825257 1.9299915423
202300.0000000000 0.4813567591 1.9299704422
202400.0000000000 0.4813919285 1.9300004234
202500.0000000000 0.4813618338 1.9300471534
202600.0000000000 0.4813480828 1.9299337854
202700.0000000000 0.4812795145 1.9297860255
202800.0000000000 0.4814064175 1.9301135530
202900.0000000000 0.4813476405 1.9299372424
203000.0000000000 0.4813875843 1.9299832572
203100.0000000000 0.4813369785 1.9300286164
203200.0000000000 0.4813621507 1.9299746146
203300.0000000000 0.4813483543 1.9300183048
203400.0000000000 0.4813618224 1.9300302853
203500.0000000000 0.4813695105 1.9299955954
203600.0000000000 0.4813616762 1.9299842109
203700.0000000000 0.4813748823 1.9300003638
203800.0000000000 0.4814036730 1.9300477494
203900.0000000000 0.4813751643 1.9299942245
204000.0000000000 0.4813476130 1.9300172319
204100.0000000000 0.4813571347 1.9299717535
204200.0000000000 0.4813298937 1.9299921383
204300.0000000000 0.4813713293 1.9300239672
204400.0000000000 0.4813783451 1.9299561371
204500.0000000000 0.4813756732 1.9299668659
204600.0000000000 0.4813151726 1.9298620214
204700.0000000000 0.4813724180 1.9299376001
204800.0000000000 0.4814037983 1.9299972643
204900.0000000000 0.4813480706 1.9299646606
205000.0000000000 0.4813894279 1.9299671640
205100.0000000000 0.4813743049 1.9299988736
205200.0000000000 0.4813749595 1.9299997677
205300.0000000000 0.4813730993 1.9300193776
205400.0000000000 0.4813698658 1.9299159040
205500.0000000000 0.4813622274 1.9300228347
205600.0000000000 0.4813590633 1.9300047149
205700.0000000000 0.4813810072 1.9299695482
205800.0000000000 0.4813772595 1.9300265302
205900.0000000000 0.4813759152 1.9299806942
206000.0000000000 0.4813848908 1.9299786677
206100.0000000000 0.4813905420 1.9300572266
206200.0000000000 0.4813861835 1.9300215830
206300.0000000000 0.4813526155 1.9299858798
206400.0000000000 0.4813512532 1.9300458421
206500.0000000000 0.4813493231 1.9298886647
206600.0000000000 0.4813697676 1.9299767603
206700.0000000000 0.4814403585 1.9301249971
206800.0000000000 0.4813782282 1.9299814095
206900.0000000000 0.4813837370 1.9300143112
207000.0000000000 0.4813911232 1.9300119867
207100.0000000000 0.4813974167 1.9300538887
207200.0000000000 0.4814570276 1.9302675118
207300.0000000000 0.4814047739 1.9299947609
207400.0000000000 0.4814077976 1.9300736179
207500.0000000000 0.4813813940 1.9300326099
207600.0000000000 0.4813896005 1.9300149073
207700.0000000000 0.4813879808 1.9300099601
207800.0000000000 0.4813715927 1.9299631109
207900.0000000000 0.4814029772 1.9300948371
208000.0000000000 0.4814035565 1.9300535311
208100.0000000000 0.4813836805 1.9300969233
208200.0000000000 0.4813722034 1.9299841513
208300.0000000000 0.4813788314 1.9299807538
208400.0000000000 0.4814343731 1.9300987114
208500.0000000000 0.4813963568 1.9300175895
208600.0000000000 0.4813444626 1.9299148311
208700.0000000000 0.4813639182 1.9299861779
208800.0000000000 0.4813916648 1.9300234904
208900.0000000000 0.4813933830 1.9300401201
209000.0000000000 0.4813673993 1.9300345172
209100.0000000000 0.4814072441 1.9300702204
209200.0000000000 0.4814168954 1.9301050295
209300.0000000000 0.4814434936 1.9301887740
209400.0000000000 0.4813632395 1.9299694289
209500.0000000000 0.4813817421 1.9299988736
209600.0000000000 0.4814181169 1.9301273217
209700.0000000000 0.4814036096 1.9299683561
209800.0000000000 0.4814250009 1.9299775352
209900.0000000000 0.4813993273 1.9300267090
210000.0000000000 0.4814267111 1.9300842871
210100.0000000000 0.4813975838 1.9300317754
210200.0000000000 0.4813981906 1.9300320734
210300.0000000000 0.4814088248 1.9300509085
210400.0000000000 0.4814048303 1.9300211658
210500.0000000000 0.4813908669 1.9299800982
210600.0000000000 0.4814253404 1.9300507893
210700.0000000000 0.4814116126 1.9300824394
210800.0000000000 0.4814010800 1.9300471534
210900.0000000000 0.4814242365 1.9301013340
211000.0000000000 0.4814101165 1.9300451865
211100.0000000000 0.4814107971 1.9301403155
211200.0000000000 0.4814091216 1.9300615777
211300.0000000000 0.4813918121 1.9300323715
211400.0000000000 0.4814219913 1.9300183048
211500.0000000000 0.4814069762 1.9300332059
211600.0000000000 0.4814039446 1.9300133576
211700.0000000000 0.4814241026 1.9301210632
211800.0000000000 0.4814070627 1.9300361861
211900.0000000000 0.4814135538 1.9300804128
212000.0000000000 0.4814174485 1.9300993075
212100.0000000000 0.4813997882 1.9300732602
212200.0000000000 0.4814165633 1.9300642599
212300.0000000000 0.4814204344 1.9300571670
212400.0000000000 0.4813896294 1.9300861944
212500.0000000000 0.4813969196 1.9300373782
212600.0000000000 0.4813917686 1.9300007810
212700.0000000000 0.4814122910 1.9300842871
212800.0000000000 0.4814284465 1.9300855984
212900.0000000000 0.4814057184 1.9300522198
213000.0000000000 0.4814179503 1.9300998439
213100.0000000000 0.4813845487 1.9300280799
213200.0000000000 0.4814219952 1.9300556173
213300.0000000000 0.4814100966 1.9300435175
213400.0000000000 0.4814257838 1.9300638427
213500.0000000000 0.4814218321 1.9300129403
213600.0000000000 0.4814324095 1.9300349345
213700.0000000000 0.4814062559 1.9298995127
213800.0000000000 0.4814154657 1.9300552596
213900.0000000000 0.4814076232 1.9300308217
214000.0000000000 0.4814462482 1.9300677766
214100.0000000000 0.4814143085 1.9300963272
214200.0000000000 0.4814159856 1.9300297488
214300.0000000000 0.4813893120 1.9299932708
214400.0000000000 0.4814416480 1.9300965657
214500.0000000000 0.4814394132 1.9301412095
214600.0000000000 0.4814143323 1.9300562729
214700.0000000000 0.4814161456 1.9301584949
214800.0000000000 0.4814285955 1.9300901284
214900.0000000000 0.4814447540 1.9300786247
215000.0000000000 0.4814060393 1.9300470342
215100.0000000000 0.4814160356 1.9300616969
215200.0000000000 0.4814165260 1.9300625910
215300.0000000000 0.4814103952 1.9300922741
215400.0000000000 0.4814148601 1.9300568690
215500.0000000000 0.4814222791 1.9300492992
215600.0000000000 0.4814075393 1.9300402393
215700.0000000000 0.4814450384 1.9301568259
215800.0000000000 0.4814190571 1.9300649156
215900.0000000000 0.4814294071 1.9300835122
216000.0000000000 0.4814346368 1.9301429381
216100.0000000000 0.4814202451 1.9300605048
216200.0000000000 0.4814338409 1.9301154007
216300.0000000000 0.4813864421 1.9299400439
216400.0000000000 0.4814230133 1.9301043143
216500.0000000000 0.4813976994 1.9300294508
216600.0000000000 0.4814029554 1.9300426235
216700.0000000000 0.4814338217 1.9301174273
216800.0000000000 0.4814222468 1.9300915589
216900.0000000000 0.4814151767 1.9300773134
217000.0000000000 0.4814133751 1.9299877872
217100.0000000000 0.4814325525 1.9300909032
217200.0000000000 0.4814354603 1.9301928272
217300.0000000000 0.4814248962 1.9300993671
217400.0000000000 0.4814257816 1.9300603856
217500.0000000000 0.4814205196 1.9300364246
217600.0000000000 0.4814001937 1.9300094833
217700.0000000000 0.4814489663 1.9301504483
217800.0000000000 0.4814104785 1.9300727238
217900.0000000000 0.4814651789 1.9301167120
218000.0000000000 0.4814269349 1.9300954928
218100.0000000000 0.4813594401 1.9299657931
218200.0000000000 0.4814254139 1.9300724854
218300.0000000000 0.4814347776 1.9301069965
218400.0000000000 0.4814027765 1.9300734987
218500.0000000000 0.4814373052 1.9300837507
218600.0000000000 0.4814107193 1.9300330271
218700.0000000000 0.4814219235 1.9300615181
218800.0000000000 0.4814300929 1.9301289906
218900.0000000000 0.4814364789 1.9300994267
219000.0000000000 0.4814093911 1.9300176491
219100.0000000000 0.4814296350 1.9300842871
219200.0000000000 0.4814462244 1.9300271262
219300.0000000000 0.4814090883 1.9300439348
219400.0000000000 0.4814370378 1.9301189770
219500.0000000000 0.4814369408 1.9300961484
219600.0000000000 0.4814439473 1.9300753464
219700.0000000000 0.4814420700 1.9301295866
219800.0000000000 0.4814168329 1.9300647368
219900.0000000000 0.4814254430 1.9300527562
220000.0000000000 0.4814292432 1.9300923337
220100.0000000000 0.4814293895 1.9300878634
220200.0000000000 0.4814296912 1.9300887574
220300.0000000000 0.4814315839 1.9300920953
220400.0000000000 0.4814244983 1.9300805320
220500.0000000000 0.4814098902 1.9301276793
220600.0000000000 0.4814273080 1.9301130165
220700.0000000000 0.4814319660 1.9300922145
220800.0000000000 0.4814355242 1.9300901880
220900.0000000000 0.4814157334 1.9299700846
221000.0000000000 0.4814207118 1.9300872673
221100.0000000000 0.4814423265 1.9301376929
221200.0000000000 0.4814044941 1.9300035228
221300.0000000000 0.4814396489 1.9301252355
221400.0000000000 0.4814032272 1.9300383915
221500.0000000000 0.4814256115 1.9300875654
221600.0000000000 0.4814263340 1.9300574650
221700.0000000000 0.4814298478 1.9300966253
221800.0000000000 0.4814121760 1.9300965060
221900.0000000000 0.4814313735 1.9300862541
222000.0000000000 0.4814212992 1.9300868501
222100.0000000000 0.4814244983 1.9300849427
222200.0000000000 0.4814190351 1.9300613393
222300.0000000000 0.4814147484 1.9300838103
222400.0000000000 0.4814322060 1.9301069369
222500.0000000000 0.4814242090 1.9301033010
222600.0000000000 0.4814280938 1.9300826778
222700.0000000000 0.4814562572 1.9301305999
222800.0000000000 0.4814334321 1.9301052679
222900.0000000000 0.4814363699 1.9300968041
223000.0000000000 0.4814064978 1.9301105131
223100.0000000000 0.4814407713 1.9300846447
223200.0000000000 0.4814381694 1.9301648130
223300.0000000000 0.4814391000 1.9301134338
223400.0000000000 0.4814509717 1.9301917543
223500.0000000000 0.4814336291 1.9300788035
223600.0000000000 0.4814319175 1.9300650944
223700.0000000000 0.4814531980 1.9300793995
223800.0000000000 0.4814601913 1.9301799526
223900.0000000000 0.4814392287 1.9301179637
224000.0000000000 0.4814480090 1.9301074733
224100.0000000000 0.4814110339 1.9300464978
224200.0000000000 0.4814408078 1.9301483621
224300.0000000000 0.4814438221 1.9301477660
224400.0000000000 0.4814414638 1.9300740947
224500.0000000000 0.4814060454 1.9300628890
224600.0000000000 0.4814281947 1.9300616969
224700.0000000000 0.4814368018 1.9300729622
224800.0000000000 0.4814298017 1.9301829328
224900.0000000000 0.4814509688 1.9301277389
225000.0000000000 0.4814347479 1.9301264276
225100.0000000000 0.4814385430 1.9301120033
225200.0000000000 0.4814386664 1.9301125993
225300.0000000000 0.4814454612 1.9300941815
225400.0000000000 0.4814395310 1.9300940027
225500.0000000000 0.4814297952 1.9300872077
225600.0000000000 0.4814502246 1.9301934232
225700.0000000000 0.4814434949 1.9301266064
225800.0000000000 0.4814377551 1.9301090826
225900.0000000000 0.4814426167 1.9301273217
226000.0000000000 0.4814392085 1.9301578988
226100.0000000000 0.4814459199 1.9301415672
226200.0000000000 0.4814442572 1.9301615347
226300.0000000000 0.4814476064 1.9301480641
226400.0000000000 0.4814066782 1.9300755848
226500.0000000000 0.4814762578 1.9301728000
226600.0000000000 0.4814340508 1.9301465143
226700.0000000000 0.4814286306 1.9301128973
226800.0000000000 0.4814378878 1.9301406731
226900.0000000000 0.4814278055 1.9300554384
227000.0000000000 0.4814315617 1.9301009168
227100.0000000000 0.4814390631 1.9300951351
227200.0000000000 0.4814769931 1.9301486601
227300.0000000000 0.4814566726 1.9301584949
227400.0000000000 0.4814100069 1.9300959100
227500.0000000000 0.4814377365 1.9301245202
227600.0000000000 0.4814390549 1.9301312556
227700.0000000000 0.4814530416 1.9301614751
227800.0000000000 0.4814348029 1.9301041354
227900.0000000000 0.4814487480 1.9301789989
228000.0000000000 0.4814629174 1.9301499118
228100.0000000000 0.4814343416 1.9300864329
228200.0000000000 0.4813978958 1.9300566305
228300.0000000000 0.4814524656 1.9301969995
228400.0000000000 0.4813977303 1.9300661673
228500.0000000000 0.4814512184 1.9301407923
228600.0000000000 0.4814678674 1.9301891317
228700.0000000000 0.4814403767 1.9301199903
228800.0000000000 0.4814341801 1.9301002611
228900.0000000000 0.4814374926 1.9300846447
229000.0000000000 0.4814515442 1.9301019301
229100.0000000000 0.4814215938 1.9300888171
229200.0000000000 0.4814445842 1.9300947775
229300.0000000000 0.4814362781 1.9301174273
229400.0000000000 0.4814200694 1.9300742139
229500.0000000000 0.4814529870 1.9301437725
229600.0000000000 0.4814284567 1.9301038374
229700.0000000000 0.4814612667 1.9301684489
229800.0000000000 0.4814430900 1.9301212420
229900.0000000000 0.4814343654 1.9301188578
230000.0000000000 0.4814480974 1.9301357259
230100.0000000000 0.4814436417 1.9301338782
230200.0000000000 0.4814438924 1.9301343550
230300.0000000000 0.4814410676 1.9301406135
230400.0000000000 0.4814482809 1.9301276197
230500.0000000000 0.4814169403 1.9300524582
230600.0000000000 0.4814483189 1.9301512827
230700.0000000000 0.4814333400 1.9301046123
230800.0000000000 0.4814565716 1.9301636209
230900.0000000000 0.4814460860 1.9301443686
231000.0000000000 0.4814614322 1.9301344742
231100.0000000000 0.4814577842 1.9301477660
231200.0000000000 0.4814441642 1.9301347722
231300.0000000000 0.4814411522 1.9301378121
231400.0000000000 0.4814488090 1.9301293482
231500.0000000000 0.4814568636 1.9301415672
231600.0000000000 0.4814461644 1.9301225533
231700.0000000000 0.4814393103 1.9300963272
231800.0000000000 0.4814510411 1.9301680316
231900.0000000000 0.4814399941 1.9301511635
232000.0000000000 0.4814440148 1.9301753630
232100.0000000000 0.4814259893 1.9301356663
232200.0000000000 0.4814384766 1.9301224341
232300.0000000000 0.4814401981 1.9301177253
232400.0000000000 0.4814096721 1.9300746907
232500.0000000000 0.4814438993 1.9301617731
232600.0000000000 0.4814422012 1.9301388850
232700.0000000000 0.4814499969 1.9301320900
232800.0000000000 0.4814622699 1.9301903834
232900.0000000000 0.4814459273 1.9301238646
233000.0000000000 0.4814671965 1.9302054633
233100.0000000000 0.4814303155 1.9301112284
233200.0000000000 0.4814496703 1.9301829328
233300.0000000000 0.4814563202 1.9301621308
233400.0000000000 0.4814481239 1.9301465740
233500.0000000000 0.4814446497 1.9301395406
233600.0000000000 0.4814470979 1.9301398386
233700.0000000000 0.4814483049 1.9301601638
233800.0000000000 0.4814332755 1.9301058044
233900.0000000000 0.4814496272 1.9301779856
234000.0000000000 0.4814608263 1.9302006354
234100.0000000000 0.4814475462 1.9301884760
234200.0000000000 0.4814476752 1.9301601638
234300.0000000000 0.4814613619 1.9301646938
234400.0000000000 0.4814528911 1.9302034368
234500.0000000000 0.4814509532 1.9301852574
234600.0000000000 0.4814590631 1.9302135100
234700.0000000000 0.4814553884 1.9301915159
234800.0000000000 0.4814448591 1.9301490177
234900.0000000000 0.4814600354 1.9301910390
235000.0000000000 0.4814513297 1.9301373352
235100.0000000000 0.4814456926 1.9301537265
235200.0000000000 0.4814457871 1.9301540841
235300.0000000000 0.4814462059 1.9301530709
235400.0000000000 0.4814461202 1.9301581373
235500.0000000000 0.4814383612 1.9301040162
235600.0000000000 0.4814359355 1.9301261296
235700.0000000000 0.4814347772 1.9301862706
235800.0000000000 0.4814317785 1.9301318516
235900.0000000000 0.4814324368 1.9301310767
236000.0000000000 0.4814308504 1.9301409115
236100.0000000000 0.4814540703 1.9301659455
236200.0000000000 0.4814498504 1.9301626076
236300.0000000000 0.4814744366 1.9301782240
236400.0000000000 0.4814676891 1.9301820983
236500.0000000000 0.4814651205 1.9302190532
236600.0000000000 0.4814367316 1.9300981750
236700.0000000000 0.4814344978 1.9301596274
236800.0000000000 0.4814468871 1.9301628460
236900.0000000000 0.4814592197 1.9301872243
237000.0000000000 0.4814504119 1.9301573028
237100.0000000000 0.4814727936 1.9301802506
237200.0000000000 0.4814722229 1.9302519550
237300.0000000000 0.4814493137 1.9301642765
237400.0000000000 0.4814403451 1.9301493158
237500.0000000000 0.4814532803 1.9302111258
237600.0000000000 0.4814458567 1.9301361431
237700.0000000000 0.4814531716 1.9301955094
237800.0000000000 0.4814391037 1.9301810254
237900.0000000000 0.4814476498 1.9301640977
238000.0000000000 0.4814408447 1.9301217188
238100.0000000000 0.4814493998 1.9301791181
238200.0000000000 0.4814445665 1.9301633825
238300.0000000000 0.4814439941 1.9301844825
238400.0000000000 0.4814267662 1.9301362027
238500.0000000000 0.4814450994 1.9301979532
238600.0000000000 0.4814518438 1.9302088608
238700.0000000000 0.4814579976 1.9302022447
238800.0000000000 0.4814656979 1.9302312722
238900.0000000000 0.4814409024 1.9301673760
239000.0000000000 0.4814201488 1.9301461567
239100.0000000000 0.4814465906 1.9301698198
239200.0000000000 0.4814469520 1.9301573624
239300.0000000000 0.4814576711 1.9301846017
239400.0000000000 0.4814494891 1.9301483025
239500.0000000000 0.4814356431 1.9301615943
239600.0000000000 0.4814461708 1.9301593293
239700.0000000000 0.4814243378 1.9301031818
239800.0000000000 0.4814412468 1.9301766743
239900.0000000000 0.4814359323 1.9301003207
240000.0000000000 0.4814443890 1.9301573028
240100.0000000000 0.4814445068 1.9301712503
240200.0000000000 0.4814444776 1.9301718463
240300.0000000000 0.4814517074 1.9301809658
240400.0000000000 0.4814473622 1.9301865687
240500.0000000000 0.4814440164 1.9301843037
240600.0000000000 0.4814424482 1.9301668395
240700.0000000000 0.4814477396 1.9301575412
240800.0000000000 0.4814286106 1.9301212420
240900.0000000000 0.4814473583 1.9301818003
241000.0000000000 0.4814486859 1.9301691641
241100.0000000000 0.4814300135 1.9301394810
241200.0000000000 0.4814437247 1.9301544418
241300.0000000000 0.4814457233 1.9301820387
241400.0000000000 0.4814374356 1.9301655282
241500.0000000000 0.4814568027 1.9302316894
241600.0000000000 0.4814405731 1.9301710119
241700.0000000000 0.4814345683 1.9301685085
241800.0000000000 0.4814431648 1.9301848997
241900.0000000000 0.4814355336 1.9301309575
242000.0000000000 0.4814594367 1.9302033176
242100.0000000000 0.4814478438 1.9302251329
242200.0000000000 0.4814438075 1.9301703562
242300.0000000000 0.4814437719 1.9301749458
242400.0000000000 0.4814315416 1.9301192154
242500.0000000000 0.4814402052 1.9301694025
242600.0000000000 0.4814490086 1.9301914562
242700.0000000000 0.4814289220 1.9301747669
242800.0000000000 0.4814511293 1.9301859130
242900.0000000000 0.4814542069 1.9301919331
243000.0000000000 0.4814746935 1.9302407493
243100.0000000000 0.4814449597 1.9301772107
243200.0000000000 0.4814407352 1.9301741709
243300.0000000000 0.4814516194 1.9301919927
243400.0000000000 0.4814410384 1.9301823367
243500.0000000000 0.4814287317 1.9301351895
243600.0000000000 0.4814470479 1.9302091588
243700.0000000000 0.4814442872 1.9301840653
243800.0000000000 0.4814655278 1.9302241792
243900.0000000000 0.4814417349 1.9301816811
244000.0000000000 0.4814394842 1.9301952709
244100.0000000000 0.4814529240 1.9301912178
244200.0000000000 0.4814506550 1.9301887740
244300.0000000000 0.4814422822 1.9301857938
244400.0000000000 0.4814359884 1.9301732768
244500.0000000000 0.4814277873 1.9301739325
244600.0000000000 0.4814354347 1.9301965226
244700.0000000000 0.4814304187 1.9301499118
244800.0000000000 0.4814571263 1.9302213778
244900.0000000000 0.4814496285 1.9302070131
245000.0000000000 0.4814305919 1.9301561703
245100.0000000000 0.4814408290 1.9301875819
245200.0000000000 0.4814407843 1.9301878204
245300.0000000000 0.4814435211 1.9301859726
245400.0000000000 0.4814438622 1.9301869859
245500.0000000000 0.4814240788 1.9301552762
245600.0000000000 0.4814480241 1.9301998605
245700.0000000000 0.4814304827 1.9301692237
245800.0000000000 0.4814393386 1.9301864495
245900.0000000000 0.4814287986 1.9300738563
246000.0000000000 0.4814416406 1.9301861514
246100.0000000000 0.4814414828 1.9301965226
246200.0000000000 0.4814352735 1.9301753630
246300.0000000000 0.4814185223 1.9301521768
246400.0000000000 0.4814201693 1.9301542630
246500.0000000000 0.4814349838 1.9301813831
246600.0000000000 0.4814423590 1.9301777472
246700.0000000000 0.4814214615 1.9301729192
246800.0000000000 0.4814409531 1.9301986684
246900.0000000000 0.4814467887 1.9301969399
247000.0000000000 0.4814229623 1.9301861514
247100.0000000000 0.4814400367 1.9301959266
247200.0000000000 0.4814325343 1.9301716675
247300.0000000000 0.4814375450 1.9301908602
247400.0000000000 0.4814355726 1.9301944365
247500.0000000000 0.4814372141 1.9301919331
247600.0000000000 0.4814340509 1.9301755418
247700.0000000000 0.4814267709 1.9302017082
247800.0000000000 0.4814306139 1.9302207221
247900.0000000000 0.4814183201 1.9301452030
248000.0000000000 0.4814259780 1.9301549782
248100.0000000000 0.4814331374 1.9301841249
248200.0000000000 0.4814332451 1.9301949133
248300.0000000000 0.4814417695 1.9301950921
248400.0000000000 0.4814495907 1.9302042116
248500.0000000000 0.4814372764 1.9301958670
248600.0000000000 0.4814392124 1.9301680316
248700.0000000000 0.4814471524 1.9302229275
248800.0000000000 0.4814384101 1.9302118410
248900.0000000000 0.4814129009 1.9301556339
249000.0000000000 0.4814402132 1.9302059402
249100.0000000000 0.4814444408 1.9302341928
249200.0000000000 0.4814248411 1.9301797737
249300.0000000000 0.4814502039 1.9302270998
249400.0000000000 0.4814228522 1.9301719059
249500.0000000000 0.4814157070 1.9301696409
249600.0000000000 0.4814311204 1.9301984300
249700.0000000000 0.4814295519 1.9301727404
249800.0000000000 0.4814404436 1.9301958074
249900.0000000000 0.4814197555 1.9302099933
250000.0000000000 0.4814262063 1.9301645746
250100.0000000000 0.4814349233 1.9302020063
250200.0000000000 0.4814348106 1.9302027215
250300.0000000000 0.4813893328 1.9301125397
250400.0000000000 0.4814348457 1.9302023043
250500.0000000000 0.4814325105 1.9301995029
250600.0000000000 0.4814368303 1.9301962246
250700.0000000000 0.4814483163 1.9301668395
250800.0000000000 0.4814317514 1.9301913370
250900.0000000000 0.4814477281 1.9302171459
251000.0000000000 0.4814301238 1.9301975359
251100.0000000000 0.4814312482 1.9301961650
251200.0000000000 0.4814319680 1.9302002777
251300.0000000000 0.4814447272 1.9302057018
251400.0000000000 0.4814252569 1.9301831712
251500.0000000000 0.4814272377 1.9302037944
251600.0000000000 0.4814328138 1.9302095761
251700.0000000000 0.4814290840 1.9301872243
251800.0000000000 0.4814407714 1.9302417626
251900.0000000000 0.4814286332 1.9302195300
252000.0000000000 0.4814332295 1.9302089800
252100.0000000000 0.4814389606 1.9302251925
252200.0000000000 0.4814424052 1.9302180399
252300.0000000000 0.4814254789 1.9301908006
252400.0000000000 0.4814261992 1.9301838269
252500.0000000000 0.4814314220 1.9302056422
252600.0000000000 0.4814290262 1.9302433719
252700.0000000000 0.4814351141 1.9302159538
252800.0000000000 0.4814255828 1.9302029599
252900.0000000000 0.4814321231 1.9302218546
253000.0000000000 0.4814301978 1.9302101721
253100.0000000000 0.4814286778 1.9302058806
253200.0000000000 0.4814357878 1.9301879992
253300.0000000000 0.4814289945 1.9301931848
253400.0000000000 0.4814257995 1.9302045097
253500.0000000000 0.4814379130 1.9302186360
253600.0000000000 0.4814303936 1.9302043905
253700.0000000000 0.4814071583 1.9302084436
253800.0000000000 0.4814258005 1.9302029599
253900.0000000000 0.4814491801 1.9302504648
254000.0000000000 0.4814304238 1.9302095165
254100.0000000000 0.4814245261 1.9302241792
254200.0000000000 0.4814301196 1.9302109470
254300.0000000000 0.4814289818 1.9302265038
254400.0000000000 0.4814373128 1.9302147021
254500.0000000000 0.4814355181 1.9302317490
254600.0000000000 0.4814274161 1.9301927079
254700.0000000000 0.4814481407 1.9302746643
254800.0000000000 0.4814321012 1.9301778068
254900.0000000000 0.4814263712 1.9302162518
255000.0000000000 0.4814255270 1.9302044501
255100.0000000000 0.4814271935 1.9302154769
255200.0000000000 0.4814269301 1.9302145232
255300.0000000000 0.4814335475 1.9302362193
255400.0000000000 0.4814238473 1.9302458753
255500.0000000000 0.4814229577 1.9302195300
255600.0000000000 0.4814253494 1.9302269210
255700.0000000000 0.4814307969 1.9302403917
255800.0000000000 0.4814139080 1.9301753034
255900.0000000000 0.4814217223 1.9302153577
256000.0000000000 0.4814239851 1.9301871647
256100.0000000000 0.4814283437 1.9302155365
256200.0000000000 0.4814230688 1.9302122583
256300.0000000000 0.4814167642 1.9302386035
256400.0000000000 0.4814170562 1.9302198877
256500.0000000000 0.4814274422 1.9302303185
256600.0000000000 0.4814319192 1.9302301993
256700.0000000000 0.4814212455 1.9302197089
256800.0000000000 0.4814030175 1.9302164902
256900.0000000000 0.4814261741 1.9302202453
257000.0000000000 0.4814204505 1.9302169670
257100.0000000000 0.4814389284 1.9302789559
257200.0000000000 0.4814282950 1.9302321662
257300.0000000000 0.4814257436 1.9302330007
257400.0000000000 0.4814231048 1.9302204241
257500.0000000000 0.4814334584 1.9302309145
257600.0000000000 0.4814207849 1.9302169670
257700.0000000000 0.4814141885 1.9302168478
257800.0000000000 0.4814186598 1.9302142848
257900.0000000000 0.4814138744 1.9301997413
258000.0000000000 0.4814263675 1.9302471270
258100.0000000000 0.4814242021 1.9302247752
258200.0000000000 0.4814292854 1.9302514185
258300.0000000000 0.4814205968 1.9302416434
258400.0000000000 0.4814158528 1.9302341928
258500.0000000000 0.4814327263 1.9302383651
258600.0000000000 0.4814229893 1.9302248348
258700.0000000000 0.4814181853 1.9302172055
258800.0000000000 0.4814210427 1.9302335967
258900.0000000000 0.4814366542 1.9302725782
259000.0000000000 0.4814174836 1.9302158942
259100.0000000000 0.4814544635 1.9303234209
259200.0000000000 0.4814347192 1.9302176823
259300.0000000000 0.4814258634 1.9302603592
259400.0000000000 0.4814232912 1.9302499880
259500.0000000000 0.4814239486 1.9302422990
259600.0000000000 0.4814210846 1.9302276959
259700.0000000000 0.4814196149 1.9302450408
259800.0000000000 0.4814183855 1.9302365174
259900.0000000000 0.4814179503 1.9302337755
260000.0000000000 0.4814216584 1.9302338352
260100.0000000000 0.4814178517 1.9302277555
260200.0000000000 0.4814177303 1.9302278151
260300.0000000000 0.4814120275 1.9302282323
260400.0000000000 0.4814149012 1.9302335967
260500.0000000000 0.4814131045 1.9302197089
260600.0000000000 0.4814237734 1.9302317490
260700.0000000000 0.4814195719 1.9302281727
260800.0000000000 0.4814138961 1.9302209009
260900.0000000000 0.4814122538 1.9302259077
261000.0000000000 0.4814194264 1.9302402128
261100.0000000000 0.4814211217 1.9302260865
261200.0000000000 0.4814134187 1.9302529086
261300.0000000000 0.4814155013 1.9302381267
261400.0000000000 0.4814185586 1.9302631606
261500.0000000000 0.4814073416 1.9302318086
261600.0000000000 0.4814021248 1.9302119006
261700.0000000000 0.4814144900 1.9302394976
261800.0000000000 0.4814236443 1.9302537431
261900.0000000000 0.4814202264 1.9302315106
262000.0000000000 0.4814153277 1.9302427758
262100.0000000000 0.4814127686 1.9302405705
262200.0000000000 0.4814187084 1.9302204241
262300.0000000000 0.4814112207 1.9302212586
262400.0000000000 0.4814079717 1.9302307953
262500.0000000000 0.4814173772 1.9302442660
262600.0000000000 0.4814297753 1.9302715053
262700.0000000000 0.4814156556 1.9302340140
262800.0000000000 0.4814009803 1.9302165498
262900.0000000000 0.4814090859 1.9302182783
263000.0000000000 0.4814251187 1.9302611341
263100.0000000000 0.4814269581 1.9302348484
263200.0000000000 0.4814159548 1.9302387823
263300.0000000000 0.4814255607 1.9302779426
263400.0000000000 0.4814098680 1.9302328815
263500.0000000000 0.4814081821 1.9302324642
263600.0000000000 0.4814031861 1.9302269806
263700.0000000000 0.4814156982 1.9302393784
263800.0000000000 0.4814055275 1.9302362193
263900.0000000000 0.4814105844 1.9302323450
264000.0000000000 0.4814088086 1.9302350868
264100.0000000000 0.4814036741 1.9302153577
264200.0000000000 0.4814088568 1.9302348484
264300.0000000000 0.4814060577 1.9302041520
264400.0000000000 0.4814112123 1.9302428951
264500.0000000000 0.4814056099 1.9302480807
264600.0000000000 0.4814021014 1.9302121987
264700.0000000000 0.4814008981 1.9302185764
264800.0000000000 0.4814189869 1.9302866449
264900.0000000000 0.4814064070 1.9302408089
265000.0000000000 0.4814000701 1.9302368154
265100.0000000000 0.4814070968 1.9302391996
265200.0000000000 0.4814068880 1.9302395572
265300.0000000000 0.4814105418 1.9302551736
265400.0000000000 0.4814002657 1.9302096953
265500.0000000000 0.4814029224 1.9302337159
265600.0000000000 0.4814060937 1.9302380075
265700.0000000000 0.4814073309 1.9302428951
265800.0000000000 0.4814103791 1.9302518954
265900.0000000000 0.4814033833 1.9302389015
266000.0000000000 0.4813909740 1.9301980724
266100.0000000000 0.4814068483 1.9302420010
266200.0000000000 0.4813990086 1.9302114834
266300.0000000000 0.4813995757 1.9302348484
266400.0000000000 0.4814069500 1.9302561869
266500.0000000000 0.4814034865 1.9302410473
266600.0000000000 0.4814025310 1.9302283515
266700.0000000000 0.4814042453 1.9302450408
266800.0000000000 0.4814019021 1.9302431931
266900.0000000000 0.4814000353 1.9302341928
267000.0000000000 0.4814038208 1.9302483191
267100.0000000000 0.4814020718 1.9302517761
267200.0000000000 0.4814037194 1.9302390804
267300.0000000000 0.4814069886 1.9302592863
267400.0000000000 0.4813990389 1.9302414645
267500.0000000000 0.4813965032 1.9302133908
267600.0000000000 0.4814023698 1.9302489747
267700.0000000000 0.4813981345 1.9302208413
267800.0000000000 0.4814008975 1.9302421798
267900.0000000000 0.4814002355 1.9302462925
268000.0000000000 0.4814123779 1.9302625646
268100.0000000000 0.4813990829 1.9302471270
268200.0000000000 0.4813984099 1.9302500476
268300.0000000000 0.4814019646 1.9302395572
268400.0000000000 0.4814027068 1.9302550544
268500.0000000000 0.4813996994 1.9302521338
268600.0000000000 0.4814006430 1.9302606572
268700.0000000000 0.4813989599 1.9302444448
268800.0000000000 0.4814025274 1.9302586903
268900.0000000000 0.4813955548 1.9302418818
269000.0000000000 0.4813969278 1.9302443256
269100.0000000000 0.4813993305 1.9302486767
269200.0000000000 0.4814057320 1.9302662601
269300.0000000000 0.4813975048 1.9302664389
269400.0000000000 0.4813954424 1.9302493920
269500.0000000000 0.4813930375 1.9302260269
269600.0000000000 0.4814088417 1.9302636375
269700.0000000000 0.4813968263 1.9302592267
269800.0000000000 0.4813996177 1.9302426566
269900.0000000000 0.4813859704 1.9302430143
270000.0000000000 0.4814003869 1.9302719225
270100.0000000000 0.4813952827 1.9302495112
270200.0000000000 0.4813949990 1.9302498688
270300.0000000000 0.4813942127 1.9302499284
270400.0000000000 0.4813937567 1.9302439083
270500.0000000000 0.4813950948 1.9302493920
270600.0000000000 0.4813927642 1.9302543391
270700.0000000000 0.4813888699 1.9302449812
270800.0000000000 0.4813901215 1.9302600612
270900.0000000000 0.4813935234 1.9302492131
271000.0000000000 0.4813952100 1.9302608361
271100.0000000000 0.4814012368 1.9302764525
271200.0000000000 0.4813881129 1.9302444448
271300.0000000000 0.4813862874 1.9302505245
271400.0000000000 0.4813877308 1.9302390208
271500.0000000000 0.4813973783 1.9302589287
271600.0000000000 0.4813877470 1.9302485575
271700.0000000000 0.4813894631 1.9302231063
271800.0000000000 0.4813889788 1.9302537431
271900.0000000000 0.4813851121 1.9302349676
272000.0000000000 0.4813965248 1.9302582731
272100.0000000000 0.4813916440 1.9302565445
272200.0000000000 0.4813835168 1.9302518954
272300.0000000000 0.4813894262 1.9302459349
272400.0000000000 0.4813986959 1.9302703728
272500.0000000000 0.4813854519 1.9302560677
272600.0000000000 0.4813885178 1.9302497496
272700.0000000000 0.4813926502 1.9302487363
272800.0000000000 0.4813889678 1.9302530278
272900.0000000000 0.4813824442 1.9302193512
273000.0000000000 0.4813889376 1.9302576770
273100.0000000000 0.4813937619 1.9302594055
273200.0000000000 0.4813872009 1.9302444448
273300.0000000000 0.4813820401 1.9302552928
273400.0000000000 0.4813817960 1.9302379479
273500.0000000000 0.4813802803 1.9302614321
273600.0000000000 0.4813882085 1.9302600612
273700.0000000000 0.4813661572 1.9302048673
273800.0000000000 0.4813848697 1.9302667965
273900.0000000000 0.4813799479 1.9302446236
274000.0000000000 0.4813830768 1.9302598824
274100.0000000000 0.4813884126 1.9302470078
274200.0000000000 0.4813850150 1.9302580942
274300.0000000000 0.4813890516 1.9302588691
274400.0000000000 0.4813797067 1.9302498688
274500.0000000000 0.4813890118 1.9302663793
274600.0000000000 0.4813829705 1.9302542795
274700.0000000000 0.4813959455 1.9302728166
274800.0000000000 0.4813827527 1.9302597036
274900.0000000000 0.4813807474 1.9302634587
275000.0000000000 0.4813793843 1.9302454581
275100.0000000000 0.4813824187 1.9302591671
275200.0000000000 0.4813821103 1.9302593459
275300.0000000000 0.4813748639 1.9302512397
275400.0000000000 0.4813809172 1.9302564849
275500.0000000000 0.4813821692 1.9302669157
275600.0000000000 0.4813816884 1.9302569618
275700.0000000000 0.4813760372 1.9302394976
275800.0000000000 0.4813762855 1.9302612533
275900.0000000000 0.4813811296 1.9302631606
276000.0000000000 0.4813760440 1.9302622666
276100.0000000000 0.4813738363 1.9302464713
276200.0000000000 0.4813748992 1.9302608361
276300.0000000000 0.4813783932 1.9302603592
276400.0000000000 0.4813796034 1.9302757372
276500.0000000000 0.4813782079 1.9302524318
276600.0000000000 0.4813722657 1.9302601208
276700.0000000000 0.4813787630 1.9302627434
276800.0000000000 0.4813797945 1.9302468290
276900.0000000000 0.4813754815 1.9302616109
277000.0000000000 0.4813774996 1.9302640547
277100.0000000000 0.4813765254 1.9302727570
277200.0000000000 0.4813822793 1.9302802076
277300.0000000000 0.4813770654 1.9302710284
277400.0000000000 0.4813850082 1.9302799691
277500.0000000000 0.4813763307 1.9302650680
277600.0000000000 0.4813720925 1.9302471866
277700.0000000000 0.4813744589 1.9302583923
277800.0000000000 0.4813740217 1.9302623858
277900.0000000000 0.4813728891 1.9302556505
278000.0000000000 0.4813789916 1.9302731146
278100.0000000000 0.4813721798 1.9302543988
278200.0000000000 0.4813791242 1.9302636971
278300.0000000000 0.4813793196 1.9302687039
278400.0000000000 0.4813711092 1.9302581538
278500.0000000000 0.4813610128 1.9302282919
278600.0000000000 0.4813628899 1.9302380075
278700.0000000000 0.4813805719 1.9302965392
278800.0000000000 0.4813800689 1.9302763333
278900.0000000000 0.4813719223 1.9302555312
279000.0000000000 0.4813654482 1.9302624454
279100.0000000000 0.4813639058 1.9302492131
279200.0000000000 0.4813676404 1.9302627434
279300.0000000000 0.4813783245 1.9302692999
279400.0000000000 0.4813728666 1.9302768697
279500.0000000000 0.4813709867 1.9302673330
279600.0000000000 0.4813743531 1.9302840819
279700.0000000000 0.4813632916 1.9302412261
279800.0000000000 0.4813721968 1.9302759160
279900.0000000000 0.4813726666 1.9302745451
280000.0000000000 0.4813600915 1.9302455773
280100.0000000000 0.4813687637 1.9302678098
280200.0000000000 0.4813683684 1.9302678694
280300.0000000000 0.4813783305 1.9302704920
280400.0000000000 0.4813716629 1.9302585711
280500.0000000000 0.4813662937 1.9302645315
280600.0000000000 0.4813643072 1.9302577962
280700.0000000000 0.4813679678 1.9302830090
280800.0000000000 0.4813730726 1.9302859892
280900.0000000000 0.4813672389 1.9302789559
281000.0000000000 0.4813734726 1.9302872409
281100.0000000000 0.4813701631 1.9302791347
281200.0000000000 0.4813595409 1.9302664985
281300.0000000000 0.4813641048 1.9302690019
281400.0000000000 0.4813586997 1.9302531471
281500.0000000000 0.4813689143 1.9302800884
281600.0000000000 0.4813584530 1.9302628030
281700.0000000000 0.4813729213 1.9302989830
281800.0000000000 0.4813644246 1.9302756776
281900.0000000000 0.4813649607 1.9302728762
282000.0000000000 0.4813631799 1.9302708496
282100.0000000000 0.4813604353 1.9302580942
282200.0000000000 0.4813682335 1.9302778234
282300.0000000000 0.4813599994 1.9302611341
282400.0000000000 0.4813659929 1.9302691211
282500.0000000000 0.4813578225 1.9302688231
282600.0000000000 0.4813616977 1.9302732934
282700.0000000000 0.4813501152 1.9302345504
282800.0000000000 0.4813574116 1.9302524914
282900.0000000000 0.4813572938 1.9302650084
283000.0000000000 0.4813607109 1.9302785386
283100.0000000000 0.4813641439 1.9302728166
283200.0000000000 0.4813578870 1.9302707304
283300.0000000000 0.4813647677 1.9302775254
283400.0000000000 0.4813610115 1.9302769293
283500.0000000000 0.4813587806 1.9302738299
283600.0000000000 0.4813569426 1.9302718629
283700.0000000000 0.4813644845 1.9302818169
283800.0000000000 0.4813523908 1.9302715649
283900.0000000000 0.4813559411 1.9302693595
284000.0000000000 0.4813484299 1.9302666177
284100.0000000000 0.4813554498 1.9302720417
284200.0000000000 0.4813575981 1.9302777638
284300.0000000000 0.4813582525 1.9302874197
284400.0000000000 0.4813538155 1.9302801480
284500.0000000000 0.4813540897 1.9302771677
284600.0000000000 0.4813572257 1.9302759756
284700.0000000000 0.4813555125 1.9302773465
284800.0000000000 0.4813570421 1.9302853932
284900.0000000000 0.4813555742 1.9302880754
285000.0000000000 0.4813599313 1.9303007712
285100.0000000000 0.4813546941 1.9302759160
285200.0000000000 0.4813544556 1.9302762737
285300.0000000000 0.4813542287 1.9302774061
285400.0000000000 0.4813555782 1.9302850951
285500.0000000000 0.4813502806 1.9302801480
285600.0000000000 0.4813523809 1.9302732934
285700.0000000000 0.4813481186 1.9302643527
285800.0000000000 0.4813531155 1.9302807440
285900.0000000000 0.4813511079 1.9302692999
286000.0000000000 0.4813526341 1.9302793135
286100.0000000000 0.4813529944 1.9302801480
286200.0000000000 0.4813505956 1.9302783598
286300.0000000000 0.4813515169 1.9302806248
286400.0000000000 0.4813487108 1.9302733530
286500.0000000000 0.4813514302 1.9302768697
286600.0000000000 0.4813509866 1.9302738895
286700.0000000000 0.4813371784 1.9302439083
286800.0000000000 0.4813500718 1.9302910556
286900.0000000000 0.4813501077 1.9302801480
287000.0000000000 0.4813517655 1.9302887906
287100.0000000000 0.4813525235 1.9302926053
287200.0000000000 0.4813452012 1.9302708496
287300.0000000000 0.4813466781 1.9302817573
287400.0000000000 0.4813431895 1.9302776446
287500.0000000000 0.4813560462 1.9302963008
287600.0000000000 0.4813423918 1.9302685251
287700.0000000000 0.4813550167 1.9302939166
287800.0000000000 0.4813471212 1.9302737703
287900.0000000000 0.4813413959 1.9302581538
288000.0000000000 0.4813393519 1.9302570810
288100.0000000000 0.4813457907 1.9302750220
288200.0000000000 0.4813463304 1.9302774658
288300.0000000000 0.4813383580 1.9302520742
288400.0000000000 0.4813466517 1.9302818765
288500.0000000000 0.4813433212 1.9302833666
288600.0000000000 0.4813420361 1.9302628030
288700.0000000000 0.4813400708 1.9302658428
288800.0000000000 0.4813475238 1.9302839031
288900.0000000000 0.4813420221 1.9302772869
289000.0000000000 0.4813412321 1.9302694787
289100.0000000000 0.4813434440 1.9302809228
289200.0000000000 0.4813420687 1.9302794327
289300.0000000000 0.4813432071 1.9302871217
289400.0000000000 0.4813442426 1.9302813997
289500.0000000000 0.4813415778 1.9302856316
289600.0000000000 0.4813411826 1.9302858104
289700.0000000000 0.4813446838 1.9302909960
289800.0000000000 0.4813338555 1.9302784194
289900.0000000000 0.4813426078 1.9302794923
290000.0000000000 0.4813433885 1.9302960028
290100.0000000000 0.4813401267 1.9302836050
290200.0000000000 0.4813396903 1.9302833070
290300.0000000000 0.4813406866 1.9302833666
290400.0000000000 0.4813384764 1.9302821149
290500.0000000000 0.4813407217 1.9302868833
290600.0000000000 0.4813405138 1.9302985658
290700.0000000000 0.4813345632 1.9302837838
290800.0000000000 0.4813377500 1.9302950491
290900.0000000000 0.4813365859 1.9302833666
291000.0000000000 0.4813348037 1.9302758564
291100.0000000000 0.4813411229 1.9302850951
291200.0000000000 0.4813342380 1.9302943935
291300.0000000000 0.4813398561 1.9302889098
291400.0000000000 0.4813321484 1.9302756180
291500.0000000000 0.4813331555 1.9302832474
291600.0000000000 0.4813347004 1.9302905192
291700.0000000000 0.4813400121 1.9302953471
291800.0000000000 0.4813314246 1.9302818169
291900.0000000000 0.4813306880 1.9302651872
292000.0000000000 0.4813320196 1.9302771677
292100.0000000000 0.4813342147 1.9302771677
292200.0000000000 0.4813310826 1.9302809824
292300.0000000000 0.4813331351 1.9302796115
292400.0000000000 0.4813309527 1.9302861680
292500.0000000000 0.4813454157 1.9303170432
292600.0000000000 0.4813316896 1.9302886714
292700.0000000000 0.4813287425 1.9302867045
292800.0000000000 0.4813428271 1.9303011288
292900.0000000000 0.4813318068 1.9302891483
293000.0000000000 0.4813333319 1.9302916517
293100.0000000000 0.4813298904 1.9302810420
293200.0000000000 0.4813292156 1.9302809228
293300.0000000000 0.4813299318 1.9302864064
293400.0000000000 0.4813342480 1.9303026785
293500.0000000000 0.4813304664 1.9302939166
293600.0000000000 0.4813327540 1.9302893867
293700.0000000000 0.4813366501 1.9303101887
293800.0000000000 0.4813262382 1.9302916517
293900.0000000000 0.4813317314 1.9302961816
294000.0000000000 0.4813291535 1.9302827706
294100.0000000000 0.4813263857 1.9302924861
294200.0000000000 0.4813272599 1.9302875985
294300.0000000000 0.4813260130 1.9302881350
294400.0000000000 0.4813345720 1.9303212752
294500.0000000000 0.4813285393 1.9302948107
294600.0000000000 0.4813364940 1.9303246726
294700.0000000000 0.4813355926 1.9303020229
294800.0000000000 0.4813267498 1.9302942743
294900.0000000000 0.4813253388 1.9302865853
295000.0000000000 0.4813273235 1.9302791347
295100.0000000000 0.4813250179 1.9302909960
295200.0000000000 0.4813246491 1.9302906980
295300.0000000000 0.4813244818 1.9302753200
295400.0000000000 0.4813254645 1.9302965988
295500.0000000000 0.4813220980 1.9302848567
295600.0000000000 0.4813227364 1.9302881350
295700.0000000000 0.4813207654 1.9302842011
295800.0000000000 0.4813261645 1.9302906384
295900.0000000000 0.4813220700 1.9302926649
296000.0000000000 0.4813218180 1.9302886714
296100.0000000000 0.4813120503 1.9302602400
296200.0000000000 0.4813226973 1.9302941551
296300.0000000000 0.4813215573 1.9302899231
296400.0000000000 0.4813173575 1.9302909960
296500.0000000000 0.4813158711 1.9302830090
296600.0000000000 0.4813196742 1.9302855720
296700.0000000000 0.4813259068 1.9303205599
296800.0000000000 0.4813114184 1.9302768101
296900.0000000000 0.4813188652 1.9302918901
297000.0000000000 0.4813205294 1.9302944531
297100.0000000000 0.4813176508 1.9302973737
297200.0000000000 0.4813187261 1.9302967777
297300.0000000000 0.4813158645 1.9302865257
297400.0000000000 0.4813174123 1.9302973141
297500.0000000000 0.4813139838 1.9302954067
297600.0000000000 0.4813310931 1.9303261031
297700.0000000000 0.4813176941 1.9303029169
297800.0000000000 0.4813180971 1.9302964796
297900.0000000000 0.4813201293 1.9302987446
298000.0000000000 0.4813144150 1.9302923073
298100.0000000000 0.4813117111 1.9302847971
298200.0000000000 0.4813169982 1.9303058972
298300.0000000000 0.4813118455 1.9302963008
298400.0000000000 0.4813205663 1.9302994599
298500.0000000000 0.4813126272 1.9302892675
298600.0000000000 0.4813173071 1.9302967777
298700.0000000000 0.4813135253 1.9302948107
298800.0000000000 0.4813196813 1.9303057184
298900.0000000000 0.4813143309 1.9302999963
299000.0000000000 0.4813118444 1.9302912940
299100.0000000000 0.4813152574 1.9302831878
299200.0000000000 0.4813124165 1.9302965392
299300.0000000000 0.4813183441 1.9303178181
299400.0000000000 0.4813101065 1.9302921285
299500.0000000000 0.4813101120 1.9302961220
299600.0000000000 0.4813103210 1.9303001155
299700.0000000000 0.4813084936 1.9302836050
299800.0000000000 0.4813096781 1.9302951087
299900.0000000000 0.4813212420 1.9303201427
300000.0000000000 0.4813120979 1.9303008308
