100.0000000000 0.7761002495 1.4370102108
200.0000000000 0.9446635974 1.8526990357
300.0000000000 1.1374691810 2.0578448758
400.0000000000 1.1915519141 2.0179620465
500.0000000000 1.1827039835 2.0023729953
600.0000000000 1.1598915790 2.0084684154
700.0000000000 1.1427276611 2.0110942090
800.0000000000 1.1301413443 2.0086854661
900.0000000000 1.1167048300 2.0192480265
1000.0000000000 1.1206724406 2.0261972867
1100.0000000000 1.1376693219 2.0130844785
1200.0000000000 1.1244716917 2.0010652507
1300.0000000000 1.0906973144 1.9902792249
1400.0000000000 1.0558545648 1.9825700452
1500.0000000000 1.0195091016 1.9682234340
1600.0000000000 1.0192892616 1.9670103412
1700.0000000000 1.0211883881 1.9653495155
1800.0000000000 0.9693460755 1.9536838288
1900.0000000000 0.9236551037 1.9327709962
2000.0000000000 0.8953105538 1.9105575738
2100.0000000000 0.9189434039 1.9556076190
2200.0000000000 0.8957478345 1.9575264077
2300.0000000000 0.8542526220 1.9170699084
2400.0000000000 0.8203602372 1.8913480899
2500.0000000000 0.8965277691 1.9533285162
2600.0000000000 0.8452482798 1.9060732874
2700.0000000000 0.8075016561 1.8798302564
2800.0000000000 0.7726135179 1.8461252394
2900.0000000000 0.7951847661 1.8571165262
3000.0000000000 0.7567681663 1.8130365166
3100.0000000000 0.7627725879 1.8082596276
3200.0000000000 0.7389695319 1.7527700875
3300.0000000000 0.7176640741 1.7261948973
3400.0000000000 0.6898573726 1.6843462409
3500.0000000000 0.7281752009 1.7787635714
3600.0000000000 0.6963650551 1.7402674944
3700.0000000000 0.6976788307 1.7177548200
3800.0000000000 0.6746204159 1.6751884326
3900.0000000000 0.6644730290 1.6609445633
4000.0000000000 0.6403061523 1.5980475040
4100.0000000000 0.6612103521 1.6443952942
4200.0000000000 0.6399411893 1.6127974213
4300.0000000000 0.6533846869 1.6310960145
4400.0000000000 0.6348674402 1.5954630793
4500.0000000000 0.6150041558 1.5467822970
4600.0000000000 0.6223383293 1.5621887864
4700.0000000000 0.6040485312 1.5189678164
4800.0000000000 0.6159783543 1.5503479065
4900.0000000000 0.6006424476 1.5167340727
5000.0000000000 0.6129816944 1.5529694052
5100.0000000000 0.5935744257 1.4953442307
5200.0000000000 0.5809464273 1.4415752382
5300.0000000000 0.6220232828 1.5404059137
5400.0000000000 0.6004643327 1.5517239595
5500.0000000000 0.6006873793 1.5161432052
5600.0000000000 0.5919705618 1.4903874421
5700.0000000000 0.5785014278 1.4368727231
5800.0000000000 0.5734937389 1.4264422502
5900.0000000000 0.5708117447 1.4041504706
6000.0000000000 0.5825456457 1.4614859527
6100.0000000000 0.5737942214 1.4304186410
6200.0000000000 0.5580408583 1.3814351863
6300.0000000000 0.5685530275 1.3972996505
6400.0000000000 0.5757892349 1.4395413430
6500.0000000000 0.5656594310 1.3919376762
6600.0000000000 0.5666081393 1.4180269273
6700.0000000000 0.5564825610 1.3785636456
6800.0000000000 0.5621942418 1.4038199218
6900.0000000000 0.5597664954 1.3937533529
7000.0000000000 0.5595906368 1.3825270565
7100.0000000000 0.5520639376 1.3533638747
7200.0000000000 0.5901160922 1.4489403075
7300.0000000000 0.5723558238 1.4208581155
7400.0000000000 0.5656142240 1.3973535007
7500.0000000000 0.5535111524 1.3253612226
7600.0000000000 0.5447717992 1.2713152798
7700.0000000000 0.5541695069 1.3714473875
7800.0000000000 0.5455990320 1.3138713868
7900.0000000000 0.5499416738 1.3761502536
8000.0000000000 0.5441409056 1.3368372352
8100.0000000000 0.5418568305 1.3308770092
8200.0000000000 0.5388943635 1.3124073775
8300.0000000000 0.5717101487 1.4726921581
8400.0000000000 0.5502877434 1.3610374593
8500.0000000000 0.5465268786 1.3296320521
8600.0000000000 0.5461042290 1.3390381964
8700.0000000000 0.5407622762 1.3064887555
8800.0000000000 0.5464022001 1.3526181014
8900.0000000000 0.5365834600 1.2801686557
9000.0000000000 0.5356750718 1.2790374191
9100.0000000000 0.5366029496 1.2801295252
9200.0000000000 0.5447707197 1.3483832510
9300.0000000000 0.5362184654 1.2792141469
9400.0000000000 0.5327284948 1.2584746809
9500.0000000000 0.5517557630 1.3929175170
9600.0000000000 0.5345424417 1.2786651583
9700.0000000000 0.5348938942 1.3189006479
9800.0000000000 0.6534845966 1.3559062743
9900.0000000000 0.6771815666 1.6774653985
10000.0000000000 0.6874107592 1.7394885018
10100.0000000000 0.6782953213 1.7018059796
10200.0000000000 0.6702076112 1.6662801808
10300.0000000000 0.6623900813 1.6366049355
10400.0000000000 0.6558727763 1.6168737715
10500.0000000000 0.6498829433 1.6015203303
10600.0000000000 0.6440321871 1.5862837142
10700.0000000000 0.6384218083 1.5692513889
10800.0000000000 0.6329701660 1.5530342902
10900.0000000000 0.6275829589 1.5539923753
11000.0000000000 0.6318833505 1.5627945508
11100.0000000000 0.6193484057 1.5689307298
11200.0000000000 0.6131848751 1.5595039572
11300.0000000000 0.6077733946 1.5496468391
11400.0000000000 0.6026028534 1.5383469628
11500.0000000000 0.6049973137 1.5679197477
11600.0000000000 0.5950340537 1.5112044977
11700.0000000000 0.5944898600 1.5135327743
11800.0000000000 0.5883854389 1.4882568882
11900.0000000000 0.5826907918 1.4625335020
12000.0000000000 0.5925298658 1.5036018060
12100.0000000000 0.5856824230 1.4655123633
12200.0000000000 0.5792472789 1.4098593873
12300.0000000000 0.5731030551 1.3936750573
12400.0000000000 0.5677284125 1.3676181716
12500.0000000000 0.5710097031 1.3487944883
12600.0000000000 0.5776214921 1.4021600765
12700.0000000000 0.5697222319 1.3590151352
12800.0000000000 0.5639588160 1.3264342827
12900.0000000000 0.5602185019 1.2857460362
13000.0000000000 0.5545772420 1.2620004696
13100.0000000000 0.5609912473 1.3297483490
13200.0000000000 0.5656847721 1.3240433367
13300.0000000000 0.5570716969 1.2765424283
13400.0000000000 0.5542956924 1.2388383430
13500.0000000000 0.5490835534 1.2159769517
13600.0000000000 0.5454902557 1.1983681188
13700.0000000000 0.5547579216 1.2689530717
13800.0000000000 0.5480368146 1.2293801771
13900.0000000000 0.5561789861 1.2084109352
14000.0000000000 0.5592368300 1.2675798815
14100.0000000000 0.5509562539 1.2312929200
14200.0000000000 0.5465271084 1.2102872895
14300.0000000000 0.5429961459 1.1921768950
14400.0000000000 0.5566757777 1.3127052353
14500.0000000000 0.5487701063 1.2480240033
14600.0000000000 0.5440261497 1.2136798666
14700.0000000000 0.5428961114 1.1928402649
14800.0000000000 0.5418950289 1.1983222531
14900.0000000000 0.5407231998 1.1987317668
15000.0000000000 0.5376355738 1.1774054037
15100.0000000000 0.5352138637 1.1597964929
15200.0000000000 0.5328911409 1.1438250707
15300.0000000000 0.5463376355 1.2387752515
15400.0000000000 0.5391281029 1.1712334619
15500.0000000000 0.5370825194 1.1805134696
15600.0000000000 0.5337860667 1.1573459969
15700.0000000000 0.5325368580 1.1538974510
15800.0000000000 0.5320499396 1.1580169664
15900.0000000000 0.5325851994 1.1471885906
16000.0000000000 0.5326731840 1.1589103208
16100.0000000000 0.5385526377 1.2006321830
16200.0000000000 0.5344803190 1.1592325435
16300.0000000000 0.5318559806 1.1554379032
16400.0000000000 0.5311763129 1.1481888339
16500.0000000000 0.5306488017 1.1451612756
16600.0000000000 0.5330886596 1.1669200704
16700.0000000000 0.5297832300 1.1495116994
16800.0000000000 0.5303196483 1.1486234710
16900.0000000000 0.5338711400 1.1837356136
17000.0000000000 0.5322695134 1.2007199571
17100.0000000000 0.5313536403 1.1837311432
17200.0000000000 0.5237077410 1.1613609836
17300.0000000000 0.5266053486 1.1423509762
17400.0000000000 0.5272828450 1.1513683245
17500.0000000000 0.5311865660 1.1992466779
17600.0000000000 0.5284246683 1.1687450738
17700.0000000000 0.5255559952 1.1491767809
17800.0000000000 0.5262759213 1.1524780126
17900.0000000000 0.5256675534 1.1431796284
18000.0000000000 0.5234180808 1.1413808198
18100.0000000000 0.5258233128 1.1570884914
18200.0000000000 0.5249772113 1.1304290624
18300.0000000000 0.5236413640 1.1302898855
18400.0000000000 0.5258243433 1.2113443942
18500.0000000000 0.5243531617 1.1629090042
18600.0000000000 0.5261324814 1.1833040447
18700.0000000000 0.5235445329 1.1844917865
18800.0000000000 0.5223945814 1.1346656413
18900.0000000000 0.5251574215 1.2020483346
19000.0000000000 0.5216976485 1.1443174214
19100.0000000000 0.5226308668 1.1459480257
19200.0000000000 0.5250034194 1.1668244929
19300.0000000000 0.5313044617 1.3315695556
19400.0000000000 0.5246522802 1.2533709736
19500.0000000000 0.5212832754 1.2075624199
19600.0000000000 0.5189700230 1.1792949767
19700.0000000000 0.5172669568 1.1604380341
19800.0000000000 0.5116944643 1.1282397540
19900.0000000000 0.5150403749 1.1193749638
20000.0000000000 0.5144043269 1.1177734764
20100.0000000000 0.5139213079 1.1145997079
20200.0000000000 0.5134259172 1.1104685994
20300.0000000000 0.5128989308 1.1055310400
20400.0000000000 0.5129260761 1.0836906166
20500.0000000000 0.5129277082 1.0775868328
20600.0000000000 0.5119823505 1.0707213612
20700.0000000000 0.5199690748 1.1714611085
20800.0000000000 0.5146951343 1.1143442424
20900.0000000000 0.5162574030 1.0975360902
21000.0000000000 0.5132715299 1.0859738620
21100.0000000000 0.5127459426 1.0814226003
21200.0000000000 0.5154776958 1.1068532200
21300.0000000000 0.5150448033 1.0726076098
21400.0000000000 0.5147628521 1.0789643557
21500.0000000000 0.5168375735 1.0909962685
21600.0000000000 0.5220495991 1.0672596426
21700.0000000000 0.5189462302 1.1055596502
21800.0000000000 0.5174595212 1.0859261783
21900.0000000000 0.5175771572 1.0784721406
22000.0000000000 0.5154906136 1.0786998005
22100.0000000000 0.5161865825 1.0733671220
22200.0000000000 0.5156112891 1.0665349992
22300.0000000000 0.5178693686 1.0839432211
22400.0000000000 0.5169131498 1.0668092699
22500.0000000000 0.5196779317 1.0629005762
22600.0000000000 0.5160563037 1.0667826863
22700.0000000000 0.5139438515 1.0593706103
22800.0000000000 0.5170842068 1.0728862317
22900.0000000000 0.5135093024 1.0912182660
23000.0000000000 0.5105988943 1.0717761548
23100.0000000000 0.5116788258 1.0450599225
23200.0000000000 0.5117713791 1.0694496663
23300.0000000000 0.5096409930 1.0650324555
23400.0000000000 0.5112600882 1.0514396311
23500.0000000000 0.5098584483 1.0635091992
23600.0000000000 0.5107790721 1.0747065575
23700.0000000000 0.5155297407 1.0959092726
23800.0000000000 0.5121375410 1.0851071508
23900.0000000000 0.5092653387 1.0710613759
24000.0000000000 0.5076118063 1.0650869639
24100.0000000000 0.5062792358 1.1108533789
24200.0000000000 0.5055907916 1.1013429494
24300.0000000000 0.5034339960 1.0907665224
24400.0000000000 0.5020643858 1.0784199865
24500.0000000000 0.4990431653 1.0747751625
24600.0000000000 0.5032389791 1.0944480331
24700.0000000000 0.4998549241 1.0818487735
24800.0000000000 0.5003153464 1.1007916977
24900.0000000000 0.4977860052 1.1132772912
25000.0000000000 0.4963447513 1.1278919329
25100.0000000000 0.4934713497 1.1148751129
25200.0000000000 0.4908312409 1.1188752700
25300.0000000000 0.4887269303 1.1197893371
25400.0000000000 0.4875691622 1.1563774993
25500.0000000000 0.4825286060 1.1234066834
25600.0000000000 0.4774125729 1.1565526177
25700.0000000000 0.4710198652 1.0999853642
25800.0000000000 0.4634061953 1.1648323287
25900.0000000000 0.4510569445 1.1939282765
26000.0000000000 0.3780185026 1.2309688975
26100.0000000000 0.2757529942 1.1555848469
26200.0000000000 0.2452355177 1.1393755426
26300.0000000000 0.2128424018 1.0338777949
26400.0000000000 0.1960634049 0.9092681755
26500.0000000000 0.1832398733 0.8163653485
26600.0000000000 0.1756001053 0.8096985755
26700.0000000000 0.1684218416 0.7914627598
26800.0000000000 0.1669820061 0.8159342812
26900.0000000000 0.1613999478 0.7782152997
27000.0000000000 0.1567359465 0.7861861934
27100.0000000000 0.1537108409 0.7534766842
27200.0000000000 0.1511467877 0.7541693871
27300.0000000000 0.1472343517 0.7365477060
27400.0000000000 0.1445203909 0.7369344656
27500.0000000000 0.1388362076 0.6864895535
27600.0000000000 0.1354089041 0.6563585822
27700.0000000000 0.1317481981 0.6440801405
27800.0000000000 0.1304218983 0.6469332693
27900.0000000000 0.1264224137 0.6330990387
28000.0000000000 0.1309915220 0.6379353785
28100.0000000000 0.1256711845 0.6343515334
28200.0000000000 0.1218104617 0.6255928917
28300.0000000000 0.1186793391 0.6155357850
28400.0000000000 0.1188252458 0.6161520226
28500.0000000000 0.1161989722 0.6165050013
28600.0000000000 0.1164835221 0.6174337907
28700.0000000000 0.1120725379 0.6053014291
28800.0000000000 0.1100767756 0.5990331365
28900.0000000000 0.1150275398 0.5965745790
29000.0000000000 0.1090323578 0.5895090891
29100.0000000000 0.1071066822 0.5803650064
29200.0000000000 0.1067879773 0.5886666698
29300.0000000000 0.1066708142 0.5831209315
29400.0000000000 0.1041392730 0.5844115837
29500.0000000000 0.1023760818 0.5862655563
29600.0000000000 0.1030943065 0.5860224886
29700.0000000000 0.1216784017 0.6093745572
29800.0000000000 0.5620817485 1.4139650768
29900.0000000000 0.5686327578 1.3608952468
30000.0000000000 0.5684076868 1.3561928005
30100.0000000000 0.5654295172 1.3684788552
30200.0000000000 0.5563127129 1.3523696990
30300.0000000000 0.5417202923 1.2948304148
30400.0000000000 0.5291205083 1.2258231089
30500.0000000000 0.5204357470 1.1673519080
30600.0000000000 0.5170340693 1.1212996309
30700.0000000000 0.5100426840 1.0797290034
30800.0000000000 0.5063807041 1.0570114857
30900.0000000000 0.5025321844 1.0525570071
31000.0000000000 0.4989831613 1.0394525236
31100.0000000000 0.4948347109 1.0207169658
31200.0000000000 0.4920450106 1.0200889712
31300.0000000000 0.4897894872 1.0160883075
31400.0000000000 0.4849181406 1.0095685726
31500.0000000000 0.4798871576 1.0010524398
31600.0000000000 0.4749183107 0.9943584433
31700.0000000000 0.4687838537 0.9884204051
31800.0000000000 0.4602698088 0.9851116693
31900.0000000000 0.4429973003 0.9616425714
32000.0000000000 0.3623913555 0.8816073121
32100.0000000000 0.1438866303 0.7204030988
32200.0000000000 0.1311860307 0.7075540019
32300.0000000000 0.1305760393 0.7069284027
32400.0000000000 0.1309801020 0.7104973873
32500.0000000000 0.1269993699 0.6984147658
32600.0000000000 0.1280036502 0.7010726934
32700.0000000000 0.1259757520 0.6954276493
32800.0000000000 0.1243065448 0.6889490081
32900.0000000000 0.1229957924 0.6868002010
33000.0000000000 0.1187777945 0.6663777424
33100.0000000000 0.1167485270 0.6554639978
33200.0000000000 0.1136084056 0.6442624671
33300.0000000000 0.1116371100 0.6370946137
33400.0000000000 0.1108205397 0.6269908292
33500.0000000000 0.1093940674 0.6220827324
33600.0000000000 0.1072988468 0.6100785656
33700.0000000000 0.1047794799 0.6011864765
33800.0000000000 0.1040931357 0.5985789521
33900.0000000000 0.1018106624 0.5899486167
34000.0000000000 0.1004610171 0.5731609685
34100.0000000000 0.0999959367 0.5809682233
34200.0000000000 0.0960509072 0.5646927280
34300.0000000000 0.0948004043 0.5607333554
34400.0000000000 0.0948060623 0.5613648964
34500.0000000000 0.0936934788 0.5519895477
34600.0000000000 0.0934321812 0.5568094177
34700.0000000000 0.0909848912 0.5465745701
34800.0000000000 0.0893174803 0.5422719194
34900.0000000000 0.0900915194 0.5455619318
35000.0000000000 0.0881162222 0.5387723221
35100.0000000000 0.0862390694 0.5334059222
35200.0000000000 0.0850735632 0.5304025083
35300.0000000000 0.0853271252 0.5253580480
35400.0000000000 0.0835423036 0.5219418226
35500.0000000000 0.0824088155 0.5206965028
35600.0000000000 0.0814606996 0.5175737708
35700.0000000000 0.0806872273 0.5183608799
35800.0000000000 0.0798972570 0.5166697173
35900.0000000000 0.0789794924 0.5114827870
36000.0000000000 0.0793350751 0.5197363912
36100.0000000000 0.0765266116 0.5081881701
36200.0000000000 0.0775227493 0.5065888880
36300.0000000000 0.0755824858 0.5018793462
36400.0000000000 0.0749315784 0.4953210174
36500.0000000000 0.0732707568 0.4909945844
36600.0000000000 0.0729735400 0.4882173209
36700.0000000000 0.0714799295 0.4888673328
36800.0000000000 0.0711500703 0.4833403348
36900.0000000000 0.0706274820 0.4810432248
37000.0000000000 0.0690947374 0.4771001094
37100.0000000000 0.0702941206 0.4751727038
37200.0000000000 0.0683556491 0.4773162060
37300.0000000000 0.0662557103 0.4659567826
37400.0000000000 0.0667036914 0.4643172078
37500.0000000000 0.0656910753 0.4677459650
37600.0000000000 0.0637736886 0.4542064421
37700.0000000000 0.0629853397 0.4538179689
37800.0000000000 0.0620792511 0.4457333886
37900.0000000000 0.0617636756 0.4508278125
38000.0000000000 0.0603484842 0.4448744707
38100.0000000000 0.0603146960 0.4422823247
38200.0000000000 0.0600771780 0.4414199498
38300.0000000000 0.0578914388 0.4302467314
38400.0000000000 0.0570014685 0.4247044829
38500.0000000000 0.0570764328 0.4278444705
38600.0000000000 0.0551464388 0.4191232082
38700.0000000000 0.0533960704 0.4093380478
38800.0000000000 0.0541329180 0.4126373884
38900.0000000000 0.0536686808 0.4135398325
39000.0000000000 0.0519306618 0.4044676331
39100.0000000000 0.0543401948 0.4154298809
39200.0000000000 0.0511474283 0.4005443212
39300.0000000000 0.0496613628 0.3928228077
39400.0000000000 0.0486745120 0.3832855107
39500.0000000000 0.0487068940 0.3860823867
39600.0000000000 0.0484644212 0.3822891743
39700.0000000000 0.0488666873 0.3852639527
39800.0000000000 0.0465303649 0.3756957681
39900.0000000000 0.0458108119 0.3719310344
40000.0000000000 0.0465048166 0.3628142209
40100.0000000000 0.0450667008 0.3675229878
40200.0000000000 0.0439546811 0.3622683169
40300.0000000000 0.0439026799 0.3590301455
40400.0000000000 0.0438053156 0.3575758369
40500.0000000000 0.0433751062 0.3563422890
40600.0000000000 0.0423177096 0.3531715454
40700.0000000000 0.0416218709 0.3484808089
40800.0000000000 0.0405334832 0.3427612216
40900.0000000000 0.0404285803 0.3422429742
41000.0000000000 0.0396307313 0.3316280873
41100.0000000000 0.0390249012 0.3317124577
41200.0000000000 0.0395899448 0.3319515617
41300.0000000000 0.0394011417 0.3320405514
41400.0000000000 0.0371393708 0.3217880757
41500.0000000000 0.0374126049 0.3247751625
41600.0000000000 0.0374091702 0.3203872771
41700.0000000000 0.0360879485 0.3149161668
41800.0000000000 0.0352702893 0.3111242683
41900.0000000000 0.0355219512 0.3126279310
42000.0000000000 0.0355198853 0.3106311009
42100.0000000000 0.0365245210 0.3171970442
42200.0000000000 0.0351825813 0.3050833986
42300.0000000000 0.0352705537 0.3065890268
42400.0000000000 0.0342459627 0.3039483175
42500.0000000000 0.0349883039 0.3086252854
42600.0000000000 0.0335970205 0.2979351327
42700.0000000000 0.0333672592 0.2982980058
42800.0000000000 0.0337323910 0.2998890624
42900.0000000000 0.0339856911 0.3039589271
43000.0000000000 0.0330998515 0.2990756974
43100.0000000000 0.0326156584 0.2953776762
43200.0000000000 0.0327054085 0.2916932151
43300.0000000000 0.0322845808 0.2901023075
43400.0000000000 0.0313143720 0.2821980164
43500.0000000000 0.0311398812 0.2769943819
43600.0000000000 0.0316618316 0.2813696012
43700.0000000000 0.0299219006 0.2750478432
43800.0000000000 0.0299997405 0.2721965060
43900.0000000000 0.0311808750 0.2823548064
44000.0000000000 0.0298402857 0.2741026923
44100.0000000000 0.0293445060 0.2703397319
44200.0000000000 0.0290410676 0.2647892878
44300.0000000000 0.0300324978 0.2687219724
44400.0000000000 0.0301779351 0.2749591217
44500.0000000000 0.0282579411 0.2643152520
44600.0000000000 0.0280518543 0.2629445240
44700.0000000000 0.0292955923 0.2658298955
44800.0000000000 0.0295775548 0.2698133037
44900.0000000000 0.0268447996 0.2497046933
45000.0000000000 0.0284371883 0.2603440628
45100.0000000000 0.0277191108 0.2582912490
45200.0000000000 0.0273094780 0.2562963412
45300.0000000000 0.0275884499 0.2511527583
45400.0000000000 0.0270253230 0.2532470867
45500.0000000000 0.0263675789 0.2480070934
45600.0000000000 0.0266172703 0.2520628021
45700.0000000000 0.0261274232 0.2489128456
45800.0000000000 0.0274606031 0.2535535738
45900.0000000000 0.0256092218 0.2419654474
46000.0000000000 0.0256775946 0.2433026180
46100.0000000000 0.0253467097 0.2400455520
46200.0000000000 0.0260888740 0.2421007797
46300.0000000000 0.0274144602 0.2272624120
46400.0000000000 0.0249789317 0.2344794318
46500.0000000000 0.0250380398 0.2369349942
46600.0000000000 0.0254510039 0.2372761712
46700.0000000000 0.0238405838 0.2302473531
46800.0000000000 0.0241605839 0.2329084322
46900.0000000000 0.0246387291 0.2337186997
47000.0000000000 0.0237212253 0.2269145593
47100.0000000000 0.0247993716 0.2356211290
47200.0000000000 0.0237677197 0.2250930136
47300.0000000000 0.0230893167 0.2212384984
47400.0000000000 0.0230510337 0.2244120881
47500.0000000000 0.0250660236 0.2347910449
47600.0000000000 0.0244249679 0.2316524133
47700.0000000000 0.0241898964 0.2301523154
47800.0000000000 0.0235177198 0.2239126926
47900.0000000000 0.0227207106 0.2227404480
48000.0000000000 0.0236242368 0.2294876938
48100.0000000000 0.0227575678 0.2235267823
48200.0000000000 0.0230758812 0.2246296471
48300.0000000000 0.0233557170 0.2200762992
48400.0000000000 0.0231916103 0.2245267992
48500.0000000000 0.0227908060 0.2212325995
48600.0000000000 0.0219516536 0.2179643875
48700.0000000000 0.0222555273 0.2179035311
48800.0000000000 0.0218373882 0.2175543671
48900.0000000000 0.0222388396 0.2170512741
49000.0000000000 0.0217227344 0.2152221268
49100.0000000000 0.0221757470 0.2164056068
49200.0000000000 0.0216070201 0.2108336752
49300.0000000000 0.0212725681 0.2116994923
49400.0000000000 0.0212541613 0.2074216967
49500.0000000000 0.0215665109 0.2089350884
49600.0000000000 0.0218641752 0.2170567577
49700.0000000000 0.0213824474 0.2102018063
49800.0000000000 0.0213042718 0.2077793842
49900.0000000000 0.0202056748 0.2018882697
50000.0000000000 0.0201194964 0.2011877959
50100.0000000000 0.0198466465 0.1995334094
50200.0000000000 0.0196741694 0.1983049577
50300.0000000000 0.0205095059 0.2006924217
50400.0000000000 0.0196224710 0.1952104037
50500.0000000000 0.0186007569 0.1908305948
50600.0000000000 0.0193278653 0.1936647659
50700.0000000000 0.0194787777 0.1960563724
50800.0000000000 0.0185373689 0.1888432269
50900.0000000000 0.0190042619 0.1900372570
51000.0000000000 0.0190317361 0.1875622039
51100.0000000000 0.0187773469 0.1873643761
51200.0000000000 0.0182201342 0.1855160659
51300.0000000000 0.0189963745 0.1843644445
51400.0000000000 0.0175847095 0.1789721315
51500.0000000000 0.0182936855 0.1846420830
51600.0000000000 0.0180582592 0.1830691462
51700.0000000000 0.0177657929 0.1791653102
51800.0000000000 0.0172791029 0.1760925715
51900.0000000000 0.0177288679 0.1792583828
52000.0000000000 0.0181672383 0.1784050529
52100.0000000000 0.0172799307 0.1764322584
52200.0000000000 0.0180377989 0.1813297038
52300.0000000000 0.0177894582 0.1811701124
52400.0000000000 0.0178509103 0.1783620482
52500.0000000000 0.0174009264 0.1782468622
52600.0000000000 0.0180517259 0.1813357239
52700.0000000000 0.0173219457 0.1753601199
52800.0000000000 0.0171830390 0.1732425158
52900.0000000000 0.0168496243 0.1729443436
53000.0000000000 0.0205818790 0.1821658676
53100.0000000000 0.0172990568 0.1736310487
53200.0000000000 0.0173172125 0.1743042236
53300.0000000000 0.0171301476 0.1720559960
53400.0000000000 0.0167597325 0.1710162228
53500.0000000000 0.0165719746 0.1697612172
53600.0000000000 0.0169636363 0.1718437736
53700.0000000000 0.0165363697 0.1695621674
53800.0000000000 0.0162648129 0.1689725285
53900.0000000000 0.0153552845 0.1619364088
54000.0000000000 0.0165610867 0.1649410193
54100.0000000000 0.0162442878 0.1655496424
54200.0000000000 0.0159199088 0.1631804769
54300.0000000000 0.0166149469 0.1683560079
54400.0000000000 0.0163700653 0.1677958434
54500.0000000000 0.0149098905 0.1581549411
54600.0000000000 0.0159023747 0.1630267566
54700.0000000000 0.0158413102 0.1623479491
54800.0000000000 0.0154868229 0.1610568827
54900.0000000000 0.0155648418 0.1607968872
55000.0000000000 0.0159603606 0.1626594727
55100.0000000000 0.0155846441 0.1608899897
55200.0000000000 0.0153193042 0.1591875022
55300.0000000000 0.0159608107 0.1596382325
55400.0000000000 0.0151511301 0.1564768916
55500.0000000000 0.0148767844 0.1549292868
55600.0000000000 0.0149618049 0.1563952034
55700.0000000000 0.0151147411 0.1567801004
55800.0000000000 0.0150099167 0.1550348168
55900.0000000000 0.0145625580 0.1529808109
56000.0000000000 0.0148689037 0.1536305910
56100.0000000000 0.0140143599 0.1494422620
56200.0000000000 0.0141311854 0.1480064755
56300.0000000000 0.0138574407 0.1441413527
56400.0000000000 0.0139238881 0.1459567314
56500.0000000000 0.0137273155 0.1443511610
56600.0000000000 0.0130966928 0.1402498250
56700.0000000000 0.0139777750 0.1430753832
56800.0000000000 0.0134929616 0.1408453350
56900.0000000000 0.0131858058 0.1389171248
57000.0000000000 0.0133693568 0.1399792796
57100.0000000000 0.0136420754 0.1408570474
57200.0000000000 0.0137413575 0.1403670972
57300.0000000000 0.0131414471 0.1389611428
57400.0000000000 0.0139442789 0.1427933042
57500.0000000000 0.0131250384 0.1369192367
57600.0000000000 0.0133464621 0.1385489767
57700.0000000000 0.0131508520 0.1365595227
57800.0000000000 0.0130680442 0.1361684268
57900.0000000000 0.0123086023 0.1298236316
58000.0000000000 0.0125951363 0.1322477525
58100.0000000000 0.0128429889 0.1342355674
58200.0000000000 0.0129267619 0.1349152987
58300.0000000000 0.0129477956 0.1333702271
58400.0000000000 0.0127740922 0.1272129779
58500.0000000000 0.0140133580 0.1390064125
58600.0000000000 0.0132153399 0.1316736703
58700.0000000000 0.0125365402 0.1320664053
58800.0000000000 0.0123601825 0.1290941601
58900.0000000000 0.0126324270 0.1305877929
59000.0000000000 0.0119824464 0.1250131195
59100.0000000000 0.0125642084 0.1312536960
59200.0000000000 0.0122449495 0.1271759634
59300.0000000000 0.0124409130 0.1287974780
59400.0000000000 0.0134316432 0.1321732765
59500.0000000000 0.0125065126 0.1277264123
59600.0000000000 0.0139894935 0.1373892552
59700.0000000000 0.0127168556 0.1297272509
59800.0000000000 0.0130410040 0.1315586036
59900.0000000000 0.0126561349 0.1296548373
60000.0000000000 0.0137722895 0.1377219325
60100.0000000000 0.0128802393 0.1324305897
60200.0000000000 0.0124889099 0.1298580234
60300.0000000000 0.0121652405 0.1277296012
60400.0000000000 0.0123906446 0.1299235289
60500.0000000000 0.0124283308 0.1290965443
60600.0000000000 0.0116236503 0.1239971583
60700.0000000000 0.0112873215 0.1219355292
60800.0000000000 0.0113592107 0.1217194325
60900.0000000000 0.0115690487 0.1222035713
61000.0000000000 0.0114862082 0.1219822531
61100.0000000000 0.0107393716 0.1164300270
61200.0000000000 0.0109138876 0.1175260670
61300.0000000000 0.0111284749 0.1185437506
61400.0000000000 0.0110537911 0.1155867404
61500.0000000000 0.0108964367 0.1159880585
61600.0000000000 0.0105576727 0.1128742462
61700.0000000000 0.0110422896 0.1150905555
61800.0000000000 0.0105581154 0.1117320125
61900.0000000000 0.0107363642 0.1139100916
62000.0000000000 0.0113749046 0.1156878299
62100.0000000000 0.0103435365 0.1101532406
62200.0000000000 0.0104228756 0.1099836356
62300.0000000000 0.0102525565 0.1087849564
62400.0000000000 0.0104202638 0.1095480388
62500.0000000000 0.0103937210 0.1090468829
62600.0000000000 0.0101821535 0.1069093411
62700.0000000000 0.0103204012 0.1068273251
62800.0000000000 0.0100175140 0.1047704583
62900.0000000000 0.0099333498 0.1036951607
63000.0000000000 0.0100788289 0.1029267139
63100.0000000000 0.0106359232 0.1074252193
63200.0000000000 0.0107180116 0.1091711288
63300.0000000000 0.0114460211 0.1119692451
63400.0000000000 0.0105407327 0.1082730954
63500.0000000000 0.0105600141 0.1075234241
63600.0000000000 0.0102196725 0.1070735580
63700.0000000000 0.0104953720 0.1072356170
63800.0000000000 0.0103865367 0.1076473956
63900.0000000000 0.0096618004 0.1017842060
64000.0000000000 0.0104908764 0.1068893736
64100.0000000000 0.0099299436 0.1044156379
64200.0000000000 0.0098646892 0.1046005850
64300.0000000000 0.0105089642 0.1078006094
64400.0000000000 0.0101998517 0.1055655544
64500.0000000000 0.0101509845 0.1052538878
64600.0000000000 0.0095811808 0.0996231501
64700.0000000000 0.0095855909 0.1007021134
64800.0000000000 0.0092272388 0.0967742629
64900.0000000000 0.0096890338 0.0996381407
65000.0000000000 0.0095386696 0.0994775421
65100.0000000000 0.0094503736 0.0986782140
65200.0000000000 0.0093854795 0.0982910819
65300.0000000000 0.0105269461 0.1016481645
65400.0000000000 0.0094130686 0.0979907340
65500.0000000000 0.0091123016 0.0959977335
65600.0000000000 0.0095826301 0.0980198509
65700.0000000000 0.0090879973 0.0968697197
65800.0000000000 0.0091469591 0.0959685273
65900.0000000000 0.0090082442 0.0946618444
66000.0000000000 0.0087656976 0.0946159787
66100.0000000000 0.0090652087 0.0945096738
66200.0000000000 0.0091685262 0.0949472315
66300.0000000000 0.0086252776 0.0910518891
66400.0000000000 0.0085957480 0.0914912648
66500.0000000000 0.0087457329 0.0901744194
66600.0000000000 0.0085749578 0.0898077316
66700.0000000000 0.0085252847 0.0899338848
66800.0000000000 0.0099112511 0.0906860954
66900.0000000000 0.0087208325 0.0906408257
67000.0000000000 0.0086884196 0.0903428858
67100.0000000000 0.0088809126 0.0901987915
67200.0000000000 0.0088514775 0.0905327029
67300.0000000000 0.0083802604 0.0872832961
67400.0000000000 0.0084830097 0.0885810382
67500.0000000000 0.0083919324 0.0880701966
67600.0000000000 0.0085440316 0.0891085989
67700.0000000000 0.0087389717 0.0889078505
67800.0000000000 0.0092101697 0.0887824721
67900.0000000000 0.0083958203 0.0868746466
68000.0000000000 0.0085002632 0.0863545602
68100.0000000000 0.0088541044 0.0880873627
68200.0000000000 0.0089617383 0.0869030421
68300.0000000000 0.0085397190 0.0864609606
68400.0000000000 0.0090414426 0.0905288286
68500.0000000000 0.0085761877 0.0880192048
68600.0000000000 0.0087299535 0.0881594247
68700.0000000000 0.0083514966 0.0864752657
68800.0000000000 0.0082318523 0.0849159188
68900.0000000000 0.0093686892 0.0856205649
69000.0000000000 0.0086028991 0.0845666952
69100.0000000000 0.0083673786 0.0849720663
69200.0000000000 0.0082375301 0.0854483969
69300.0000000000 0.0087535023 0.0867157406
69400.0000000000 0.0082349580 0.0849842257
69500.0000000000 0.0079876416 0.0839494295
69600.0000000000 0.0079411726 0.0814550645
69700.0000000000 0.0078150895 0.0815193481
69800.0000000000 0.0078925063 0.0824980266
69900.0000000000 0.0082357003 0.0834515221
70000.0000000000 0.0077955100 0.0810681707
70100.0000000000 0.0077953295 0.0810650117
70200.0000000000 0.0076946369 0.0802253611
70300.0000000000 0.0075235945 0.0800622231
70400.0000000000 0.0074875577 0.0784408874
70500.0000000000 0.0078869079 0.0801406033
70600.0000000000 0.0072646801 0.0759447343
70700.0000000000 0.0076608849 0.0785653419
70800.0000000000 0.0074861465 0.0772057898
70900.0000000000 0.0072809958 0.0750653572
71000.0000000000 0.0072189200 0.0754162795
71100.0000000000 0.0072891770 0.0751120574
71200.0000000000 0.0072041830 0.0735994107
71300.0000000000 0.0071183180 0.0727513260
71400.0000000000 0.0071513869 0.0718726344
71500.0000000000 0.0072249653 0.0725117154
71600.0000000000 0.0072860832 0.0732714362
71700.0000000000 0.0068912910 0.0700433082
71800.0000000000 0.0071670714 0.0709222979
71900.0000000000 0.0069948212 0.0679197735
72000.0000000000 0.0070848487 0.0698959655
72100.0000000000 0.0068668374 0.0697789020
72200.0000000000 0.0068184135 0.0692016012
72300.0000000000 0.0069610417 0.0693500764
72400.0000000000 0.0071846693 0.0717005856
72500.0000000000 0.0066681184 0.0676995642
72600.0000000000 0.0066441129 0.0666055507
72700.0000000000 0.0069570050 0.0689189262
72800.0000000000 0.0068259438 0.0677102632
72900.0000000000 0.0076454713 0.0676349825
73000.0000000000 0.0068188009 0.0679472215
73100.0000000000 0.0070389131 0.0686042733
73200.0000000000 0.0070057924 0.0696894950
73300.0000000000 0.0069710662 0.0687606759
73400.0000000000 0.0068068275 0.0680839843
73500.0000000000 0.0069947363 0.0684958524
73600.0000000000 0.0067882193 0.0683899648
73700.0000000000 0.0071510440 0.0696049756
73800.0000000000 0.0070204071 0.0691342778
73900.0000000000 0.0068669456 0.0675672419
74000.0000000000 0.0068274607 0.0678561456
74100.0000000000 0.0067896159 0.0672012991
74200.0000000000 0.0067363869 0.0663824803
74300.0000000000 0.0065422592 0.0629269905
74400.0000000000 0.0067209603 0.0652019507
74500.0000000000 0.0067279754 0.0655047423
74600.0000000000 0.0065357124 0.0648432500
74700.0000000000 0.0069065274 0.0673024482
74800.0000000000 0.0066083568 0.0659905500
74900.0000000000 0.0067986697 0.0674033291
75000.0000000000 0.0067439677 0.0658010966
75100.0000000000 0.0065579947 0.0649677939
75200.0000000000 0.0064815114 0.0642330474
75300.0000000000 0.0066504721 0.0645167655
75400.0000000000 0.0064742653 0.0640841848
75500.0000000000 0.0064680498 0.0641763932
75600.0000000000 0.0066493106 0.0648132688
75700.0000000000 0.0066497387 0.0634197123
75800.0000000000 0.0064645022 0.0619821972
75900.0000000000 0.0063619636 0.0622570641
76000.0000000000 0.0064117819 0.0628041155
76100.0000000000 0.0064600139 0.0614881343
76200.0000000000 0.0061182810 0.0603378243
76300.0000000000 0.0061337714 0.0596994287
76400.0000000000 0.0062907828 0.0609761304
76500.0000000000 0.0066016055 0.0588772660
76600.0000000000 0.0070492158 0.0597623712
76700.0000000000 0.0065069669 0.0595958359
76800.0000000000 0.0061239384 0.0576346046
76900.0000000000 0.0060306289 0.0570160872
77000.0000000000 0.0061157334 0.0573550887
77100.0000000000 0.0062134545 0.0580878919
77200.0000000000 0.0062197035 0.0585204787
77300.0000000000 0.0059345828 0.0555216139
77400.0000000000 0.0059479597 0.0546235805
77500.0000000000 0.0062394929 0.0579935438
77600.0000000000 0.0061766571 0.0572618074
77700.0000000000 0.0062956156 0.0589888222
77800.0000000000 0.0061975867 0.0583031303
77900.0000000000 0.0064585859 0.0596932299
78000.0000000000 0.0062020691 0.0580424792
78100.0000000000 0.0064021553 0.0602612323
78200.0000000000 0.0063993526 0.0592606790
78300.0000000000 0.0061603685 0.0581424362
78400.0000000000 0.0061162730 0.0571901626
78500.0000000000 0.0061301689 0.0575939543
78600.0000000000 0.0063348658 0.0586382276
78700.0000000000 0.0060729625 0.0577556915
78800.0000000000 0.0059366639 0.0564604825
78900.0000000000 0.0062566051 0.0586070544
79000.0000000000 0.0061703017 0.0580024249
79100.0000000000 0.0059779567 0.0557038016
79200.0000000000 0.0061518709 0.0559120900
79300.0000000000 0.0057173750 0.0528493649
79400.0000000000 0.0060773328 0.0545811779
79500.0000000000 0.0061268836 0.0541774099
79600.0000000000 0.0058349793 0.0545159406
79700.0000000000 0.0060132212 0.0561667807
79800.0000000000 0.0058162128 0.0539971716
79900.0000000000 0.0063420814 0.0558663373
80000.0000000000 0.0061100592 0.0557098751
80100.0000000000 0.0060695547 0.0555921919
80200.0000000000 0.0060344946 0.0553051955
80300.0000000000 0.0060724952 0.0569720990
80400.0000000000 0.0059931196 0.0553298122
80500.0000000000 0.0060012495 0.0538381403
80600.0000000000 0.0056994882 0.0522449738
80700.0000000000 0.0056737500 0.0525069065
80800.0000000000 0.0057225033 0.0523201427
80900.0000000000 0.0057741266 0.0524439341
81000.0000000000 0.0058415505 0.0529964394
81100.0000000000 0.0057039631 0.0544910929
81200.0000000000 0.0056539398 0.0536708212
81300.0000000000 0.0055823214 0.0529411710
81400.0000000000 0.0056174814 0.0518317572
81500.0000000000 0.0056777973 0.0522572226
81600.0000000000 0.0055786986 0.0520278043
81700.0000000000 0.0056799501 0.0529336682
81800.0000000000 0.0057607876 0.0513935811
81900.0000000000 0.0055763427 0.0522698811
82000.0000000000 0.0056299996 0.0513114980
82100.0000000000 0.0056134269 0.0506489030
82200.0000000000 0.0055922901 0.0509588471
82300.0000000000 0.0055446103 0.0519142947
82400.0000000000 0.0054685982 0.0520010344
82500.0000000000 0.0054321136 0.0515874973
82600.0000000000 0.0056777394 0.0515347174
82700.0000000000 0.0056375341 0.0506085506
82800.0000000000 0.0053971222 0.0516600064
82900.0000000000 0.0055093934 0.0515120751
83000.0000000000 0.0059051713 0.0520302481
83100.0000000000 0.0055342583 0.0534227690
83200.0000000000 0.0054365902 0.0507794893
83300.0000000000 0.0053172180 0.0521642095
83400.0000000000 0.0052828745 0.0514443195
83500.0000000000 0.0053612266 0.0509965173
83600.0000000000 0.0053162172 0.0510516218
83700.0000000000 0.0054212447 0.0514208427
83800.0000000000 0.0055390172 0.0500235609
83900.0000000000 0.0052946340 0.0507047525
84000.0000000000 0.0053460914 0.0507661751
84100.0000000000 0.0055093441 0.0517185679
84200.0000000000 0.0055635777 0.0493887714
84300.0000000000 0.0053577219 0.0511651612
84400.0000000000 0.0054434638 0.0510372496
84500.0000000000 0.0053617298 0.0514348647
84600.0000000000 0.0053530510 0.0519887856
84700.0000000000 0.0053910736 0.0539751253
84800.0000000000 0.0053833790 0.0535411439
84900.0000000000 0.0052220603 0.0524792499
85000.0000000000 0.0052943012 0.0518326661
85100.0000000000 0.0051946814 0.0522411070
85200.0000000000 0.0051970097 0.0522112450
85300.0000000000 0.0053609857 0.0551389805
85400.0000000000 0.0051759142 0.0514677516
85500.0000000000 0.0052160835 0.0517077199
85600.0000000000 0.0051619387 0.0519579998
85700.0000000000 0.0051865214 0.0502929664
85800.0000000000 0.0050473412 0.0527331061
85900.0000000000 0.0051604464 0.0528771779
86000.0000000000 0.0050687673 0.0521833873
86100.0000000000 0.0050667146 0.0505006588
86200.0000000000 0.0051250664 0.0520211137
86300.0000000000 0.0051286360 0.0538956872
86400.0000000000 0.0051060417 0.0528038046
86500.0000000000 0.0051872657 0.0523017472
86600.0000000000 0.0050840300 0.0525642461
86700.0000000000 0.0050428788 0.0520842126
86800.0000000000 0.0050987740 0.0531944662
86900.0000000000 0.0054986229 0.0548608258
87000.0000000000 0.0050620903 0.0546406463
87100.0000000000 0.0050843910 0.0532566413
87200.0000000000 0.0050402916 0.0513562441
87300.0000000000 0.0050093958 0.0534515410
87400.0000000000 0.0051484565 0.0520497292
87500.0000000000 0.0050830213 0.0521313897
87600.0000000000 0.0050491034 0.0518365681
87700.0000000000 0.0051057509 0.0517394200
87800.0000000000 0.0049944976 0.0547155842
87900.0000000000 0.0050715849 0.0512429952
88000.0000000000 0.0049851162 0.0529173940
88100.0000000000 0.0049751443 0.0535297870
88200.0000000000 0.0050707639 0.0518590986
88300.0000000000 0.0050377264 0.0519639134
88400.0000000000 0.0050593666 0.0502911091
88500.0000000000 0.0050930821 0.0513844371
88600.0000000000 0.0051244173 0.0541561052
88700.0000000000 0.0049282158 0.0525843754
88800.0000000000 0.0048952212 0.0544871419
88900.0000000000 0.0050215435 0.0539499625
89000.0000000000 0.0048606430 0.0559743672
89100.0000000000 0.0051412643 0.0533157468
89200.0000000000 0.0052905645 0.0493178844
89300.0000000000 0.0050105343 0.0511502504
89400.0000000000 0.0049447675 0.0514082938
89500.0000000000 0.0050128871 0.0553941309
89600.0000000000 0.0049972059 0.0519640475
89700.0000000000 0.0049476444 0.0523137778
89800.0000000000 0.0050872295 0.0545840814
89900.0000000000 0.0050035400 0.0542876824
90000.0000000000 0.0048868624 0.0538475841
90100.0000000000 0.0049411776 0.0541264742
90200.0000000000 0.0049191252 0.0539994716
90300.0000000000 0.0052527636 0.0529730051
90400.0000000000 0.0048721132 0.0520709559
90500.0000000000 0.0049350881 0.0522172183
90600.0000000000 0.0049881190 0.0552206814
90700.0000000000 0.0049199994 0.0518956065
90800.0000000000 0.0047951970 0.0528865337
90900.0000000000 0.0047802960 0.0529797256
91000.0000000000 0.0047212280 0.0518847137
91100.0000000000 0.0047680413 0.0530356124
91200.0000000000 0.0048161146 0.0531774342
91300.0000000000 0.0047965904 0.0525299489
91400.0000000000 0.0047787355 0.0528684064
91500.0000000000 0.0047796631 0.0528363913
91600.0000000000 0.0048490835 0.0521779015
91700.0000000000 0.0047288399 0.0524059340
91800.0000000000 0.0047204272 0.0520937547
91900.0000000000 0.0047158074 0.0518782168
92000.0000000000 0.0046431258 0.0533337027
92100.0000000000 0.0047626123 0.0532285824
92200.0000000000 0.0047675896 0.0535123005
92300.0000000000 0.0047407654 0.0541191727
92400.0000000000 0.0047334064 0.0532630712
92500.0000000000 0.0047981547 0.0537547424
92600.0000000000 0.0046759835 0.0533705383
92700.0000000000 0.0046311843 0.0532828599
92800.0000000000 0.0046817655 0.0524228170
92900.0000000000 0.0045932446 0.0522467673
93000.0000000000 0.0047288432 0.0511295378
93100.0000000000 0.0045703260 0.0532678321
93200.0000000000 0.0046803826 0.0533587962
93300.0000000000 0.0047108443 0.0527970522
93400.0000000000 0.0046101158 0.0510328442
93500.0000000000 0.0046497269 0.0518961578
93600.0000000000 0.0049011082 0.0510730549
93700.0000000000 0.0046824904 0.0522542700
93800.0000000000 0.0046769668 0.0521115839
93900.0000000000 0.0046226362 0.0531772107
94000.0000000000 0.0046236889 0.0525967657
94100.0000000000 0.0046139346 0.0530694231
94200.0000000000 0.0048154328 0.0515222728
94300.0000000000 0.0046503804 0.0515190467
94400.0000000000 0.0045957201 0.0529751658
94500.0000000000 0.0045798495 0.0524192333
94600.0000000000 0.0047531594 0.0513164431
94700.0000000000 0.0046077421 0.0514545023
94800.0000000000 0.0045908070 0.0516113817
94900.0000000000 0.0046081276 0.0521473095
95000.0000000000 0.0046334819 0.0510220706
95100.0000000000 0.0045468542 0.0522520274
95200.0000000000 0.0045382328 0.0524056881
95300.0000000000 0.0046287732 0.0548545226
95400.0000000000 0.0045528047 0.0540441453
95500.0000000000 0.0045244460 0.0539677992
95600.0000000000 0.0044994517 0.0520365566
95700.0000000000 0.0045911596 0.0525925785
95800.0000000000 0.0044435719 0.0520830631
95900.0000000000 0.0045572082 0.0531211301
96000.0000000000 0.0044995437 0.0527459413
96100.0000000000 0.0044713838 0.0518532872
96200.0000000000 0.0044554293 0.0520171478
96300.0000000000 0.0045740004 0.0517463267
96400.0000000000 0.0044669103 0.0526825815
96500.0000000000 0.0044246223 0.0520942539
96600.0000000000 0.0044600904 0.0515171021
96700.0000000000 0.0044187593 0.0504204362
96800.0000000000 0.0044624111 0.0509031295
96900.0000000000 0.0044376457 0.0510119080
97000.0000000000 0.0044292201 0.0507514953
97100.0000000000 0.0046553657 0.0538059279
97200.0000000000 0.0044026945 0.0510453537
97300.0000000000 0.0043872616 0.0518110275
97400.0000000000 0.0046255073 0.0523952648
97500.0000000000 0.0045151933 0.0501956299
97600.0000000000 0.0044567638 0.0541412487
97700.0000000000 0.0043898235 0.0515154257
97800.0000000000 0.0044946806 0.0502535879
97900.0000000000 0.0044763031 0.0507660910
98000.0000000000 0.0044632207 0.0506856695
98100.0000000000 0.0044711923 0.0516732141
98200.0000000000 0.0044257250 0.0504543960
98300.0000000000 0.0044255489 0.0522576153
98400.0000000000 0.0044570835 0.0520854026
98500.0000000000 0.0044225354 0.0520287782
98600.0000000000 0.0043210555 0.0507513463
98700.0000000000 0.0044219655 0.0509930953
98800.0000000000 0.0043295366 0.0505677268
98900.0000000000 0.0043289407 0.0515757382
99000.0000000000 0.0044018032 0.0520522922
99100.0000000000 0.0044107869 0.0502980977
99200.0000000000 0.0045432688 0.0515790388
99300.0000000000 0.0043483958 0.0510729730
99400.0000000000 0.0043148751 0.0494526654
99500.0000000000 0.0043333476 0.0507971972
99600.0000000000 0.0044136289 0.0490128651
99700.0000000000 0.0043056702 0.0506548762
99800.0000000000 0.0043207517 0.0494982853
99900.0000000000 0.0043095750 0.0516720891
100000.0000000000 0.0043560411 0.0503850832
100100.0000000000 0.0042989318 0.0503350451
100200.0000000000 0.0042963866 0.0503078058
100300.0000000000 0.0043416876 0.0500512302
100400.0000000000 0.0043023469 0.0504298836
100500.0000000000 0.0042755374 0.0504662573
100600.0000000000 0.0042716977 0.0505217269
100700.0000000000 0.0042261716 0.0501446753
100800.0000000000 0.0043150735 0.0507214620
100900.0000000000 0.0043140432 0.0500619366
101000.0000000000 0.0042946118 0.0508267238
101100.0000000000 0.0042871299 0.0499893158
101200.0000000000 0.0042212764 0.0503268569
101300.0000000000 0.0043807100 0.0499383390
101400.0000000000 0.0043231420 0.0496627271
101500.0000000000 0.0042364928 0.0492407411
101600.0000000000 0.0043001884 0.0495750189
101700.0000000000 0.0041925146 0.0494684159
101800.0000000000 0.0041970393 0.0498562559
101900.0000000000 0.0043043445 0.0488062307
102000.0000000000 0.0041700127 0.0505937367
102100.0000000000 0.0041391601 0.0489485740
102200.0000000000 0.0042659931 0.0506807521
102300.0000000000 0.0042507717 0.0519085332
102400.0000000000 0.0042394580 0.0497341633
102500.0000000000 0.0042510216 0.0491925060
102600.0000000000 0.0041710337 0.0499310225
102700.0000000000 0.0041237714 0.0495425418
102800.0000000000 0.0041572342 0.0496869042
102900.0000000000 0.0043387326 0.0487168535
103000.0000000000 0.0041468232 0.0485991120
103100.0000000000 0.0043494274 0.0483458370
103200.0000000000 0.0042190115 0.0505989223
103300.0000000000 0.0043959640 0.0507633418
103400.0000000000 0.0043839653 0.0536090165
103500.0000000000 0.0042414225 0.0509515434
103600.0000000000 0.0041669112 0.0499712407
103700.0000000000 0.0041546120 0.0490116358
103800.0000000000 0.0041214155 0.0494801134
103900.0000000000 0.0041258451 0.0488379478
104000.0000000000 0.0040824757 0.0488796264
104100.0000000000 0.0041138136 0.0500551790
104200.0000000000 0.0042887174 0.0502270564
104300.0000000000 0.0040950936 0.0490437627
104400.0000000000 0.0041209276 0.0484566271
104500.0000000000 0.0040896298 0.0485934272
104600.0000000000 0.0042118912 0.0486563846
104700.0000000000 0.0041523791 0.0482288629
104800.0000000000 0.0041369655 0.0476841658
104900.0000000000 0.0041290299 0.0481924966
105000.0000000000 0.0041071450 0.0487261221
105100.0000000000 0.0040930091 0.0484563738
105200.0000000000 0.0040828385 0.0483616620
105300.0000000000 0.0041181909 0.0487627119
105400.0000000000 0.0041074706 0.0477860898
105500.0000000000 0.0040707188 0.0486121356
105600.0000000000 0.0040439529 0.0483727038
105700.0000000000 0.0040348920 0.0479955256
105800.0000000000 0.0040448015 0.0477341294
105900.0000000000 0.0040346422 0.0477674707
106000.0000000000 0.0040662814 0.0476433292
106100.0000000000 0.0040450470 0.0479154467
106200.0000000000 0.0040076717 0.0478954047
106300.0000000000 0.0041412048 0.0484780848
106400.0000000000 0.0040167897 0.0471937686
106500.0000000000 0.0039907559 0.0478767112
106600.0000000000 0.0040058903 0.0483240440
106700.0000000000 0.0040688206 0.0476372719
106800.0000000000 0.0040127129 0.0477735802
106900.0000000000 0.0039917062 0.0476141154
107000.0000000000 0.0040073844 0.0482675165
107100.0000000000 0.0040048438 0.0474638223
107200.0000000000 0.0039751147 0.0468981743
107300.0000000000 0.0039596398 0.0474912405
107400.0000000000 0.0040525693 0.0471469193
107500.0000000000 0.0040212693 0.0482899725
107600.0000000000 0.0040470093 0.0480996549
107700.0000000000 0.0040220549 0.0477836087
107800.0000000000 0.0040795491 0.0474252283
107900.0000000000 0.0039607507 0.0474725172
108000.0000000000 0.0040046059 0.0478742152
108100.0000000000 0.0039753463 0.0478908971
108200.0000000000 0.0039651685 0.0468760386
108300.0000000000 0.0040052138 0.0472276389
108400.0000000000 0.0039399037 0.0470232248
108500.0000000000 0.0039254327 0.0463636622
108600.0000000000 0.0039351590 0.0472879439
108700.0000000000 0.0039506494 0.0465263009
108800.0000000000 0.0039453926 0.0475369796
108900.0000000000 0.0039570616 0.0476257235
109000.0000000000 0.0039526037 0.0466636598
109100.0000000000 0.0039389697 0.0471734062
109200.0000000000 0.0039176355 0.0475813925
109300.0000000000 0.0039024151 0.0470389828
109400.0000000000 0.0039654320 0.0454749793
109500.0000000000 0.0039049458 0.0461889088
109600.0000000000 0.0039433389 0.0466030419
109700.0000000000 0.0039428678 0.0469941005
109800.0000000000 0.0038806776 0.0465498596
109900.0000000000 0.0039418222 0.0458468228
110000.0000000000 0.0039119026 0.0456512823
110100.0000000000 0.0038822229 0.0458264380
110200.0000000000 0.0038724961 0.0458284050
110300.0000000000 0.0038879832 0.0458957061
110400.0000000000 0.0038585375 0.0458169013
110500.0000000000 0.0038531785 0.0457110584
110600.0000000000 0.0038773722 0.0459779605
110700.0000000000 0.0038358341 0.0465462014
110800.0000000000 0.0038983015 0.0458463907
110900.0000000000 0.0039089346 0.0474865615
111000.0000000000 0.0038690298 0.0464220300
111100.0000000000 0.0039059024 0.0463917583
111200.0000000000 0.0038251228 0.0459515109
111300.0000000000 0.0038210865 0.0462728321
111400.0000000000 0.0038649262 0.0452168837
111500.0000000000 0.0037916435 0.0450450211
111600.0000000000 0.0037983774 0.0458145320
111700.0000000000 0.0038015209 0.0456590086
111800.0000000000 0.0038374172 0.0461438179
111900.0000000000 0.0038293877 0.0451461106
112000.0000000000 0.0037888070 0.0454119175
112100.0000000000 0.0038265691 0.0457518652
112200.0000000000 0.0038040747 0.0456624135
112300.0000000000 0.0037797709 0.0452630475
112400.0000000000 0.0037984846 0.0454371601
112500.0000000000 0.0038018322 0.0450655028
112600.0000000000 0.0038055029 0.0458600327
112700.0000000000 0.0038070100 0.0443232462
112800.0000000000 0.0037971123 0.0459018081
112900.0000000000 0.0037834166 0.0446194067
113000.0000000000 0.0038220057 0.0446131631
113100.0000000000 0.0037641332 0.0436289042
113200.0000000000 0.0037791680 0.0443020940
113300.0000000000 0.0037554157 0.0452065199
113400.0000000000 0.0037420831 0.0445972189
113500.0000000000 0.0037808109 0.0447220608
113600.0000000000 0.0037486490 0.0442837059
113700.0000000000 0.0037556465 0.0450719326
113800.0000000000 0.0037627433 0.0449339330
113900.0000000000 0.0037766389 0.0448456436
114000.0000000000 0.0037384839 0.0448304295
114100.0000000000 0.0037312454 0.0444676012
114200.0000000000 0.0037321922 0.0440205440
114300.0000000000 0.0037762727 0.0448645457
114400.0000000000 0.0037160775 0.0437932938
114500.0000000000 0.0037400942 0.0441328019
114600.0000000000 0.0037921175 0.0434115857
114700.0000000000 0.0037574954 0.0446880266
114800.0000000000 0.0038692763 0.0436197847
114900.0000000000 0.0037032613 0.0439112812
115000.0000000000 0.0036951353 0.0435499280
115100.0000000000 0.0036868460 0.0435877323
115200.0000000000 0.0036804955 0.0436331510
115300.0000000000 0.0037628122 0.0454255745
115400.0000000000 0.0037099235 0.0447025552
115500.0000000000 0.0037087751 0.0442007512
115600.0000000000 0.0036633175 0.0440974787
115700.0000000000 0.0036771706 0.0441283241
115800.0000000000 0.0036918021 0.0441117242
115900.0000000000 0.0036647065 0.0439731657
116000.0000000000 0.0036645628 0.0425763011
116100.0000000000 0.0036602983 0.0433396876
116200.0000000000 0.0036343024 0.0435250208
116300.0000000000 0.0036539290 0.0434868738
116400.0000000000 0.0036279779 0.0433669790
116500.0000000000 0.0036539721 0.0438551411
116600.0000000000 0.0036597772 0.0431388199
116700.0000000000 0.0036753127 0.0432054579
116800.0000000000 0.0036459855 0.0438567430
116900.0000000000 0.0036335501 0.0432186752
117000.0000000000 0.0036732431 0.0439402193
117100.0000000000 0.0036604526 0.0434234842
117200.0000000000 0.0037050065 0.0423855886
117300.0000000000 0.0036655937 0.0427750304
117400.0000000000 0.0036511979 0.0429406941
117500.0000000000 0.0036509160 0.0428938076
117600.0000000000 0.0036307102 0.0424491793
117700.0000000000 0.0036725512 0.0422132864
117800.0000000000 0.0035796396 0.0421995252
117900.0000000000 0.0036121674 0.0424263060
118000.0000000000 0.0036205517 0.0420549169
118100.0000000000 0.0035851225 0.0425675392
118200.0000000000 0.0036054179 0.0426522746
118300.0000000000 0.0035959485 0.0419496327
118400.0000000000 0.0036032130 0.0425314784
118500.0000000000 0.0035724991 0.0421683520
118600.0000000000 0.0036040616 0.0428098768
118700.0000000000 0.0035745224 0.0420015931
118800.0000000000 0.0035693117 0.0425511479
118900.0000000000 0.0035790609 0.0427716627
119000.0000000000 0.0035945665 0.0423422113
119100.0000000000 0.0035801192 0.0415087223
119200.0000000000 0.0036185879 0.0412410453
119300.0000000000 0.0035585893 0.0420129776
119400.0000000000 0.0035645508 0.0413797155
119500.0000000000 0.0035498973 0.0417809665
119600.0000000000 0.0036264067 0.0421404198
119700.0000000000 0.0037071541 0.0430457174
119800.0000000000 0.0035651900 0.0414837554
119900.0000000000 0.0035396484 0.0425707727
120000.0000000000 0.0035376085 0.0417847365
120100.0000000000 0.0035517454 0.0415843531
120200.0000000000 0.0035536059 0.0414718568
120300.0000000000 0.0035233719 0.0412320524
120400.0000000000 0.0035399626 0.0406275943
120500.0000000000 0.0035385701 0.0410138547
120600.0000000000 0.0035356064 0.0410166412
120700.0000000000 0.0035058243 0.0410251870
120800.0000000000 0.0035403905 0.0409950271
120900.0000000000 0.0035354990 0.0409249767
121000.0000000000 0.0035419271 0.0412928939
121100.0000000000 0.0035391103 0.0412560954
121200.0000000000 0.0036344775 0.0394572347
121300.0000000000 0.0035002409 0.0412455305
121400.0000000000 0.0035426387 0.0410510108
121500.0000000000 0.0034917543 0.0409116551
121600.0000000000 0.0034940850 0.0405488789
121700.0000000000 0.0035131355 0.0410724908
121800.0000000000 0.0036313151 0.0402944639
121900.0000000000 0.0035003861 0.0410479337
122000.0000000000 0.0034905416 0.0404383272
122100.0000000000 0.0034748154 0.0404854595
122200.0000000000 0.0034546285 0.0401596084
122300.0000000000 0.0034643344 0.0404264211
122400.0000000000 0.0034699132 0.0405046075
122500.0000000000 0.0034900581 0.0403301671
122600.0000000000 0.0034582338 0.0407535240
122700.0000000000 0.0034757894 0.0404787093
122800.0000000000 0.0034615192 0.0400137260
122900.0000000000 0.0034602885 0.0403962612
123000.0000000000 0.0034436981 0.0404843121
123100.0000000000 0.0034161504 0.0405138910
123200.0000000000 0.0034358769 0.0401091605
123300.0000000000 0.0034632840 0.0392407655
123400.0000000000 0.0034303867 0.0401341572
123500.0000000000 0.0034258728 0.0397546619
123600.0000000000 0.0034650263 0.0398740425
123700.0000000000 0.0034288475 0.0405140921
123800.0000000000 0.0035253712 0.0391914874
123900.0000000000 0.0042299429 0.0432664185
124000.0000000000 0.0034140879 0.0399181574
124100.0000000000 0.0034248608 0.0395373136
124200.0000000000 0.0034190452 0.0393954768
124300.0000000000 0.0034421727 0.0403586209
124400.0000000000 0.0034703775 0.0395382821
124500.0000000000 0.0034252928 0.0399136722
124600.0000000000 0.0034177813 0.0395707667
124700.0000000000 0.0035667274 0.0385130226
124800.0000000000 0.0034329010 0.0397033646
124900.0000000000 0.0034175001 0.0395807653
125000.0000000000 0.0034303374 0.0391775846
125100.0000000000 0.0033940487 0.0392906025
125200.0000000000 0.0033869039 0.0393016368
125300.0000000000 0.0034057657 0.0395253926
125400.0000000000 0.0033858425 0.0389040515
125500.0000000000 0.0033815278 0.0392004877
125600.0000000000 0.0033960151 0.0385822087
125700.0000000000 0.0033619791 0.0393613755
125800.0000000000 0.0033691649 0.0388233021
125900.0000000000 0.0033893252 0.0387378663
126000.0000000000 0.0033800397 0.0387673706
126100.0000000000 0.0033581435 0.0390998304
126200.0000000000 0.0033562205 0.0393070608
126300.0000000000 0.0033500839 0.0389182225
126400.0000000000 0.0033233529 0.0385826856
126500.0000000000 0.0033271628 0.0386820167
126600.0000000000 0.0033374361 0.0389087155
126700.0000000000 0.0033752267 0.0385346889
126800.0000000000 0.0033159711 0.0385399416
126900.0000000000 0.0033249789 0.0384431362
127000.0000000000 0.0033751234 0.0380379885
127100.0000000000 0.0033527861 0.0381868735
127200.0000000000 0.0033318417 0.0383330315
127300.0000000000 0.0033141115 0.0385264635
127400.0000000000 0.0033283447 0.0379579842
127500.0000000000 0.0033398102 0.0381577417
127600.0000000000 0.0033191953 0.0381583005
127700.0000000000 0.0033131988 0.0379206642
127800.0000000000 0.0033386969 0.0376914173
127900.0000000000 0.0033391112 0.0379097119
128000.0000000000 0.0033143274 0.0381113171
128100.0000000000 0.0033069685 0.0381254956
128200.0000000000 0.0032869980 0.0376852333
128300.0000000000 0.0033016102 0.0377888262
128400.0000000000 0.0032924015 0.0378637865
128500.0000000000 0.0032846300 0.0375554889
128600.0000000000 0.0033307175 0.0381282076
128700.0000000000 0.0033041867 0.0376723289
128800.0000000000 0.0032740170 0.0377528622
128900.0000000000 0.0032762585 0.0379288599
129000.0000000000 0.0032686490 0.0375970408
129100.0000000000 0.0032817943 0.0380507588
129200.0000000000 0.0032800525 0.0376529649
129300.0000000000 0.0032681223 0.0376405334
129400.0000000000 0.0032644172 0.0374700343
129500.0000000000 0.0032545132 0.0374093532
129600.0000000000 0.0033264564 0.0373318746
129700.0000000000 0.0032641251 0.0374074086
129800.0000000000 0.0034818396 0.0363940328
129900.0000000000 0.0032624954 0.0369994223
130000.0000000000 0.0032567880 0.0370427921
130100.0000000000 0.0032540603 0.0370040118
130200.0000000000 0.0032510682 0.0370060831
130300.0000000000 0.0032701710 0.0374164238
130400.0000000000 0.0032604252 0.0373459786
130500.0000000000 0.0032497359 0.0369606903
130600.0000000000 0.0032298807 0.0372189572
130700.0000000000 0.0032465163 0.0367972990
130800.0000000000 0.0032529355 0.0366820126
130900.0000000000 0.0032550386 0.0368427291
131000.0000000000 0.0032526211 0.0366365975
131100.0000000000 0.0032611755 0.0361570969
131200.0000000000 0.0032279570 0.0367390990
131300.0000000000 0.0032536101 0.0364565283
131400.0000000000 0.0032533464 0.0367274388
131500.0000000000 0.0032038826 0.0367562502
131600.0000000000 0.0032113424 0.0361964434
131700.0000000000 0.0031937433 0.0365920281
131800.0000000000 0.0031921939 0.0364784216
131900.0000000000 0.0031970023 0.0365182116
132000.0000000000 0.0032158158 0.0365093341
132100.0000000000 0.0032423350 0.0361958548
132200.0000000000 0.0032015756 0.0364059051
132300.0000000000 0.0031748878 0.0363118639
132400.0000000000 0.0031784268 0.0361968979
132500.0000000000 0.0032179711 0.0361925428
132600.0000000000 0.0031887857 0.0360086774
132700.0000000000 0.0031853565 0.0360238319
132800.0000000000 0.0031728953 0.0356326764
132900.0000000000 0.0031859579 0.0360568827
133000.0000000000 0.0031762725 0.0358274981
133100.0000000000 0.0031581190 0.0356693929
133200.0000000000 0.0031651444 0.0361650169
133300.0000000000 0.0031579482 0.0358867040
133400.0000000000 0.0031499684 0.0357807195
133500.0000000000 0.0031798886 0.0357994726
133600.0000000000 0.0031599905 0.0357911503
133700.0000000000 0.0031613004 0.0358147239
133800.0000000000 0.0031439240 0.0358909582
133900.0000000000 0.0031340530 0.0357833793
134000.0000000000 0.0031451398 0.0357916495
134100.0000000000 0.0031404896 0.0356791943
134200.0000000000 0.0031488818 0.0354375085
134300.0000000000 0.0031405842 0.0359412273
134400.0000000000 0.0031446255 0.0356627768
134500.0000000000 0.0031263450 0.0351933380
134600.0000000000 0.0031383936 0.0349963074
134700.0000000000 0.0031605824 0.0351538351
134800.0000000000 0.0031348320 0.0352955525
134900.0000000000 0.0031409562 0.0354933878
135000.0000000000 0.0031549392 0.0355793750
135100.0000000000 0.0031392986 0.0352938315
135200.0000000000 0.0031332749 0.0352410217
135300.0000000000 0.0031049291 0.0348719239
135400.0000000000 0.0030858327 0.0348492032
135500.0000000000 0.0030977661 0.0349577358
135600.0000000000 0.0031006963 0.0349870687
135700.0000000000 0.0030895508 0.0346487378
135800.0000000000 0.0030998887 0.0349171078
135900.0000000000 0.0031177581 0.0347891738
136000.0000000000 0.0030890701 0.0349291926
136100.0000000000 0.0030957743 0.0350062838
136200.0000000000 0.0031111531 0.0346400058
136300.0000000000 0.0030827935 0.0346611207
136400.0000000000 0.0030997897 0.0346835321
136500.0000000000 0.0031077620 0.0343086263
136600.0000000000 0.0030787085 0.0348753771
136700.0000000000 0.0030756056 0.0342758512
136800.0000000000 0.0030884012 0.0343142515
136900.0000000000 0.0030876588 0.0345493545
137000.0000000000 0.0030986561 0.0340524232
137100.0000000000 0.0030740536 0.0343633210
137200.0000000000 0.0030613629 0.0341005837
137300.0000000000 0.0030575118 0.0344511633
137400.0000000000 0.0030508301 0.0342931514
137500.0000000000 0.0030786925 0.0339803463
137600.0000000000 0.0030652361 0.0341717332
137700.0000000000 0.0030561757 0.0342231458
137800.0000000000 0.0030591683 0.0342713212
137900.0000000000 0.0030593492 0.0340817785
138000.0000000000 0.0030558027 0.0338945344
138100.0000000000 0.0030391457 0.0338855600
138200.0000000000 0.0030487219 0.0336230760
138300.0000000000 0.0030280452 0.0337975612
138400.0000000000 0.0030290457 0.0338320648
138500.0000000000 0.0030278096 0.0337195351
138600.0000000000 0.0030527512 0.0337107097
138700.0000000000 0.0030278160 0.0340023702
138800.0000000000 0.0030360514 0.0335341906
138900.0000000000 0.0030186329 0.0338128051
139000.0000000000 0.0030222522 0.0335255181
139100.0000000000 0.0030329741 0.0331959268
139200.0000000000 0.0029990472 0.0333126103
139300.0000000000 0.0030284850 0.0336821889
139400.0000000000 0.0030255892 0.0334962671
139500.0000000000 0.0030142551 0.0336086815
139600.0000000000 0.0030116229 0.0334420120
139700.0000000000 0.0030149604 0.0334272897
139800.0000000000 0.0030253419 0.0331485336
139900.0000000000 0.0030265446 0.0330792283
140000.0000000000 0.0029993273 0.0332131749
140100.0000000000 0.0029978098 0.0332121094
140200.0000000000 0.0029941264 0.0331911063
140300.0000000000 0.0029903507 0.0332750296
140400.0000000000 0.0029915609 0.0331619074
140500.0000000000 0.0029999618 0.0330623304
140600.0000000000 0.0029923749 0.0331960087
140700.0000000000 0.0029885323 0.0330168670
140800.0000000000 0.0029683178 0.0328704258
140900.0000000000 0.0029872517 0.0329584842
141000.0000000000 0.0029814146 0.0329150250
141100.0000000000 0.0029696472 0.0330062126
141200.0000000000 0.0029768740 0.0329014277
141300.0000000000 0.0029915396 0.0324655017
141400.0000000000 0.0029677866 0.0327927535
141500.0000000000 0.0029886757 0.0324981278
141600.0000000000 0.0029616637 0.0325190490
141700.0000000000 0.0029742705 0.0327273896
141800.0000000000 0.0029571744 0.0327741233
141900.0000000000 0.0030145423 0.0321930414
142000.0000000000 0.0029476288 0.0328273615
142100.0000000000 0.0029628254 0.0328074684
142200.0000000000 0.0029464387 0.0326567953
142300.0000000000 0.0029281586 0.0326020410
142400.0000000000 0.0029879679 0.0328443413
142500.0000000000 0.0029394462 0.0323794847
142600.0000000000 0.0029743449 0.0322166076
142700.0000000000 0.0029710211 0.0327982446
142800.0000000000 0.0029401958 0.0322283050
142900.0000000000 0.0029389058 0.0321685960
143000.0000000000 0.0029220814 0.0319136744
143100.0000000000 0.0029476104 0.0317442855
143200.0000000000 0.0029440013 0.0321364095
143300.0000000000 0.0029316065 0.0319539150
143400.0000000000 0.0029212008 0.0319459205
143500.0000000000 0.0029509927 0.0317587023
143600.0000000000 0.0029124836 0.0319766989
143700.0000000000 0.0029394226 0.0320053911
143800.0000000000 0.0029044642 0.0318803256
143900.0000000000 0.0029188953 0.0318308389
144000.0000000000 0.0029175243 0.0323692737
144100.0000000000 0.0028915751 0.0322706690
144200.0000000000 0.0029187833 0.0315986415
144300.0000000000 0.0029048461 0.0315167336
144400.0000000000 0.0029232804 0.0312304711
144500.0000000000 0.0028971847 0.0313230857
144600.0000000000 0.0029309517 0.0316528370
144700.0000000000 0.0028922260 0.0318713179
144800.0000000000 0.0028974787 0.0313805109
144900.0000000000 0.0029015925 0.0315518519
145000.0000000000 0.0028876993 0.0316268569
145100.0000000000 0.0028935661 0.0315791210
145200.0000000000 0.0028908214 0.0315321078
145300.0000000000 0.0028779233 0.0313141895
145400.0000000000 0.0028850513 0.0312467804
145500.0000000000 0.0028757603 0.0313058560
145600.0000000000 0.0028842453 0.0314774951
145700.0000000000 0.0028785265 0.0312013468
145800.0000000000 0.0028719451 0.0311693689
145900.0000000000 0.0028636920 0.0312731629
146000.0000000000 0.0028875462 0.0312273605
146100.0000000000 0.0028826657 0.0310857771
146200.0000000000 0.0028551018 0.0314296512
146300.0000000000 0.0028576982 0.0311235180
146400.0000000000 0.0028630738 0.0311443163
146500.0000000000 0.0028669161 0.0309773227
146600.0000000000 0.0028770561 0.0310503756
146700.0000000000 0.0028544397 0.0310449144
146800.0000000000 0.0028692688 0.0309782726
146900.0000000000 0.0028590562 0.0310039101
147000.0000000000 0.0028522858 0.0307924291
147100.0000000000 0.0028493726 0.0308764381
147200.0000000000 0.0028387528 0.0307176402
147300.0000000000 0.0028333960 0.0308091854
147400.0000000000 0.0028533204 0.0307921087
147500.0000000000 0.0028270676 0.0307560106
147600.0000000000 0.0028702340 0.0304481452
147700.0000000000 0.0028446177 0.0305955102
147800.0000000000 0.0028359348 0.0306735998
147900.0000000000 0.0028357982 0.0304958140
148000.0000000000 0.0028442299 0.0306485509
148100.0000000000 0.0028373219 0.0304733803
148200.0000000000 0.0028317826 0.0305068558
148300.0000000000 0.0028280621 0.0311814164
148400.0000000000 0.0028245233 0.0305140344
148500.0000000000 0.0028210836 0.0303916773
148600.0000000000 0.0028367263 0.0303982189
148700.0000000000 0.0028199140 0.0307371272
148800.0000000000 0.0028253299 0.0307060024
148900.0000000000 0.0028035253 0.0302286101
149000.0000000000 0.0028112057 0.0305890059
149100.0000000000 0.0028011236 0.0300658857
149200.0000000000 0.0028162286 0.0302514797
149300.0000000000 0.0028052167 0.0301304003
149400.0000000000 0.0028029861 0.0301358020
149500.0000000000 0.0028232034 0.0298947086
149600.0000000000 0.0027963384 0.0301064541
149700.0000000000 0.0028025329 0.0301974890
149800.0000000000 0.0028167896 0.0297377994
149900.0000000000 0.0028048432 0.0298316804
150000.0000000000 0.0028021939 0.0296250423
150100.0000000000 0.0027926995 0.0298292851
150200.0000000000 0.0027885278 0.0298327422
150300.0000000000 0.0027834684 0.0297795450
150400.0000000000 0.0027897238 0.0299915960
150500.0000000000 0.0027812525 0.0298008090
150600.0000000000 0.0027865518 0.0297979107
150700.0000000000 0.0027701417 0.0300128190
150800.0000000000 0.0027756457 0.0294564729
150900.0000000000 0.0027770087 0.0295641897
151000.0000000000 0.0027798214 0.0294356635
151100.0000000000 0.0027665206 0.0296708932
151200.0000000000 0.0027622964 0.0296162953
151300.0000000000 0.0028003971 0.0293563669
151400.0000000000 0.0027684967 0.0296483403
151500.0000000000 0.0027713127 0.0293520083
151600.0000000000 0.0027616771 0.0292145600
151700.0000000000 0.0027683298 0.0293204739
151800.0000000000 0.0027587100 0.0294980770
151900.0000000000 0.0027509854 0.0297299837
152000.0000000000 0.0027430338 0.0295527195
152100.0000000000 0.0027486793 0.0294796442
152200.0000000000 0.0027277550 0.0292905410
152300.0000000000 0.0027489093 0.0292492946
152400.0000000000 0.0027487202 0.0291148901
152500.0000000000 0.0027489949 0.0289355693
152600.0000000000 0.0027480875 0.0291144764
152700.0000000000 0.0027450323 0.0291922567
152800.0000000000 0.0027354950 0.0297709172
152900.0000000000 0.0027324005 0.0291169537
153000.0000000000 0.0027308211 0.0290361261
153100.0000000000 0.0027326764 0.0294034397
153200.0000000000 0.0027174229 0.0291365077
153300.0000000000 0.0027380497 0.0289584240
153400.0000000000 0.0027341953 0.0287969922
153500.0000000000 0.0027165418 0.0287409117
153600.0000000000 0.0027295191 0.0288600540
153700.0000000000 0.0027706865 0.0290876862
153800.0000000000 0.0027169294 0.0287761530
153900.0000000000 0.0027390715 0.0289637064
154000.0000000000 0.0027554121 0.0289835792
154100.0000000000 0.0027370294 0.0286302333
154200.0000000000 0.0027056264 0.0285498120
154300.0000000000 0.0027208313 0.0285601830
154400.0000000000 0.0027202907 0.0283868995
154500.0000000000 0.0027043769 0.0285304328
154600.0000000000 0.0027163138 0.0285295185
154700.0000000000 0.0027078133 0.0284909894
154800.0000000000 0.0027038349 0.0282751053
154900.0000000000 0.0027080762 0.0284834869
155000.0000000000 0.0026959255 0.0284662014
155100.0000000000 0.0026937823 0.0284175863
155200.0000000000 0.0026912484 0.0283697685
155300.0000000000 0.0026896597 0.0283454647
155400.0000000000 0.0026878789 0.0281540036
155500.0000000000 0.0026964503 0.0282343861
155600.0000000000 0.0026966308 0.0283805236
155700.0000000000 0.0026812739 0.0283808028
155800.0000000000 0.0026869615 0.0282254360
155900.0000000000 0.0026891186 0.0281955835
156000.0000000000 0.0026723801 0.0283213883
156100.0000000000 0.0026750306 0.0280449047
156200.0000000000 0.0026791533 0.0281465344
156300.0000000000 0.0026741352 0.0280111758
156400.0000000000 0.0026839935 0.0283414435
156500.0000000000 0.0026850520 0.0280656007
156600.0000000000 0.0026669076 0.0280863654
156700.0000000000 0.0026758472 0.0282929849
156800.0000000000 0.0026590030 0.0278973367
156900.0000000000 0.0026556338 0.0281724026
157000.0000000000 0.0026657662 0.0279573342
157100.0000000000 0.0026582438 0.0280343285
157200.0000000000 0.0026547780 0.0277951687
157300.0000000000 0.0026461453 0.0278732618
157400.0000000000 0.0026612894 0.0279233095
157500.0000000000 0.0026742263 0.0282963004
157600.0000000000 0.0026649136 0.0280053478
157700.0000000000 0.0026370008 0.0278485578
157800.0000000000 0.0026423043 0.0277699467
157900.0000000000 0.0026684167 0.0284142208
158000.0000000000 0.0026365163 0.0277607825
158100.0000000000 0.0026461641 0.0277335338
158200.0000000000 0.0026585848 0.0279595342
158300.0000000000 0.0026471851 0.0281840574
158400.0000000000 0.0026502729 0.0284155097
158500.0000000000 0.0026442979 0.0276634183
158600.0000000000 0.0026344477 0.0277964410
158700.0000000000 0.0026410061 0.0280503866
158800.0000000000 0.0026315459 0.0278392297
158900.0000000000 0.0026221924 0.0279797029
159000.0000000000 0.0026176022 0.0273988872
159100.0000000000 0.0026319740 0.0277577650
159200.0000000000 0.0026169083 0.0274862900
159300.0000000000 0.0026203923 0.0277626004
159400.0000000000 0.0026397302 0.0280344572
159500.0000000000 0.0026352906 0.0279138323
159600.0000000000 0.0026314948 0.0280887049
159700.0000000000 0.0026195574 0.0278468889
159800.0000000000 0.0026057098 0.0278434914
159900.0000000000 0.0026051593 0.0276941445
160000.0000000000 0.0026382905 0.0280072626
160100.0000000000 0.0026093505 0.0277589050
160200.0000000000 0.0026078342 0.0277491000
160300.0000000000 0.0026016227 0.0275659722
160400.0000000000 0.0026033087 0.0276512292
160500.0000000000 0.0026072379 0.0279541698
160600.0000000000 0.0025923432 0.0274817210
160700.0000000000 0.0025996105 0.0276664283
160800.0000000000 0.0025978557 0.0275149729
160900.0000000000 0.0025969400 0.0277790662
161000.0000000000 0.0025924762 0.0276052442
161100.0000000000 0.0025935939 0.0277505007
161200.0000000000 0.0025770639 0.0273485270
161300.0000000000 0.0025934703 0.0276834604
161400.0000000000 0.0025927915 0.0276725527
161500.0000000000 0.0025854405 0.0275166270
161600.0000000000 0.0025874941 0.0278075200
161700.0000000000 0.0026324070 0.0282313314
161800.0000000000 0.0025782368 0.0274724152
161900.0000000000 0.0025828079 0.0276966553
162000.0000000000 0.0025711175 0.0275584173
162100.0000000000 0.0025795642 0.0275985834
162200.0000000000 0.0025922883 0.0277597767
162300.0000000000 0.0025727707 0.0270495948
162400.0000000000 0.0025745839 0.0275766637
162500.0000000000 0.0025621282 0.0273785454
162600.0000000000 0.0025797994 0.0278356608
162700.0000000000 0.0025850517 0.0279672083
162800.0000000000 0.0025681147 0.0275594902
162900.0000000000 0.0025604861 0.0275183555
163000.0000000000 0.0025686697 0.0271714341
163100.0000000000 0.0025880897 0.0277131062
163200.0000000000 0.0025753034 0.0278661412
163300.0000000000 0.0025503259 0.0275845316
163400.0000000000 0.0025532890 0.0274112907
163500.0000000000 0.0025980680 0.0278305646
163600.0000000000 0.0025519079 0.0274869439
163700.0000000000 0.0025670264 0.0273142841
163800.0000000000 0.0025558914 0.0273459342
163900.0000000000 0.0025466945 0.0274392899
164000.0000000000 0.0025448318 0.0274376508
164100.0000000000 0.0025546525 0.0275214698
164200.0000000000 0.0025507724 0.0275167015
164300.0000000000 0.0025520336 0.0275644448
164400.0000000000 0.0025453359 0.0272618693
164500.0000000000 0.0025391677 0.0275589165
164600.0000000000 0.0025348193 0.0273191866
164700.0000000000 0.0025478058 0.0277131882
164800.0000000000 0.0025486949 0.0275884357
164900.0000000000 0.0025336163 0.0276636940
165000.0000000000 0.0025327719 0.0271263805
165100.0000000000 0.0025289726 0.0274052855
165200.0000000000 0.0025264575 0.0273710873
165300.0000000000 0.0025312947 0.0273318451
165400.0000000000 0.0025232677 0.0273792904
165500.0000000000 0.0025141254 0.0271853295
165600.0000000000 0.0025200638 0.0271933463
165700.0000000000 0.0025141615 0.0271773126
165800.0000000000 0.0025015660 0.0266525831
165900.0000000000 0.0025225238 0.0273625192
166000.0000000000 0.0025160333 0.0272429597
166100.0000000000 0.0025107157 0.0272292953
166200.0000000000 0.0025122473 0.0268217039
166300.0000000000 0.0025113387 0.0272528243
166400.0000000000 0.0025079221 0.0272758540
166500.0000000000 0.0025434943 0.0279394176
166600.0000000000 0.0025052810 0.0271192950
166700.0000000000 0.0025077507 0.0273776066
166800.0000000000 0.0025082700 0.0273203787
166900.0000000000 0.0024973659 0.0270107698
167000.0000000000 0.0024969513 0.0272679489
167100.0000000000 0.0025224018 0.0274031844
167200.0000000000 0.0025041015 0.0272153180
167300.0000000000 0.0024917489 0.0269933727
167400.0000000000 0.0024991277 0.0272982654
167500.0000000000 0.0024910112 0.0271988523
167600.0000000000 0.0024963486 0.0273741421
167700.0000000000 0.0024776021 0.0270655390
167800.0000000000 0.0024925246 0.0273684945
167900.0000000000 0.0025227593 0.0275383529
168000.0000000000 0.0024841404 0.0271316033
168100.0000000000 0.0024834193 0.0272642460
168200.0000000000 0.0024817749 0.0271124479
168300.0000000000 0.0024894460 0.0274905648
168400.0000000000 0.0024834508 0.0273253259
168500.0000000000 0.0024694651 0.0266737055
168600.0000000000 0.0024847247 0.0269008365
168700.0000000000 0.0024865318 0.0272717264
168800.0000000000 0.0024862638 0.0275148537
168900.0000000000 0.0024724022 0.0270146367
169000.0000000000 0.0024761550 0.0270393800
169100.0000000000 0.0024686228 0.0270492073
169200.0000000000 0.0024724215 0.0269800436
169300.0000000000 0.0024694605 0.0272621300
169400.0000000000 0.0024632740 0.0270972636
169500.0000000000 0.0024648622 0.0272405085
169600.0000000000 0.0024585272 0.0269977834
169700.0000000000 0.0024545604 0.0270542067
169800.0000000000 0.0024667293 0.0271462586
169900.0000000000 0.0024583264 0.0269640025
170000.0000000000 0.0024786741 0.0274223473
170100.0000000000 0.0024525436 0.0269599270
170200.0000000000 0.0024503249 0.0269490417
170300.0000000000 0.0024479722 0.0268430796
170400.0000000000 0.0024485386 0.0269569990
170500.0000000000 0.0024492724 0.0267778796
170600.0000000000 0.0024423901 0.0269057762
170700.0000000000 0.0024426554 0.0269330006
170800.0000000000 0.0024431574 0.0269332167
170900.0000000000 0.0024420856 0.0272235137
171000.0000000000 0.0024374229 0.0268589493
171100.0000000000 0.0024314923 0.0267097067
171200.0000000000 0.0024303254 0.0268816959
171300.0000000000 0.0024318808 0.0267493364
171400.0000000000 0.0024289225 0.0267700043
171500.0000000000 0.0024198551 0.0265567314
171600.0000000000 0.0024325955 0.0269495931
171700.0000000000 0.0024294904 0.0270547729
171800.0000000000 0.0024375915 0.0270316240
171900.0000000000 0.0024274977 0.0268064376
172000.0000000000 0.0024074074 0.0264633384
172100.0000000000 0.0024209649 0.0268622201
172200.0000000000 0.0024247095 0.0269153577
172300.0000000000 0.0024219430 0.0268116530
172400.0000000000 0.0024168270 0.0267716732
172500.0000000000 0.0024200563 0.0268167194
172600.0000000000 0.0024151915 0.0267937716
172700.0000000000 0.0024119019 0.0268197593
172800.0000000000 0.0024149781 0.0268986684
172900.0000000000 0.0024050193 0.0267201152
173000.0000000000 0.0024108710 0.0267204728
173100.0000000000 0.0024186865 0.0269993481
173200.0000000000 0.0024039303 0.0267217767
173300.0000000000 0.0024203725 0.0271095421
173400.0000000000 0.0024113025 0.0267782744
173500.0000000000 0.0024051185 0.0266951781
173600.0000000000 0.0024059582 0.0267606315
173700.0000000000 0.0024298294 0.0268843633
173800.0000000000 0.0024156155 0.0270696294
173900.0000000000 0.0023971719 0.0269147989
174000.0000000000 0.0023936664 0.0266938594
174100.0000000000 0.0024022051 0.0267570105
174200.0000000000 0.0023843801 0.0264591884
174300.0000000000 0.0023848398 0.0265641298
174400.0000000000 0.0023949338 0.0267371100
174500.0000000000 0.0023937867 0.0268541735
174600.0000000000 0.0023993353 0.0270878461
174700.0000000000 0.0023944416 0.0267973479
174800.0000000000 0.0023862187 0.0267907169
174900.0000000000 0.0023812497 0.0266190555
175000.0000000000 0.0024001180 0.0270672452
175100.0000000000 0.0023836014 0.0266385164
175200.0000000000 0.0023821230 0.0266354245
175300.0000000000 0.0023886494 0.0267002892
175400.0000000000 0.0023808683 0.0268437203
175500.0000000000 0.0023776038 0.0266604361
175600.0000000000 0.0023769356 0.0265319582
175700.0000000000 0.0023825547 0.0266636398
175800.0000000000 0.0023727575 0.0265826743
175900.0000000000 0.0023776050 0.0266418543
176000.0000000000 0.0023760450 0.0267203834
176100.0000000000 0.0023707645 0.0265495863
176200.0000000000 0.0023754160 0.0266558018
176300.0000000000 0.0023718042 0.0267156523
176400.0000000000 0.0023624083 0.0263350319
176500.0000000000 0.0023676844 0.0265739423
176600.0000000000 0.0023634009 0.0265764978
176700.0000000000 0.0023597568 0.0267263215
176800.0000000000 0.0023693425 0.0267238852
176900.0000000000 0.0023590454 0.0263889071
177000.0000000000 0.0023536180 0.0263000440
177100.0000000000 0.0023535389 0.0264591884
177200.0000000000 0.0023495099 0.0264739480
177300.0000000000 0.0023552269 0.0266069185
177400.0000000000 0.0023456560 0.0262566146
177500.0000000000 0.0023554227 0.0267141845
177600.0000000000 0.0023487677 0.0264268529
177700.0000000000 0.0023600968 0.0268201914
177800.0000000000 0.0023486608 0.0265031319
177900.0000000000 0.0023435218 0.0261381205
178000.0000000000 0.0023379152 0.0264532801
178100.0000000000 0.0023508072 0.0265550997
178200.0000000000 0.0023369286 0.0263256591
178300.0000000000 0.0023475382 0.0267771866
178400.0000000000 0.0023409043 0.0263445016
178500.0000000000 0.0023403129 0.0264620569
178600.0000000000 0.0023571218 0.0267839071
178700.0000000000 0.0023352424 0.0264681366
178800.0000000000 0.0023401247 0.0265778389
178900.0000000000 0.0023398526 0.0265555319
179000.0000000000 0.0023311775 0.0264478337
179100.0000000000 0.0023300129 0.0264486682
179200.0000000000 0.0023338647 0.0264460307
179300.0000000000 0.0023285990 0.0264756468
179400.0000000000 0.0023337804 0.0264297065
179500.0000000000 0.0023270181 0.0262861934
179600.0000000000 0.0023269659 0.0264186051
179700.0000000000 0.0023228166 0.0262808811
179800.0000000000 0.0023176546 0.0261757758
179900.0000000000 0.0023269610 0.0264309582
180000.0000000000 0.0023315756 0.0264622804
180100.0000000000 0.0023177152 0.0263062205
180200.0000000000 0.0023161416 0.0263011691
180300.0000000000 0.0023122751 0.0261838597
180400.0000000000 0.0023143628 0.0262139675
180500.0000000000 0.0023217399 0.0262227293
180600.0000000000 0.0023128238 0.0263581660
180700.0000000000 0.0023198462 0.0262011748
180800.0000000000 0.0023106154 0.0263521906
180900.0000000000 0.0023131786 0.0264397499
181000.0000000000 0.0023157303 0.0264984902
181100.0000000000 0.0023083926 0.0263608631
181200.0000000000 0.0023021383 0.0260508221
181300.0000000000 0.0023004391 0.0262506020
181400.0000000000 0.0022954374 0.0261743825
181500.0000000000 0.0023081337 0.0264197972
181600.0000000000 0.0023125800 0.0262370047
181700.0000000000 0.0022906099 0.0261031252
181800.0000000000 0.0022975524 0.0261122447
181900.0000000000 0.0022972251 0.0261910495
182000.0000000000 0.0022944795 0.0261917126
182100.0000000000 0.0023058392 0.0264137026
182200.0000000000 0.0023128545 0.0263557297
182300.0000000000 0.0022920261 0.0262548115
182400.0000000000 0.0022866904 0.0258915510
182500.0000000000 0.0022859817 0.0261654940
182600.0000000000 0.0022786974 0.0259066981
182700.0000000000 0.0022844304 0.0262703237
182800.0000000000 0.0022727783 0.0259097528
182900.0000000000 0.0022859480 0.0261662614
183000.0000000000 0.0023028494 0.0264606934
183100.0000000000 0.0022866287 0.0258925196
183200.0000000000 0.0022802418 0.0261899021
183300.0000000000 0.0022787898 0.0261010241
183400.0000000000 0.0022847401 0.0261886653
183500.0000000000 0.0022830035 0.0262150850
183600.0000000000 0.0022724949 0.0261106801
183700.0000000000 0.0022773465 0.0261649948
183800.0000000000 0.0023008055 0.0263163682
183900.0000000000 0.0022798967 0.0263137829
184000.0000000000 0.0022620380 0.0259747591
184100.0000000000 0.0022719914 0.0261217516
184200.0000000000 0.0022685829 0.0260564100
184300.0000000000 0.0022619783 0.0259194460
184400.0000000000 0.0022677791 0.0260568645
184500.0000000000 0.0022689553 0.0260378953
184600.0000000000 0.0022802506 0.0260743138
184700.0000000000 0.0022601003 0.0259600964
184800.0000000000 0.0022633443 0.0260864135
184900.0000000000 0.0022617769 0.0259713915
185000.0000000000 0.0022590600 0.0261676770
185100.0000000000 0.0022584252 0.0260206994
185200.0000000000 0.0022570901 0.0260105070
185300.0000000000 0.0022562776 0.0260478195
185400.0000000000 0.0022575150 0.0260313388
185500.0000000000 0.0022401962 0.0257698682
185600.0000000000 0.0022594528 0.0260483634
185700.0000000000 0.0022514722 0.0260016036
185800.0000000000 0.0022549036 0.0260612008
185900.0000000000 0.0022474123 0.0259238344
186000.0000000000 0.0022411084 0.0255866956
186100.0000000000 0.0022518388 0.0260108348
186200.0000000000 0.0022472911 0.0259839755
186300.0000000000 0.0022428478 0.0257630732
186400.0000000000 0.0022546913 0.0260616552
186500.0000000000 0.0022465104 0.0260530424
186600.0000000000 0.0022712520 0.0263945174
186700.0000000000 0.0022428794 0.0259935197
186800.0000000000 0.0022587315 0.0261331734
186900.0000000000 0.0022362395 0.0258454692
187000.0000000000 0.0022315525 0.0259817180
187100.0000000000 0.0022364084 0.0258646991
187200.0000000000 0.0022361127 0.0258803379
187300.0000000000 0.0022324923 0.0258692961
187400.0000000000 0.0022327045 0.0259787824
187500.0000000000 0.0022455433 0.0261201572
187600.0000000000 0.0022280466 0.0258421239
187700.0000000000 0.0022345827 0.0258283999
187800.0000000000 0.0022317031 0.0259644997
187900.0000000000 0.0022374176 0.0260330152
188000.0000000000 0.0022218379 0.0257304993
188100.0000000000 0.0022278328 0.0259269413
188200.0000000000 0.0022272220 0.0259109970
188300.0000000000 0.0022225672 0.0258085814
188400.0000000000 0.0022338677 0.0259280589
188500.0000000000 0.0022196217 0.0257586327
188600.0000000000 0.0022193170 0.0257243824
188700.0000000000 0.0022175867 0.0257855293
188800.0000000000 0.0022072123 0.0256420907
188900.0000000000 0.0022202611 0.0259619590
189000.0000000000 0.0022197016 0.0258858960
189100.0000000000 0.0022177727 0.0258737143
189200.0000000000 0.0022071651 0.0256235089
189300.0000000000 0.0022147603 0.0258015033
189400.0000000000 0.0022153554 0.0258445528
189500.0000000000 0.0022147224 0.0258154210
189600.0000000000 0.0022186332 0.0260759678
189700.0000000000 0.0022316780 0.0259907481
189800.0000000000 0.0022127202 0.0258615475
189900.0000000000 0.0022042941 0.0257811930
190000.0000000000 0.0022057783 0.0256853637
190100.0000000000 0.0022056305 0.0257862147
190200.0000000000 0.0022037140 0.0257610020
190300.0000000000 0.0022031096 0.0257483956
190400.0000000000 0.0021982345 0.0257115897
190500.0000000000 0.0021980051 0.0255870235
190600.0000000000 0.0021945719 0.0255612668
190700.0000000000 0.0021954660 0.0257243898
190800.0000000000 0.0021976713 0.0257885989
190900.0000000000 0.0021963726 0.0256826442
191000.0000000000 0.0021898833 0.0254959550
191100.0000000000 0.0021930098 0.0257218045
191200.0000000000 0.0021946518 0.0257865798
191300.0000000000 0.0022012144 0.0256827113
191400.0000000000 0.0021873621 0.0256945651
191500.0000000000 0.0021785837 0.0255228218
191600.0000000000 0.0021943113 0.0258836907
191700.0000000000 0.0021861970 0.0256511581
191800.0000000000 0.0021871494 0.0256398779
191900.0000000000 0.0021875032 0.0257099953
192000.0000000000 0.0021762893 0.0254374605
192100.0000000000 0.0021838130 0.0256776002
192200.0000000000 0.0021817087 0.0256313395
192300.0000000000 0.0021837482 0.0257740256
192400.0000000000 0.0021806680 0.0256270554
192500.0000000000 0.0021763701 0.0255563643
192600.0000000000 0.0021789735 0.0256621179
192700.0000000000 0.0021846004 0.0257148233
192800.0000000000 0.0021776596 0.0256556657
192900.0000000000 0.0021751845 0.0256428954
193000.0000000000 0.0021744194 0.0256161329
193100.0000000000 0.0021823800 0.0254411709
193200.0000000000 0.0021996796 0.0259888705
193300.0000000000 0.0021677989 0.0255775612
193400.0000000000 0.0021690685 0.0255755719
193500.0000000000 0.0021727509 0.0256817278
193600.0000000000 0.0021647377 0.0254318875
193700.0000000000 0.0021690730 0.0256187555
193800.0000000000 0.0021636385 0.0255463954
193900.0000000000 0.0021662087 0.0255949062
194000.0000000000 0.0021638195 0.0256105524
194100.0000000000 0.0021651335 0.0256344017
194200.0000000000 0.0021634701 0.0256236580
194300.0000000000 0.0021661830 0.0256878298
194400.0000000000 0.0021629534 0.0255880144
194500.0000000000 0.0021606718 0.0255403456
194600.0000000000 0.0021592364 0.0255595681
194700.0000000000 0.0021624217 0.0256285902
194800.0000000000 0.0021512046 0.0254889068
194900.0000000000 0.0021589889 0.0256433871
195000.0000000000 0.0021588063 0.0256479618
195100.0000000000 0.0021539716 0.0255377975
195200.0000000000 0.0021526097 0.0255232539
195300.0000000000 0.0021508967 0.0254708316
195400.0000000000 0.0021515034 0.0255015951
195500.0000000000 0.0021434010 0.0252778840
195600.0000000000 0.0021557287 0.0256862801
195700.0000000000 0.0021483595 0.0255016398
195800.0000000000 0.0021446117 0.0255805042
195900.0000000000 0.0021420750 0.0253529635
196000.0000000000 0.0021517981 0.0254847344
196100.0000000000 0.0021443036 0.0255585995
196200.0000000000 0.0021376133 0.0253724542
196300.0000000000 0.0021499733 0.0256481927
196400.0000000000 0.0021525049 0.0255218979
196500.0000000000 0.0021388540 0.0254495826
196600.0000000000 0.0021359942 0.0253888008
196700.0000000000 0.0021404314 0.0255311888
196800.0000000000 0.0021390938 0.0254878711
196900.0000000000 0.0021351150 0.0253857386
197000.0000000000 0.0021334244 0.0253973242
197100.0000000000 0.0021303907 0.0253803369
197200.0000000000 0.0021280451 0.0253705692
197300.0000000000 0.0021387247 0.0254605275
197400.0000000000 0.0021344155 0.0254849281
197500.0000000000 0.0021309657 0.0253273335
197600.0000000000 0.0021234212 0.0253835630
197700.0000000000 0.0021200844 0.0252417710
197800.0000000000 0.0021279880 0.0254119274
197900.0000000000 0.0021375179 0.0254257631
198000.0000000000 0.0021500009 0.0255617883
198100.0000000000 0.0021245336 0.0254222092
198200.0000000000 0.0021177494 0.0252806779
198300.0000000000 0.0021191529 0.0253316697
198400.0000000000 0.0021188546 0.0253203970
198500.0000000000 0.0021198795 0.0253390383
198600.0000000000 0.0021141149 0.0251966428
198700.0000000000 0.0021208478 0.0253597882
198800.0000000000 0.0021141239 0.0252805289
198900.0000000000 0.0021181118 0.0253037077
199000.0000000000 0.0021164001 0.0253411617
199100.0000000000 0.0021149627 0.0251676228
199200.0000000000 0.0021082995 0.0251803484
199300.0000000000 0.0021087123 0.0253150773
199400.0000000000 0.0021126911 0.0253650483
199500.0000000000 0.0021100016 0.0253022995
199600.0000000000 0.0021081325 0.0252530437
199700.0000000000 0.0021099184 0.0252613139
199800.0000000000 0.0021104133 0.0252748069
199900.0000000000 0.0021035381 0.0252016720
200000.0000000000 0.0021067546 0.0253629994
200100.0000000000 0.0021054221 0.0252670210
200200.0000000000 0.0021044205 0.0252588850
200300.0000000000 0.0021068212 0.0252981421
200400.0000000000 0.0021031040 0.0253064569
200500.0000000000 0.0021051823 0.0252546158
200600.0000000000 0.0020957090 0.0251239326
200700.0000000000 0.0021051290 0.0253528070
200800.0000000000 0.0021130442 0.0254109737
200900.0000000000 0.0020991313 0.0252901104
201000.0000000000 0.0020963074 0.0252828759
201100.0000000000 0.0020967928 0.0250265833
201200.0000000000 0.0021046954 0.0253579181
201300.0000000000 0.0020926616 0.0252034452
201400.0000000000 0.0020957298 0.0251915094
201500.0000000000 0.0020919142 0.0251937371
201600.0000000000 0.0021000545 0.0252608668
201700.0000000000 0.0020924899 0.0252488938
201800.0000000000 0.0020956680 0.0253173199
201900.0000000000 0.0020920136 0.0251010444
202000.0000000000 0.0020957109 0.0254039180
202100.0000000000 0.0020914514 0.0252378967
202200.0000000000 0.0020892483 0.0252842989
202300.0000000000 0.0020863151 0.0250956055
202400.0000000000 0.0020886055 0.0251911890
202500.0000000000 0.0020872445 0.0252256405
202600.0000000000 0.0020843144 0.0251426783
202700.0000000000 0.0020847271 0.0252542507
202800.0000000000 0.0020878721 0.0251912635
202900.0000000000 0.0020821805 0.0251972240
203000.0000000000 0.0020809294 0.0251623180
203100.0000000000 0.0020785180 0.0251146715
203200.0000000000 0.0020805335 0.0252111640
203300.0000000000 0.0020741643 0.0250818890
203400.0000000000 0.0020745974 0.0251313385
203500.0000000000 0.0020722693 0.0250353601
203600.0000000000 0.0020746870 0.0249871847
203700.0000000000 0.0020796286 0.0252555844
203800.0000000000 0.0020671408 0.0248574402
203900.0000000000 0.0020658942 0.0251277399
204000.0000000000 0.0020806626 0.0252182421
204100.0000000000 0.0020682280 0.0250196990
204200.0000000000 0.0020624714 0.0250765469
204300.0000000000 0.0020665207 0.0250126805
204400.0000000000 0.0020605256 0.0250722405
204500.0000000000 0.0020693654 0.0251153346
204600.0000000000 0.0020649545 0.0250896897
204700.0000000000 0.0020678910 0.0251220998
204800.0000000000 0.0020662823 0.0251280379
204900.0000000000 0.0020632402 0.0250609901
205000.0000000000 0.0020624560 0.0251903769
205100.0000000000 0.0020611816 0.0250568625
205200.0000000000 0.0020600288 0.0250468042
205300.0000000000 0.0020548781 0.0249985319
205400.0000000000 0.0020579556 0.0250450161
205500.0000000000 0.0020599462 0.0250757870
205600.0000000000 0.0020574151 0.0250408884
205700.0000000000 0.0020572203 0.0250775602
205800.0000000000 0.0020552434 0.0249114868
205900.0000000000 0.0020559913 0.0249428388
206000.0000000000 0.0020592678 0.0250993830
206100.0000000000 0.0020509990 0.0250346225
206200.0000000000 0.0020530042 0.0250405234
206300.0000000000 0.0020490599 0.0249931228
206400.0000000000 0.0020494623 0.0249940839
206500.0000000000 0.0020411355 0.0248399388
206600.0000000000 0.0020474296 0.0249473986
206700.0000000000 0.0020489747 0.0249934282
206800.0000000000 0.0020480847 0.0249368858
206900.0000000000 0.0020458782 0.0249905449
207000.0000000000 0.0020545054 0.0252078560
207100.0000000000 0.0020412088 0.0249558922
207200.0000000000 0.0020435348 0.0249459979
207300.0000000000 0.0020448464 0.0250697818
207400.0000000000 0.0020476083 0.0250091415
207500.0000000000 0.0020409138 0.0249291595
207600.0000000000 0.0020340688 0.0248433438
207700.0000000000 0.0020391839 0.0249494847
207800.0000000000 0.0020379409 0.0249283400
207900.0000000000 0.0020331905 0.0248220276
208000.0000000000 0.0020327406 0.0248539832
208100.0000000000 0.0020347326 0.0249551919
208200.0000000000 0.0020326975 0.0249129471
208300.0000000000 0.0020352593 0.0249567341
208400.0000000000 0.0020333675 0.0249251511
208500.0000000000 0.0020382829 0.0250541058
208600.0000000000 0.0020322674 0.0248947230
208700.0000000000 0.0020328250 0.0250258085
208800.0000000000 0.0020292751 0.0249573600
208900.0000000000 0.0020286052 0.0248596754
209000.0000000000 0.0020347211 0.0249869239
209100.0000000000 0.0020284127 0.0248893883
209200.0000000000 0.0020269722 0.0249119263
209300.0000000000 0.0020270456 0.0249068823
209400.0000000000 0.0020280649 0.0248747628
209500.0000000000 0.0020213970 0.0248716113
209600.0000000000 0.0020251821 0.0249369528
209700.0000000000 0.0020196434 0.0248146814
209800.0000000000 0.0020216200 0.0248305437
209900.0000000000 0.0020214571 0.0248465326
210000.0000000000 0.0020206806 0.0248552498
210100.0000000000 0.0020193809 0.0248507422
210200.0000000000 0.0020182846 0.0248427254
210300.0000000000 0.0020148514 0.0248085644
210400.0000000000 0.0020256139 0.0249855157
210500.0000000000 0.0020163628 0.0248152253
210600.0000000000 0.0020270444 0.0250226643
210700.0000000000 0.0020121809 0.0247781810
210800.0000000000 0.0020108746 0.0247889024
210900.0000000000 0.0020105227 0.0247309070
211000.0000000000 0.0020131445 0.0248212677
211100.0000000000 0.0020079281 0.0247680333
211200.0000000000 0.0020112998 0.0248027232
211300.0000000000 0.0020111843 0.0247878071
211400.0000000000 0.0020091144 0.0248106506
211500.0000000000 0.0020079959 0.0247715127
211600.0000000000 0.0020102800 0.0248168197
211700.0000000000 0.0020072091 0.0248218414
211800.0000000000 0.0020038946 0.0247541603
211900.0000000000 0.0020010244 0.0247309443
212000.0000000000 0.0019973749 0.0246363890
212100.0000000000 0.0020044156 0.0247945052
212200.0000000000 0.0020079083 0.0248026785
212300.0000000000 0.0020000232 0.0247096654
212400.0000000000 0.0020038758 0.0247880232
212500.0000000000 0.0019975736 0.0246799302
212600.0000000000 0.0019938544 0.0246383187
212700.0000000000 0.0019983378 0.0247313615
212800.0000000000 0.0019975386 0.0246693429
212900.0000000000 0.0019985432 0.0247319352
213000.0000000000 0.0019850213 0.0244351041
213100.0000000000 0.0020024804 0.0247088906
213200.0000000000 0.0019958815 0.0246196177
213300.0000000000 0.0019950691 0.0246684488
213400.0000000000 0.0019845222 0.0246585768
213500.0000000000 0.0019942279 0.0248011735
213600.0000000000 0.0019869168 0.0246413064
213700.0000000000 0.0019894793 0.0246656549
213800.0000000000 0.0019905705 0.0246865388
213900.0000000000 0.0019894403 0.0246949282
214000.0000000000 0.0019899201 0.0247217875
214100.0000000000 0.0019898443 0.0247206774
214200.0000000000 0.0019901483 0.0246996593
214300.0000000000 0.0019860851 0.0246656549
214400.0000000000 0.0019802655 0.0246964630
214500.0000000000 0.0019867820 0.0247990873
214600.0000000000 0.0019841334 0.0246937212
214700.0000000000 0.0019816619 0.0246424388
214800.0000000000 0.0019894148 0.0248164993
214900.0000000000 0.0019864513 0.0246816587
215000.0000000000 0.0019782948 0.0246354651
215100.0000000000 0.0019800970 0.0246520724
215200.0000000000 0.0019790861 0.0246419397
215300.0000000000 0.0019788750 0.0246610653
215400.0000000000 0.0019719123 0.0245813441
215500.0000000000 0.0019795414 0.0246995103
215600.0000000000 0.0019755375 0.0246028539
215700.0000000000 0.0019727459 0.0245909926
215800.0000000000 0.0019740246 0.0246672046
215900.0000000000 0.0019727614 0.0246157807
216000.0000000000 0.0019790643 0.0246612963
216100.0000000000 0.0019728002 0.0246075031
216200.0000000000 0.0019706252 0.0245824095
216300.0000000000 0.0019740301 0.0247060370
216400.0000000000 0.0019698467 0.0245948669
216500.0000000000 0.0019690812 0.0245751974
216600.0000000000 0.0019702628 0.0246604842
216700.0000000000 0.0019643815 0.0245392856
216800.0000000000 0.0019644576 0.0245141846
216900.0000000000 0.0019695262 0.0246170175
217000.0000000000 0.0019613626 0.0245428916
217100.0000000000 0.0019679227 0.0246910092
217200.0000000000 0.0019598025 0.0244835776
217300.0000000000 0.0019666328 0.0244547736
217400.0000000000 0.0019668690 0.0246282455
217500.0000000000 0.0019604314 0.0245298680
217600.0000000000 0.0019628370 0.0245826256
217700.0000000000 0.0019583026 0.0245251593
217800.0000000000 0.0019576265 0.0245382797
217900.0000000000 0.0019653665 0.0246693131
218000.0000000000 0.0019628556 0.0245534938
218100.0000000000 0.0019588348 0.0245548573
218200.0000000000 0.0019633193 0.0247380298
218300.0000000000 0.0019518608 0.0244583126
218400.0000000000 0.0019534468 0.0244481873
218500.0000000000 0.0019528568 0.0244475242
218600.0000000000 0.0019516430 0.0244929131
218700.0000000000 0.0019608814 0.0246122789
218800.0000000000 0.0019526070 0.0244950738
218900.0000000000 0.0019543898 0.0245308888
219000.0000000000 0.0019465599 0.0244052720
219100.0000000000 0.0019520874 0.0245235499
219200.0000000000 0.0019511704 0.0245399636
219300.0000000000 0.0019498380 0.0245090138
219400.0000000000 0.0019472531 0.0244494688
219500.0000000000 0.0019493751 0.0244362589
219600.0000000000 0.0019498452 0.0245948073
219700.0000000000 0.0019382568 0.0243554723
219800.0000000000 0.0019537958 0.0245639172
219900.0000000000 0.0019435833 0.0244454678
220000.0000000000 0.0019425352 0.0244479861
220100.0000000000 0.0019425636 0.0244473826
220200.0000000000 0.0019416610 0.0244381365
220300.0000000000 0.0019401649 0.0243302968
220400.0000000000 0.0019407248 0.0244386133
220500.0000000000 0.0019431069 0.0244457361
220600.0000000000 0.0019363619 0.0243713495
220700.0000000000 0.0019380438 0.0244412061
220800.0000000000 0.0019370687 0.0244176995
220900.0000000000 0.0019330587 0.0243528720
221000.0000000000 0.0019403381 0.0244783696
221100.0000000000 0.0019369724 0.0243769747
221200.0000000000 0.0019339878 0.0243914660
221300.0000000000 0.0019267997 0.0243265044
221400.0000000000 0.0019350787 0.0244176846
221500.0000000000 0.0019288520 0.0242511865
221600.0000000000 0.0019283472 0.0243257743
221700.0000000000 0.0019279220 0.0243182641
221800.0000000000 0.0019321957 0.0243135106
221900.0000000000 0.0019260797 0.0242913749
222000.0000000000 0.0019294944 0.0243610230
222100.0000000000 0.0019317039 0.0244027909
222200.0000000000 0.0019357800 0.0245040145
222300.0000000000 0.0019296997 0.0243746799
222400.0000000000 0.0019240179 0.0243741807
222500.0000000000 0.0019258007 0.0243821379
222600.0000000000 0.0019217964 0.0242566552
222700.0000000000 0.0019184427 0.0242451515
222800.0000000000 0.0019267135 0.0243871223
222900.0000000000 0.0019228302 0.0242829483
223000.0000000000 0.0019175288 0.0242401298
223100.0000000000 0.0019209126 0.0243209090
223200.0000000000 0.0019220182 0.0243164983
223300.0000000000 0.0019198499 0.0243099194
223400.0000000000 0.0019169284 0.0242519763
223500.0000000000 0.0019189097 0.0243194487
223600.0000000000 0.0019182743 0.0243085411
223700.0000000000 0.0019154877 0.0243133840
223800.0000000000 0.0019156328 0.0242886033
223900.0000000000 0.0019150567 0.0243170049
224000.0000000000 0.0019063011 0.0241944652
224100.0000000000 0.0019129121 0.0242844757
224200.0000000000 0.0019136717 0.0242970076
224300.0000000000 0.0019113989 0.0242610213
224400.0000000000 0.0019149475 0.0242644411
224500.0000000000 0.0019107439 0.0242422607
224600.0000000000 0.0019072294 0.0242154386
224700.0000000000 0.0019024427 0.0241204288
224800.0000000000 0.0019067943 0.0243092861
224900.0000000000 0.0019071771 0.0242306229
225000.0000000000 0.0019081588 0.0241997104
225100.0000000000 0.0019067960 0.0242454943
225200.0000000000 0.0019058612 0.0242368963
225300.0000000000 0.0019049487 0.0242373284
225400.0000000000 0.0018980172 0.0240045648
225500.0000000000 0.0019057940 0.0242558804
225600.0000000000 0.0019074900 0.0242761311
225700.0000000000 0.0019154385 0.0244454008
225800.0000000000 0.0019018236 0.0242205348
225900.0000000000 0.0018963598 0.0241716739
226000.0000000000 0.0018979528 0.0241808530
226100.0000000000 0.0019008509 0.0241144535
226200.0000000000 0.0019017635 0.0242409941
226300.0000000000 0.0018957604 0.0241838631
226400.0000000000 0.0018940679 0.0241613027
226500.0000000000 0.0018960375 0.0241604161
226600.0000000000 0.0018966599 0.0241998446
226700.0000000000 0.0019043854 0.0241673004
226800.0000000000 0.0018958195 0.0241936084
226900.0000000000 0.0018885147 0.0240021956
227000.0000000000 0.0018972787 0.0242136654
227100.0000000000 0.0018934095 0.0241920438
227200.0000000000 0.0018945461 0.0242063936
227300.0000000000 0.0018904633 0.0241574284
227400.0000000000 0.0018848853 0.0240227592
227500.0000000000 0.0018916127 0.0241471168
227600.0000000000 0.0018910763 0.0241900545
227700.0000000000 0.0018889333 0.0241495978
227800.0000000000 0.0018881387 0.0241320964
227900.0000000000 0.0018895248 0.0240929362
228000.0000000000 0.0018860816 0.0241199520
228100.0000000000 0.0018861924 0.0241678220
228200.0000000000 0.0018918286 0.0241682839
228300.0000000000 0.0018877752 0.0241790053
228400.0000000000 0.0018903882 0.0241582927
228500.0000000000 0.0018833593 0.0240703684
228600.0000000000 0.0018874907 0.0241613400
228700.0000000000 0.0018795773 0.0240484041
228800.0000000000 0.0018815343 0.0241027933
228900.0000000000 0.0018819128 0.0241719421
229000.0000000000 0.0018771973 0.0240808811
229100.0000000000 0.0018980629 0.0243991774
229200.0000000000 0.0018871894 0.0241677400
229300.0000000000 0.0018823654 0.0241723445
229400.0000000000 0.0018778998 0.0240886893
229500.0000000000 0.0018930758 0.0242488470
229600.0000000000 0.0018746172 0.0239852604
229700.0000000000 0.0018762389 0.0240969744
229800.0000000000 0.0018715927 0.0240389865
229900.0000000000 0.0018734242 0.0240617853
230000.0000000000 0.0018716656 0.0240283918
230100.0000000000 0.0018729448 0.0240580228
230200.0000000000 0.0018721753 0.0240504902
230300.0000000000 0.0018729255 0.0240643036
230400.0000000000 0.0018779667 0.0241558191
230500.0000000000 0.0018671175 0.0240329516
230600.0000000000 0.0018712722 0.0241290268
230700.0000000000 0.0018711720 0.0240191382
230800.0000000000 0.0018695088 0.0240712252
230900.0000000000 0.0018699887 0.0240239140
231000.0000000000 0.0018643522 0.0239482012
231100.0000000000 0.0018705264 0.0240766418
231200.0000000000 0.0018648032 0.0240082380
231300.0000000000 0.0018641315 0.0239879277
231400.0000000000 0.0018658900 0.0240132001
231500.0000000000 0.0018637655 0.0239807453
231600.0000000000 0.0018602536 0.0239154112
231700.0000000000 0.0018597431 0.0239634227
231800.0000000000 0.0018658353 0.0240640428
231900.0000000000 0.0018614391 0.0240091916
232000.0000000000 0.0018606618 0.0239835766
232100.0000000000 0.0018599060 0.0239633482
232200.0000000000 0.0018604085 0.0239748594
232300.0000000000 0.0018633440 0.0240365651
232400.0000000000 0.0018566585 0.0239561808
232500.0000000000 0.0018511056 0.0239014488
232600.0000000000 0.0018559205 0.0239534911
232700.0000000000 0.0018567654 0.0239312735
232800.0000000000 0.0018577058 0.0240439412
232900.0000000000 0.0018589908 0.0240031865
233000.0000000000 0.0018520416 0.0238907870
233100.0000000000 0.0018579747 0.0239392381
233200.0000000000 0.0018543408 0.0239412573
233300.0000000000 0.0018516963 0.0239154335
233400.0000000000 0.0018532754 0.0240030226
233500.0000000000 0.0018588081 0.0240230050
233600.0000000000 0.0018498983 0.0239194196
233700.0000000000 0.0018513979 0.0239490282
233800.0000000000 0.0018488765 0.0239113432
233900.0000000000 0.0018481090 0.0239019405
234000.0000000000 0.0018499384 0.0239883300
234100.0000000000 0.0018471563 0.0239284199
234200.0000000000 0.0018400614 0.0237989065
234300.0000000000 0.0018465397 0.0239088547
234400.0000000000 0.0018458811 0.0239011061
234500.0000000000 0.0018447145 0.0238462325
234600.0000000000 0.0018449432 0.0238920164
234700.0000000000 0.0018498794 0.0239965927
234800.0000000000 0.0018419403 0.0238605824
234900.0000000000 0.0018451599 0.0238220703
235000.0000000000 0.0018478494 0.0239317950
235100.0000000000 0.0018409354 0.0238670942
235200.0000000000 0.0018402719 0.0238605004
235300.0000000000 0.0018387799 0.0238461804
235400.0000000000 0.0018411324 0.0239050847
235500.0000000000 0.0018381030 0.0238620427
235600.0000000000 0.0018359199 0.0238289621
235700.0000000000 0.0018362358 0.0237840053
235800.0000000000 0.0018339064 0.0238110733
235900.0000000000 0.0018352447 0.0238270697
236000.0000000000 0.0018341576 0.0238225025
236100.0000000000 0.0018400729 0.0239381876
236200.0000000000 0.0018342200 0.0238261979
236300.0000000000 0.0018344345 0.0238299381
236400.0000000000 0.0018297241 0.0237826418
236500.0000000000 0.0018335600 0.0237898764
236600.0000000000 0.0018233328 0.0237117049
236700.0000000000 0.0018358891 0.0239194569
236800.0000000000 0.0018294340 0.0238064017
236900.0000000000 0.0018284860 0.0238041219
237000.0000000000 0.0018330401 0.0238416504
237100.0000000000 0.0018318506 0.0238410395
237200.0000000000 0.0018258091 0.0236836758
237300.0000000000 0.0018323083 0.0238803413
237400.0000000000 0.0018271403 0.0237747368
237500.0000000000 0.0018303265 0.0238254752
237600.0000000000 0.0018264257 0.0237618920
237700.0000000000 0.0018229113 0.0237548735
237800.0000000000 0.0018241611 0.0237566915
237900.0000000000 0.0018236006 0.0237618622
238000.0000000000 0.0018220154 0.0237556186
238100.0000000000 0.0018220216 0.0237490174
238200.0000000000 0.0018245320 0.0237982955
238300.0000000000 0.0018204909 0.0237379533
238400.0000000000 0.0018240151 0.0237615120
238500.0000000000 0.0018200753 0.0236911711
238600.0000000000 0.0018190600 0.0237428706
238700.0000000000 0.0018180172 0.0237015199
238800.0000000000 0.0018109691 0.0235816401
238900.0000000000 0.0018156572 0.0236816939
239000.0000000000 0.0018165018 0.0237095516
239100.0000000000 0.0018155491 0.0236706820
239200.0000000000 0.0018206941 0.0237424907
239300.0000000000 0.0018170980 0.0237199378
239400.0000000000 0.0018154662 0.0237293702
239500.0000000000 0.0018169250 0.0237093877
239600.0000000000 0.0018132187 0.0236987260
239700.0000000000 0.0018120562 0.0236611899
239800.0000000000 0.0018115718 0.0236990538
239900.0000000000 0.0018128017 0.0236926984
240000.0000000000 0.0018140831 0.0237634939
240100.0000000000 0.0018105095 0.0236841899
240200.0000000000 0.0018098113 0.0236790043
240300.0000000000 0.0018096587 0.0237088364
240400.0000000000 0.0018083817 0.0236485686
240500.0000000000 0.0018040011 0.0236076352
240600.0000000000 0.0018063960 0.0236421388
240700.0000000000 0.0018095357 0.0236960586
240800.0000000000 0.0018033428 0.0235951778
240900.0000000000 0.0018049839 0.0236369308
241000.0000000000 0.0018069305 0.0236782667
241100.0000000000 0.0018052988 0.0236696463
241200.0000000000 0.0018044911 0.0236366775
241300.0000000000 0.0018034526 0.0236434575
241400.0000000000 0.0018033795 0.0236539852
241500.0000000000 0.0018034949 0.0236615774
241600.0000000000 0.0018067414 0.0237266507
241700.0000000000 0.0018010076 0.0236452755
241800.0000000000 0.0018008723 0.0236335781
241900.0000000000 0.0017968630 0.0235494312
242000.0000000000 0.0017984919 0.0235650104
242100.0000000000 0.0017977704 0.0235954460
242200.0000000000 0.0017937743 0.0235480454
242300.0000000000 0.0017949273 0.0235644516
242400.0000000000 0.0017962893 0.0235859391
242500.0000000000 0.0017958515 0.0235746961
242600.0000000000 0.0017935614 0.0235705611
242700.0000000000 0.0017951186 0.0235829365
242800.0000000000 0.0017952510 0.0235971298
242900.0000000000 0.0017936214 0.0235835847
243000.0000000000 0.0017945527 0.0236246374
243100.0000000000 0.0017926048 0.0236063313
243200.0000000000 0.0017920716 0.0235832420
243300.0000000000 0.0017891337 0.0234951612
243400.0000000000 0.0017932301 0.0235800084
243500.0000000000 0.0017919416 0.0235908192
243600.0000000000 0.0017984138 0.0236386445
243700.0000000000 0.0017888796 0.0235607785
243800.0000000000 0.0017853365 0.0235159707
243900.0000000000 0.0017868782 0.0235186156
244000.0000000000 0.0017856259 0.0235134747
244100.0000000000 0.0017857390 0.0235130128
244200.0000000000 0.0017869347 0.0235739734
244300.0000000000 0.0017885467 0.0235669997
244400.0000000000 0.0017886091 0.0235813421
244500.0000000000 0.0017882327 0.0235308495
244600.0000000000 0.0017731526 0.0232882437
244700.0000000000 0.0017799624 0.0234985438
244800.0000000000 0.0017830291 0.0235005852
244900.0000000000 0.0017830006 0.0235288378
245000.0000000000 0.0017787143 0.0235004362
245100.0000000000 0.0017816698 0.0235084083
245200.0000000000 0.0017810202 0.0235037294
245300.0000000000 0.0017812878 0.0235187274
245400.0000000000 0.0017840244 0.0235471588
245500.0000000000 0.0017761693 0.0234544959
245600.0000000000 0.0017810418 0.0235042062
245700.0000000000 0.0017832696 0.0235810366
245800.0000000000 0.0017802947 0.0235063073
245900.0000000000 0.0017775909 0.0234886494
246000.0000000000 0.0017803437 0.0235188391
246100.0000000000 0.0017748060 0.0234519404
246200.0000000000 0.0017758892 0.0234905716
246300.0000000000 0.0017737714 0.0233995702
246400.0000000000 0.0017748264 0.0234209683
246500.0000000000 0.0017657162 0.0233272475
246600.0000000000 0.0017733351 0.0234700676
246700.0000000000 0.0017726143 0.0234681081
246800.0000000000 0.0017729548 0.0234719228
246900.0000000000 0.0017721095 0.0234475669
247000.0000000000 0.0017734944 0.0234761473
247100.0000000000 0.0017699994 0.0234277483
247200.0000000000 0.0017674191 0.0234223169
247300.0000000000 0.0017686393 0.0233937737
247400.0000000000 0.0017747177 0.0235491183
247500.0000000000 0.0017685085 0.0233934906
247600.0000000000 0.0017678676 0.0234373819
247700.0000000000 0.0017675810 0.0234290596
247800.0000000000 0.0017708725 0.0234698590
247900.0000000000 0.0017661189 0.0234105151
248000.0000000000 0.0017667524 0.0234247085
248100.0000000000 0.0017639672 0.0233801466
248200.0000000000 0.0017648159 0.0234069463
248300.0000000000 0.0017643923 0.0234129664
248400.0000000000 0.0017672069 0.0234622818
248500.0000000000 0.0017659355 0.0234560978
248600.0000000000 0.0017623279 0.0233392652
248700.0000000000 0.0017629317 0.0234531474
248800.0000000000 0.0017677754 0.0234610673
248900.0000000000 0.0017628740 0.0234207746
249000.0000000000 0.0017607449 0.0233851087
249100.0000000000 0.0017630100 0.0233993244
249200.0000000000 0.0017569546 0.0233228144
249300.0000000000 0.0017608979 0.0233893033
249400.0000000000 0.0017568467 0.0233078238
249500.0000000000 0.0017575193 0.0233523485
249600.0000000000 0.0017585253 0.0233599406
249700.0000000000 0.0017559076 0.0233286109
249800.0000000000 0.0017552252 0.0233285588
249900.0000000000 0.0017558130 0.0233496737
250000.0000000000 0.0017587740 0.0234133240
250100.0000000000 0.0017540699 0.0233305481
250200.0000000000 0.0017535050 0.0233273369
250300.0000000000 0.0017530126 0.0233237978
250400.0000000000 0.0017525483 0.0233198788
250500.0000000000 0.0017513538 0.0232808378
250600.0000000000 0.0017512160 0.0233094182
250700.0000000000 0.0017495782 0.0232624051
250800.0000000000 0.0017505639 0.0233139333
250900.0000000000 0.0017497750 0.0233015057
251000.0000000000 0.0017526089 0.0233462390
251100.0000000000 0.0017478331 0.0232915517
251200.0000000000 0.0017472539 0.0232795339
251300.0000000000 0.0017488882 0.0232972514
251400.0000000000 0.0017491834 0.0233491149
251500.0000000000 0.0017442326 0.0232497838
251600.0000000000 0.0017464938 0.0233018335
251700.0000000000 0.0017466294 0.0232776042
251800.0000000000 0.0017455895 0.0232706156
251900.0000000000 0.0017448808 0.0233201471
252000.0000000000 0.0017461026 0.0232979741
252100.0000000000 0.0017422331 0.0232575249
252200.0000000000 0.0017408709 0.0232247498
252300.0000000000 0.0017411753 0.0232435998
252400.0000000000 0.0017414151 0.0232499626
252500.0000000000 0.0017414118 0.0232316491
252600.0000000000 0.0017410958 0.0232339513
252700.0000000000 0.0017370381 0.0231801581
252800.0000000000 0.0017434432 0.0232942190
252900.0000000000 0.0017392658 0.0232404556
253000.0000000000 0.0017400578 0.0232533228
253100.0000000000 0.0017432871 0.0232896369
253200.0000000000 0.0017367011 0.0231997829
253300.0000000000 0.0017374556 0.0232293841
253400.0000000000 0.0017365494 0.0232183945
253500.0000000000 0.0017374590 0.0232148107
253600.0000000000 0.0017338906 0.0231834438
253700.0000000000 0.0017341508 0.0231920418
253800.0000000000 0.0017309945 0.0231726405
253900.0000000000 0.0017346057 0.0232179176
254000.0000000000 0.0017333337 0.0231542822
254100.0000000000 0.0017325031 0.0231895756
254200.0000000000 0.0017317919 0.0231783327
254300.0000000000 0.0017321657 0.0231721264
254400.0000000000 0.0017285684 0.0231790778
254500.0000000000 0.0017311217 0.0231807839
254600.0000000000 0.0017300485 0.0231894564
254700.0000000000 0.0017309967 0.0232006546
254800.0000000000 0.0017295689 0.0231662479
254900.0000000000 0.0017293542 0.0231820505
255000.0000000000 0.0017251726 0.0231070381
255100.0000000000 0.0017277888 0.0231592816
255200.0000000000 0.0017271356 0.0231534925
255300.0000000000 0.0017277673 0.0231683564
255400.0000000000 0.0017261277 0.0231479939
255500.0000000000 0.0017251311 0.0231407147
255600.0000000000 0.0017261312 0.0231565621
255700.0000000000 0.0017193581 0.0230721023
255800.0000000000 0.0017246853 0.0231382858
255900.0000000000 0.0017239059 0.0231348884
256000.0000000000 0.0017241070 0.0231560555
256100.0000000000 0.0017260108 0.0231697347
256200.0000000000 0.0017207015 0.0230843064
256300.0000000000 0.0017222569 0.0231333088
256400.0000000000 0.0017240700 0.0231597659
256500.0000000000 0.0017209538 0.0231335696
256600.0000000000 0.0017180531 0.0230636534
256700.0000000000 0.0017203775 0.0231349182
256800.0000000000 0.0017202750 0.0231186014
256900.0000000000 0.0017193977 0.0231043484
257000.0000000000 0.0017216161 0.0231531274
257100.0000000000 0.0017175535 0.0230909895
257200.0000000000 0.0017168889 0.0231020611
257300.0000000000 0.0017160958 0.0230686825
257400.0000000000 0.0017173848 0.0230918464
257500.0000000000 0.0017151906 0.0230717223
257600.0000000000 0.0017144008 0.0230448183
257700.0000000000 0.0017158871 0.0230961006
257800.0000000000 0.0017136766 0.0230526116
257900.0000000000 0.0017126948 0.0230533269
258000.0000000000 0.0017143854 0.0230812367
258100.0000000000 0.0017140893 0.0230649647
258200.0000000000 0.0017105403 0.0230303791
258300.0000000000 0.0017112396 0.0230491843
258400.0000000000 0.0017040794 0.0229180467
258500.0000000000 0.0017093472 0.0230447736
258600.0000000000 0.0017083672 0.0230250445
258700.0000000000 0.0017081092 0.0230089736
258800.0000000000 0.0017094797 0.0230366301
258900.0000000000 0.0017080833 0.0230233979
259000.0000000000 0.0017066629 0.0230072450
259100.0000000000 0.0017083655 0.0230286207
259200.0000000000 0.0017060387 0.0230125498
259300.0000000000 0.0017060567 0.0230086457
259400.0000000000 0.0017052260 0.0229892221
259500.0000000000 0.0017076252 0.0230277267
259600.0000000000 0.0017016918 0.0229897138
259700.0000000000 0.0017084679 0.0230931875
259800.0000000000 0.0017053867 0.0230201420
259900.0000000000 0.0017047507 0.0229995858
260000.0000000000 0.0017043909 0.0230192032
260100.0000000000 0.0017026785 0.0229890507
260200.0000000000 0.0017023256 0.0229858693
260300.0000000000 0.0017014734 0.0229833957
260400.0000000000 0.0017064353 0.0230434027
260500.0000000000 0.0017016259 0.0230022233
260600.0000000000 0.0016979737 0.0229399141
260700.0000000000 0.0017014263 0.0229929027
260800.0000000000 0.0017018384 0.0229676899
260900.0000000000 0.0016948610 0.0228995841
261000.0000000000 0.0016996352 0.0229940500
261100.0000000000 0.0016993443 0.0229574900
261200.0000000000 0.0016967747 0.0229409349
261300.0000000000 0.0016968054 0.0229425069
261400.0000000000 0.0016967152 0.0229516264
261500.0000000000 0.0016951832 0.0229066771
261600.0000000000 0.0016938607 0.0229136434
261700.0000000000 0.0016964853 0.0229542490
261800.0000000000 0.0016933153 0.0229197380
261900.0000000000 0.0016965757 0.0229569834
262000.0000000000 0.0016961978 0.0229608801
262100.0000000000 0.0016951314 0.0229588237
262200.0000000000 0.0016929457 0.0229273897
262300.0000000000 0.0016928812 0.0229350712
262400.0000000000 0.0016950000 0.0229435947
262500.0000000000 0.0016899442 0.0228856739
262600.0000000000 0.0016881225 0.0228681054
262700.0000000000 0.0016906235 0.0229055148
262800.0000000000 0.0016912875 0.0229234483
262900.0000000000 0.0016875276 0.0228832525
263000.0000000000 0.0016930872 0.0229436990
263100.0000000000 0.0016871075 0.0228582483
263200.0000000000 0.0016894808 0.0228800264
263300.0000000000 0.0016839067 0.0228308227
263400.0000000000 0.0016895032 0.0229203862
263500.0000000000 0.0016859517 0.0228734251
263600.0000000000 0.0016863558 0.0228615266
263700.0000000000 0.0016939605 0.0229669746
263800.0000000000 0.0016875611 0.0229170557
263900.0000000000 0.0016881333 0.0229169067
264000.0000000000 0.0016831029 0.0228201684
264100.0000000000 0.0016835430 0.0228592243
264200.0000000000 0.0016827665 0.0228550222
264300.0000000000 0.0016849521 0.0228943166
264400.0000000000 0.0016823908 0.0228640076
264500.0000000000 0.0016846021 0.0228832897
264600.0000000000 0.0016814177 0.0228494119
264700.0000000000 0.0016838315 0.0228979972
264800.0000000000 0.0016824173 0.0228609827
264900.0000000000 0.0016784056 0.0228272241
265000.0000000000 0.0016795820 0.0228418794
265100.0000000000 0.0016790136 0.0228283938
265200.0000000000 0.0016783699 0.0228219938
265300.0000000000 0.0016772597 0.0228170466
265400.0000000000 0.0016784174 0.0228303235
265500.0000000000 0.0016804224 0.0228615489
265600.0000000000 0.0016773743 0.0228357103
265700.0000000000 0.0016764450 0.0228068989
265800.0000000000 0.0016735253 0.0227794733
265900.0000000000 0.0016774368 0.0228567954
266000.0000000000 0.0016762981 0.0228217330
266100.0000000000 0.0016740536 0.0227913421
266200.0000000000 0.0016743690 0.0227951717
266300.0000000000 0.0016705622 0.0227464300
266400.0000000000 0.0016758165 0.0228271123
266500.0000000000 0.0016735439 0.0228047606
266600.0000000000 0.0016707105 0.0227636632
266700.0000000000 0.0016713704 0.0227793914
266800.0000000000 0.0016712971 0.0227720004
266900.0000000000 0.0016733605 0.0227994856
267000.0000000000 0.0016707850 0.0227757853
267100.0000000000 0.0016684859 0.0227352318
267200.0000000000 0.0016693025 0.0227652427
267300.0000000000 0.0016678081 0.0227583360
267400.0000000000 0.0016667610 0.0227129694
267500.0000000000 0.0016673889 0.0227422204
267600.0000000000 0.0016658335 0.0227178123
267700.0000000000 0.0016669093 0.0227403131
267800.0000000000 0.0016639504 0.0226952222
267900.0000000000 0.0016654159 0.0227326241
268000.0000000000 0.0016645209 0.0227043640
268100.0000000000 0.0016655859 0.0227687296
268200.0000000000 0.0016652240 0.0227505651
268300.0000000000 0.0016624750 0.0227021288
268400.0000000000 0.0016628444 0.0227006611
268500.0000000000 0.0016643234 0.0227243763
268600.0000000000 0.0016610735 0.0226892393
268700.0000000000 0.0016610401 0.0226910796
268800.0000000000 0.0016620385 0.0227075752
268900.0000000000 0.0016636163 0.0227238175
269000.0000000000 0.0016634443 0.0227255833
269100.0000000000 0.0016622868 0.0227137592
269200.0000000000 0.0016603732 0.0226871681
269300.0000000000 0.0016621934 0.0227306497
269400.0000000000 0.0016586186 0.0226568219
269500.0000000000 0.0016585960 0.0226872053
269600.0000000000 0.0016580276 0.0226878610
269700.0000000000 0.0016580363 0.0226801645
269800.0000000000 0.0016582789 0.0226742041
269900.0000000000 0.0016585725 0.0226993200
270000.0000000000 0.0016589814 0.0226899918
270100.0000000000 0.0016562134 0.0226670292
270200.0000000000 0.0016557055 0.0226623055
270300.0000000000 0.0016588958 0.0226976734
270400.0000000000 0.0016544204 0.0226510253
270500.0000000000 0.0016541456 0.0226483133
270600.0000000000 0.0016521396 0.0226316240
270700.0000000000 0.0016544956 0.0226652559
270800.0000000000 0.0016539035 0.0226321008
270900.0000000000 0.0016523035 0.0226396185
271000.0000000000 0.0016550261 0.0226717454
271100.0000000000 0.0016540337 0.0226705011
271200.0000000000 0.0016528089 0.0226457578
271300.0000000000 0.0016514194 0.0226380986
271400.0000000000 0.0016496517 0.0226162684
271500.0000000000 0.0016485318 0.0225965839
271600.0000000000 0.0016500430 0.0226384562
271700.0000000000 0.0016484390 0.0225994896
271800.0000000000 0.0016493503 0.0226314005
271900.0000000000 0.0016487263 0.0226280775
272000.0000000000 0.0016476622 0.0226071339
272100.0000000000 0.0016466196 0.0226018813
272200.0000000000 0.0016490053 0.0226312813
272300.0000000000 0.0016451930 0.0225735169
272400.0000000000 0.0016452192 0.0225911748
272500.0000000000 0.0016459064 0.0225952577
272600.0000000000 0.0016460575 0.0226065602
272700.0000000000 0.0016449915 0.0225883361
272800.0000000000 0.0016425278 0.0225470525
272900.0000000000 0.0016435955 0.0225764003
273000.0000000000 0.0016432957 0.0225339543
273100.0000000000 0.0016421534 0.0225525212
273200.0000000000 0.0016420809 0.0225328368
273300.0000000000 0.0016432123 0.0225907427
273400.0000000000 0.0016425773 0.0225707081
273500.0000000000 0.0016412376 0.0225603666
273600.0000000000 0.0016411977 0.0225445342
273700.0000000000 0.0016417961 0.0225617301
273800.0000000000 0.0016412080 0.0225670647
273900.0000000000 0.0016404840 0.0225527298
274000.0000000000 0.0016395598 0.0225490567
274100.0000000000 0.0016372319 0.0225227636
274200.0000000000 0.0016370650 0.0225228306
274300.0000000000 0.0016402542 0.0225675788
274400.0000000000 0.0016387836 0.0225506660
274500.0000000000 0.0016362740 0.0225237545
274600.0000000000 0.0016364998 0.0225273084
274700.0000000000 0.0016357684 0.0225155738
274800.0000000000 0.0016328946 0.0224703562
274900.0000000000 0.0016345183 0.0225051653
275000.0000000000 0.0016390037 0.0225528863
275100.0000000000 0.0016345255 0.0225105074
275200.0000000000 0.0016340938 0.0225052920
275300.0000000000 0.0016343866 0.0225087788
275400.0000000000 0.0016331734 0.0224966716
275500.0000000000 0.0016375494 0.0225335222
275600.0000000000 0.0016305523 0.0224631291
275700.0000000000 0.0016321695 0.0224923130
275800.0000000000 0.0016313078 0.0224965077
275900.0000000000 0.0016307326 0.0224791702
276000.0000000000 0.0016317205 0.0224879768
276100.0000000000 0.0016298133 0.0224725020
276200.0000000000 0.0016270313 0.0224482280
276300.0000000000 0.0016298660 0.0224939447
276400.0000000000 0.0016286445 0.0224528473
276500.0000000000 0.0016304728 0.0224927005
276600.0000000000 0.0016272230 0.0224347201
276700.0000000000 0.0016273653 0.0224556785
276800.0000000000 0.0016274050 0.0224483248
276900.0000000000 0.0016264414 0.0224504482
277000.0000000000 0.0016241087 0.0224186268
277100.0000000000 0.0016258616 0.0224418801
277200.0000000000 0.0016256038 0.0224427816
277300.0000000000 0.0016256584 0.0224465888
277400.0000000000 0.0016244426 0.0224288788
277500.0000000000 0.0016256179 0.0224673014
277600.0000000000 0.0016238344 0.0224314567
277700.0000000000 0.0016220921 0.0224087920
277800.0000000000 0.0016234053 0.0224308234
277900.0000000000 0.0016237290 0.0224338111
278000.0000000000 0.0016251690 0.0224397566
278100.0000000000 0.0016228572 0.0224360090
278200.0000000000 0.0016213302 0.0224120405
278300.0000000000 0.0016218090 0.0224247363
278400.0000000000 0.0016233576 0.0224324998
278500.0000000000 0.0016213215 0.0224137467
278600.0000000000 0.0016199064 0.0224164959
278700.0000000000 0.0016174634 0.0223818358
278800.0000000000 0.0016187940 0.0223916333
278900.0000000000 0.0016181506 0.0223802414
279000.0000000000 0.0016179657 0.0223843169
279100.0000000000 0.0016196136 0.0224030625
279200.0000000000 0.0016175790 0.0223685440
279300.0000000000 0.0016157585 0.0223446425
279400.0000000000 0.0016174795 0.0223990094
279500.0000000000 0.0016150708 0.0223639917
279600.0000000000 0.0016150640 0.0223643568
279700.0000000000 0.0016162200 0.0223725673
279800.0000000000 0.0016123824 0.0222936806
279900.0000000000 0.0016148759 0.0223640289
280000.0000000000 0.0016154238 0.0223900464
280100.0000000000 0.0016137264 0.0223549839
280200.0000000000 0.0016133068 0.0223495897
280300.0000000000 0.0016130756 0.0223487702
280400.0000000000 0.0016163616 0.0224075850
280500.0000000000 0.0016120345 0.0223436814
280600.0000000000 0.0016118899 0.0223473471
280700.0000000000 0.0016094966 0.0223200482
280800.0000000000 0.0016110356 0.0223410514
280900.0000000000 0.0016094919 0.0223122698
281000.0000000000 0.0016108003 0.0223424893
281100.0000000000 0.0016097781 0.0223279383
281200.0000000000 0.0016095837 0.0223225218
281300.0000000000 0.0016081654 0.0223154959
281400.0000000000 0.0016106824 0.0223419976
281500.0000000000 0.0016078225 0.0223123368
281600.0000000000 0.0016074737 0.0222941127
281700.0000000000 0.0016086735 0.0223257330
281800.0000000000 0.0016070553 0.0222978529
281900.0000000000 0.0016077026 0.0223202940
282000.0000000000 0.0016061073 0.0222977635
282100.0000000000 0.0016067913 0.0223258000
282200.0000000000 0.0016052423 0.0222782281
282300.0000000000 0.0016061113 0.0223130148
282400.0000000000 0.0016066098 0.0223065924
282500.0000000000 0.0016062083 0.0223153767
282600.0000000000 0.0016044444 0.0222913262
282700.0000000000 0.0016036549 0.0222846505
282800.0000000000 0.0016025448 0.0222715970
282900.0000000000 0.0016035339 0.0222927865
283000.0000000000 0.0016075655 0.0223393228
283100.0000000000 0.0016007720 0.0222560551
283200.0000000000 0.0016029334 0.0222817447
283300.0000000000 0.0016029218 0.0222713884
283400.0000000000 0.0016006429 0.0222462427
283500.0000000000 0.0016021123 0.0222786378
283600.0000000000 0.0015996870 0.0222597208
283700.0000000000 0.0015991529 0.0222284358
283800.0000000000 0.0015983340 0.0222453710
283900.0000000000 0.0015994995 0.0222560477
284000.0000000000 0.0015977454 0.0222326901
284100.0000000000 0.0015950711 0.0221987453
284200.0000000000 0.0015971401 0.0222330626
284300.0000000000 0.0015963120 0.0222168204
284400.0000000000 0.0015952117 0.0222060096
284500.0000000000 0.0015962772 0.0222153079
284600.0000000000 0.0015959722 0.0222230565
284700.0000000000 0.0015973588 0.0222507205
284800.0000000000 0.0015955594 0.0221996691
284900.0000000000 0.0015948252 0.0222128492
285000.0000000000 0.0015936894 0.0222049963
285100.0000000000 0.0015940252 0.0222064417
285200.0000000000 0.0015935829 0.0222035732
285300.0000000000 0.0015922958 0.0221895140
285400.0000000000 0.0015939771 0.0222256493
285500.0000000000 0.0015928069 0.0222004589
285600.0000000000 0.0015920037 0.0221935969
285700.0000000000 0.0015914763 0.0221830245
285800.0000000000 0.0015929031 0.0222129461
285900.0000000000 0.0015905168 0.0221758496
286000.0000000000 0.0015932247 0.0222191375
286100.0000000000 0.0015905878 0.0221901846
286200.0000000000 0.0015905208 0.0221824359
286300.0000000000 0.0015868918 0.0221267131
286400.0000000000 0.0015901581 0.0221775856
286500.0000000000 0.0015888439 0.0221542429
286600.0000000000 0.0015890395 0.0221828308
286700.0000000000 0.0015868845 0.0221340444
286800.0000000000 0.0015894021 0.0221789714
286900.0000000000 0.0015876868 0.0221725490
287000.0000000000 0.0015849873 0.0221236434
287100.0000000000 0.0015859117 0.0221381497
287200.0000000000 0.0015858949 0.0221497801
287300.0000000000 0.0015869538 0.0221722063
287400.0000000000 0.0015843021 0.0221221980
287500.0000000000 0.0015826635 0.0221187707
287600.0000000000 0.0015842418 0.0221408245
287700.0000000000 0.0015867012 0.0221743074
287800.0000000000 0.0015802253 0.0220632639
287900.0000000000 0.0015832608 0.0221317124
288000.0000000000 0.0015826593 0.0221135106
288100.0000000000 0.0015822771 0.0221164015
288200.0000000000 0.0015815873 0.0221029904
288300.0000000000 0.0015825731 0.0221237477
288400.0000000000 0.0015827469 0.0221210506
288500.0000000000 0.0015811251 0.0221159395
288600.0000000000 0.0015822061 0.0221320924
288700.0000000000 0.0015804622 0.0221029457
288800.0000000000 0.0015784008 0.0220698726
288900.0000000000 0.0015813257 0.0221219000
289000.0000000000 0.0015789849 0.0220874634
289100.0000000000 0.0015748630 0.0220252212
289200.0000000000 0.0015785557 0.0220997121
289300.0000000000 0.0015761624 0.0220500019
289400.0000000000 0.0015766217 0.0220612225
289500.0000000000 0.0015755973 0.0220590171
289600.0000000000 0.0015778634 0.0220844534
289700.0000000000 0.0015775294 0.0220942956
289800.0000000000 0.0015761415 0.0220718321
289900.0000000000 0.0015754261 0.0220647093
290000.0000000000 0.0015767506 0.0220910546
290100.0000000000 0.0015749883 0.0220602241
290200.0000000000 0.0015746236 0.0220564913
290300.0000000000 0.0015743649 0.0220557314
290400.0000000000 0.0015732243 0.0220358309
290500.0000000000 0.0015726087 0.0220306006
290600.0000000000 0.0015732615 0.0220491078
290700.0000000000 0.0015723975 0.0220374253
290800.0000000000 0.0015737073 0.0220522371
290900.0000000000 0.0015725822 0.0220465076
291000.0000000000 0.0015717021 0.0220329624
291100.0000000000 0.0015707399 0.0220318821
291200.0000000000 0.0015711494 0.0220205274
291300.0000000000 0.0015710056 0.0220261377
291400.0000000000 0.0015692395 0.0220008876
291500.0000000000 0.0015695777 0.0220140901
291600.0000000000 0.0015695669 0.0220160570
291700.0000000000 0.0015691440 0.0220047620
291800.0000000000 0.0015698352 0.0220394742
291900.0000000000 0.0015702578 0.0220394966
292000.0000000000 0.0015683442 0.0220082637
292100.0000000000 0.0015676197 0.0220052090
292200.0000000000 0.0015662188 0.0219742891
292300.0000000000 0.0015665855 0.0219934371
292400.0000000000 0.0015665908 0.0219781783
292500.0000000000 0.0015660158 0.0219852638
292600.0000000000 0.0015657150 0.0219842952
292700.0000000000 0.0015654359 0.0219805997
292800.0000000000 0.0015673601 0.0220112291
292900.0000000000 0.0015645143 0.0219824624
293000.0000000000 0.0015647650 0.0219858151
293100.0000000000 0.0015632378 0.0219613996
293200.0000000000 0.0015646171 0.0219853457
293300.0000000000 0.0015633222 0.0219646182
293400.0000000000 0.0015626831 0.0219595220
293500.0000000000 0.0015637669 0.0219825145
293600.0000000000 0.0015622340 0.0219579351
293700.0000000000 0.0015625348 0.0219688203
293800.0000000000 0.0015608025 0.0219416704
293900.0000000000 0.0015616013 0.0219629344
294000.0000000000 0.0015613483 0.0219559979
294100.0000000000 0.0015615667 0.0219567802
294200.0000000000 0.0015609474 0.0219443079
294300.0000000000 0.0015612047 0.0219651100
294400.0000000000 0.0015589240 0.0219304648
294500.0000000000 0.0015577819 0.0219086420
294600.0000000000 0.0015587543 0.0219424006
294700.0000000000 0.0015612811 0.0219723892
294800.0000000000 0.0015585809 0.0219313737
294900.0000000000 0.0015575695 0.0219229546
295000.0000000000 0.0015560338 0.0219028082
295100.0000000000 0.0015569842 0.0219210919
295200.0000000000 0.0015565267 0.0219150868
295300.0000000000 0.0015566989 0.0219218072
295400.0000000000 0.0015544597 0.0218985912
295500.0000000000 0.0015548318 0.0219056394
295600.0000000000 0.0015544338 0.0218871694
295700.0000000000 0.0015554979 0.0219150197
295800.0000000000 0.0015539570 0.0218863350
295900.0000000000 0.0015545994 0.0218977716
296000.0000000000 0.0015532163 0.0218863201
296100.0000000000 0.0015528206 0.0218859103
296200.0000000000 0.0015510785 0.0218589317
296300.0000000000 0.0015517730 0.0218638864
296400.0000000000 0.0015521708 0.0218778488
296500.0000000000 0.0015529541 0.0218973544
296600.0000000000 0.0015513839 0.0218767759
296700.0000000000 0.0015519594 0.0218835783
296800.0000000000 0.0015507040 0.0218788844
296900.0000000000 0.0015509216 0.0218701896
297000.0000000000 0.0015508916 0.0218821328
297100.0000000000 0.0015497070 0.0218633797
297200.0000000000 0.0015493075 0.0218543794
297300.0000000000 0.0015487850 0.0218535003
297400.0000000000 0.0015505922 0.0218847033
297500.0000000000 0.0015492632 0.0218590509
297600.0000000000 0.0015485070 0.0218507137
297700.0000000000 0.0015483804 0.0218503487
297800.0000000000 0.0015484012 0.0218635436
297900.0000000000 0.0015487690 0.0218608912
298000.0000000000 0.0015472122 0.0218469810
298100.0000000000 0.0015454653 0.0218163517
298200.0000000000 0.0015466103 0.0218377125
298300.0000000000 0.0015452104 0.0218277064
298400.0000000000 0.0015465226 0.0218247038
298500.0000000000 0.0015437046 0.0217995655
298600.0000000000 0.0015466225 0.0218580973
298700.0000000000 0.0015448883 0.0218212392
298800.0000000000 0.0015434018 0.0218011376
298900.0000000000 0.0015460618 0.0218330708
299000.0000000000 0.0015431736 0.0218075525
299100.0000000000 0.0015436430 0.0218204867
299200.0000000000 0.0015428406 0.0218044456
299300.0000000000 0.0015427804 0.0218102198
299400.0000000000 0.0015431309 0.0218226400
299500.0000000000 0.0015413216 0.0217941936
299600.0000000000 0.0015422134 0.0218169924
299700.0000000000 0.0015401128 0.0217808869
299800.0000000000 0.0015404190 0.0217844855
299900.0000000000 0.0015392946 0.0217750158
300000.0000000000 0.0015402460 0.0217852976
